한국에 유통중인,중국 생수,3,"['백산수 이름부터가 백두산이라 물 어떻게떠오지했는데 중국에서 가져오는거구나', '이거 초딩때 처음 나왔을때부터 불매ㅋㅋ']"
중국인친구,"너무 착하고 순수하다
먹을거생기면 꼭 나눠줄라고하고
식당에서 음식사면 다 자기가 계산할려하고
한국말로 농담하면 못알아들어도 웃어주고
내가 아는 중국인이 맞나",0,"['중국인도 심성은 착한사람 많음 근데 그런사람도 홍콩이나 대만 이슈같은거에는 돌변하더라', '내가 아는 쭝국친구도 착함... 다만 정치얘기는 하는 순간 친구 한 명 잃을 것 같아서 안 한다']"
인터넷 남녀갈등을 봉합한 놀라운 주제,"그것은 중국이였구요..

진짜 신기하게 한수접고 협조하더라
ㅋㅋㅋㅋ",0,['원래 외부의 적이 필요함']
근데 중국인들은,"일본 제국주의나 나치 비판 안해?
그런데 어떻게 위구르 수용소는 옹호하지?
조작이라고 생각하나?",0,"['중화사상에 세뇌되서 그런거지', '어떻게 국가가 수용소를 운영하는데 내부반발이 없는거지...', '너도 그렇게 생각해?', 'ㅋㅋㅋㅋㅋㅋㅋ19세기', '내로남불이라']"
아니 왜이렇게 중국을 못잃음,빡치네,6,"['와 민원감이다', '아니 ㅅㅂ 돈받고 일하는거 맞냐고']"
ibt플렉스 중국어 어떤가요?,"ibt플렉스로도 졸업된다고 해서
보려고 하는데 정보가 없어서ㅜㅜ

플렉스 정식시험?인 pbt랑 똑같이 나오나요?",0,[]
강원도 차이나타운 청원!!!,"강원도 지사 최문순이 50만명이 넘은 국민청원에도 불구하고 차이나타운 추진을 강행한다고 합니다!

최문순은 강원도 차이나타운에 대한 반대를 가짜뉴스로 몰아 추진을 계속하고 있으며,
강원도 차이나 타운건설은 중국 공산당이 개입해있고 중국을 위한 건설에 우리나라 국민들의 세금이 쓰인다고 합니다.

모두 강원도 지사 최문순에 대한 탄핵 청원에 동의해주시길 바랍니다.

청원링크
https://www1.president.go.kr/petitions/Temp/y6Xtx5",30,"['저는 공산당이 싫어요...', '참고로 네이버, 카톡 등 계정 마다 한번씩 동의 가능합니다! 많이 동의해 주세요!!', '매국노.. 최완용', '아직도 나라를 팔아먹으려는 사람이 있다는게 소름이네', '대통령이 앞장서서 팔아넘기는데 뭘ㅋㅋ', '진짜 존나 싫다;;', '아니 진짜 이게 아무렇지 않게 추진된다는게 놀랍다 ㅋㅋㅋㅋㅋㅋㅋ']"
모르겠고 일본 지진나라,중국은 빨리 착해지고??,0,"['난 일본 좋은뎅..', '지진선넘네 ㅋㅋ', '짱깨나 쪽바리나 둘다 지구 암임', '선넘네 귀칼 무시하냐?', '...?']"
중국의 한국전 묘사,아 ㅋㅋ,2,"['짱해전술', '병신들', '핵을 열 방 정도 떨궜어야 하는데']"
중국 코로나 감염자수,뜬금이긴 한데 중국 코로나 감염자 수가 이렇게 적었나...? 왜 9만명밖에 안돼,0,"['저걸 믿냐. 1/20만 발표한다 그게 대륙의 법칙임.', '경제성장률도 조작하는 나라인데 뭘...', '짱깨 통계를 믿어?']"
중국 유학생들,한국말 드럽게 못하면서 왜온거임 교수님이 말시키면 대답이라도 좀 하던가,4,['ㄹㅇ 영어라도잘하던가 ㅡㅡ 중국인 싫어하지는않지만 이건 ㅇㅈ임']
(장문)본인이 처음 중국에 반감을 갖게된 ssul.,"요새 중국이 한복, 민요, 김치 등등 자기네들 거라고 주장하는 뉴스들 보면 문득 본인 중국여행때 있었던 썰이 생각나

중3때 심천이라는 중국 남부 도시로 가족여행을 간적이 있어 일정 중에 중국 소수 민족들의 전통 공연이 있어서 공연을 봤는데

첨엔 진짜 한족 말고도 여러 소수민족들이 많다는걸 느꼈지 근데....저 사진처럼 한복을 입고 조선족이라고 소개하면서 풍물 놀이를 보여줬어

그걸 보고 첨엔 정말 머리가 띵하더라 물론 중국의 소수민족 중에 조선족이 있다는건 알고 있었지만...
학교 역사시간에 배우던 동북공정이 생각나면서

어쩌면 중국이 조선족을 내세우고 우리나라가 중국의 소수민족중 하나라고 말할거같아서 되게 놀랐고 소름끼쳤어

근데 아리랑 부르고 전통민요를 부르는 공연을 보면서 아무생각 없이 좋아하고 웃고 떼창하는 단체여행하러온 한국 관광객들 보면서 살짝 화가나더라... 우리 문화가 뺏길 수도 있을거같은데..

하여튼 이 사건 이후로 중국에 대해 반감을 가진거같어",6,"['동북공정 순조롭다잖음 개빡침 진짜', '그치 그땐 학교에서만 배웠던 동북공정이 실제로 일어나고 있을줄은 몰랐지', '난 동남아 혐오하게된 계기가있는데 옛날에 펜팔사이트에서 외국친구랑 언어교환할라했는데 동남아애들이 한국연예인들 지 얼굴로 박아놓고 다니더라고 ㅋㅋ 그때부터 동남아애들 극혐함;; 동북아시아랑 생긴것도 다른것들이 왜 한국연예인들 지얼굴이라하는지 ㅋㅋ', 'ㅋㅋㅋㅋㅋㅋㅋㅋㅋ왜 귀엽지 근데', '몇명한테는 왜 한국연예인을 니사진으로 해놈? 너네나라 그리고 생긴거다르잖아 하니까 계삭하고 다튐;;; 동남아애들도 조심해라 이상한 열등감같은거있고 한중일에 심각하게 관심많고 동북아시아쪽이랑 굉장히 자신들을 동일시하고싶어함; 또 증오하기도해서 유튭같은데서 영어로 한국 잘알면서 까고이런애들 죄다 동남아임ㅋㅋ', '와 도를 넘긴했네..', '야 대박 ㅋㅋㅋ 나도 중국으로 가족여행 가서 무슨중국 전통공연봤는데 아리랑이랑 부채춤이랑 풍물놀이나와서 개당황함 ㅋㅋㅋㅋㅋㅋㅋㅋㅋ 그게 관광코스였음.....', '여행사에서 다 비슷비슷한곳 가는구나ㅋㅋㅋㅋ', 'ㅇㅇ 난 하나투어인가 ㅋㅋㅋ 그랬어']"
ㅅㅂ 방역수칙 위반해도 신고 잘 안되네,"바쁜 현대인을 위한 3줄 요약
1. 외대 닭갈비 건물 2층 중국인 5인 이상 모여있는거 봄
2. 신고하기 까다로움(바로바로 해야된대)
3. 학우 분들이 관심을 가지고 단속에 도움이 되었으면 좋겠음

요즘 카페도 10시까지 밖에 안해서 친구 집에서 과제하다가 새벽에 집에 가거든?
그리고 우리집이 미스사이공 좀 지나서인데 언제부턴가 어디서 웃음소리가 ㅈㄴ 크게 나는거야
처음엔 그런가보다하고 지나갔어
그런데 어제도 집에 가는데 개시끄러운거야
그래서 주위를 둘러보는데 외대닭갈비? 그 건물 2층에서 중국말이 들리길래 찬찬히 들어봤는데 목소리가 최소 5명인거야.
그래서 112에 신고를 했다? 그 시간이 2시 반쯤이었어.
그런데 자기네들은 방역수칙위반은 단속 대상이 아니라면서 해당 구청 당직실에 통보를 하래;;
그리고 새벽 4시쯤 편의점을 다녀왔어.
여전히 중국말이 들려왔고 이번엔 다산콜센터 120에 전화를 했어. 내가 신고한 내역을 알려줬지.
기록이 남아있드라
구청 당직실 직원이 경찰한테 통보받고 3시 5분에 구청 직원이 출동했고 해당 건물이 소등한걸로 확인되어서 바로 철수했다는거임.
내가 4시에 편의점 갔을땐 분명히 불 켜져있었어.
슬슬 개빡치는거야. 그래서 120상담사한테 물어봤어. 이거 어떻게 잡아야하냐고. 그래서 5인 이상이 모여있는걸 현장에서 잡아야한다고 하더라고.
내가 지나갈때마다 확인하고 신고를 못하니깐 우리 학우분들도 관심을 가지고 신고를 했으면 좋겠어서 긴 글 올려봤어

추가로 뇌피셜아니냐라는 괜히 헛짚는거 아니냐라는 댓글 올라올까봐 적는데. 예전에 새벽 4시에 그 건물에서 중국인 8~9명 나오는거 내 눈으로 똑똑히 봤음",5,[]
남자들아,"개이쁜 중국인이 대쉬함 (한국어 잘함)
vs
이쁘장한 한국인이 개쉬함

선택은?",0,"['대쉬는 좋지만 개쉬는 싫지 않을ㄲㅏ...', '닥후', '개쉬~', '개쉬말고 대슄ㅋㅋㅋㅋㅋㅋㅋㅋㅋ 오타야', '입에서 중국어 나오는 순간 확 식는다..', '와 너네 중국인들 진짜 싫어하는구나.. 엄청 이뻐도 싫어?? 중국사상 없고?', '그치.. 그럴거같음 ㅋㅋㅋ', '펑티모도 입에서 중국말 나오는 순간 확깸']"
와 한국어도 못하는 중국인은,"수업 어케듣냐 왜듣냐
내가 외계어 한달만 배워도 저거보단 잘하겠다",0,"['ㅁㅊ 그런 큰그림이', '한국 학교 거치면 편입 메리트가 있어?', '우리나라랑 똑같은거지. 중국 유학가서 1년정도 살고 재외국민전형으로 한국대학 입시하는거처럼']"
심심해서 그러는데 본인이 겪은 제일 기묘한 일 말해보자,"나 코로나 전에 중국 유학 갔다가 진짜 황급히 돌아온 이유가 무서운 일들이 너무 많이 터짐.. 외국인 긱사 쓰는데 나 바로 윗방에서 어떤 애가 자해해서 피투성이 된채로 복도에 쓰러져 있었고, 결국 강제 귀국조치됨 심지어 그 자해하면서 내는 비명소리 나랑 룸메랑 같이 라이브로 들었음.. 사람이 낼 수 있는 가장 기괴한 소리였어 그 소리가 아직도 안 잊혀짐.. 방 안에 피로 다 칠해져 있었는데 학교측은 거기 그냥 페인트칠해서 새로 사람 받았다함.. 그러고 바로 다음날에 룸메랑 장보러 가는데 화단에 무슨 노란색 수건같은 뭉치가 있길래 가까이서 보니까 애기 발 같은게 밑에 삐죽 튀어나와있었음.. 나랑 룸메 둘다 너무 무섭고 놀라서 긱사로 뛰쳐가고 학교측에 얘기했는데 그 다음날 보니까 흔적도 없이 그냥 사라짐 .. 두개 연속으로 겪으니까 사람이 너무 피폐해져서 최대한 빨리 집에 오고싶더라",1,"['헐 중국 어느지역이었길래', '항저우 근처.. 근데 백화점도 있고 인구수 많은 곳이였어', '인형이었을꺼야....인형이었을꺼아.........ㅅㅂ', '그니까ㅠㅠㅠㅠㅠ 아직도 미스테리']"
우리나라는 결국에는 친중으로 가게 되어있음,"이것은 인구와 관련됨. 당장 지금만 해도 저숙련노동자의 경우 상당부분 중국인으로 대체되고 있다. 중국인들은 노동력 측면에서 한국인과 별 차이가 없고 임금이 매우 싸기 때문... 지금은 우리나라가 아직까지 자국민으로 저숙련노동수요를 충당할 수 있지만 20년 후에는 저숙련노동자들이 거의 100프로 중국인들로 대체될거임. 근데 문제는 뭐냐하면 우리나라가 민주주의 국가라는 것.. 이번 보궐선거에서 외국인도 투표가능하다는 뉴스 봤지? 앞으로 외국인 및 한국으로 귀화한 중국인들의 머릿수는 더 많아질것이 분명함. 어느순간에는 중국인의 이해를 대변하는 정당도 나올거임. 그런 뭐냐? 우리나라는 친중으로 가는거고 거시적인 측면에서 중국과 교류가 활발해지겠지만 한편으로는 중국의 속국이 되는것이 머지않아 이루어짐. 피할 수 없는 미래라 안타깝지만 현실이다

결론: 100년 후 대한민국은 중국의 속국이 될 가능성이 농후",1,"['어쩔수 없다 하고 손 놓고 있지 말고 경각심을 갖고 있는게 우리가 할 일이고 대안과 대비책을 찾아야 하는게 정치인들이 해야 할 일임', '방법은 인구가 늘어냐하는데 당장 2세를 희망하는 사람이 극히 드문데 극복할 수 있을까? 정치인은 결국에는 이해관계에 따라 움직이는거고 출산율을 올려야 하는데 방법이 거의 없지', '방법을 찾아야 하고 그걸 해야 하는게 우리가 할 일임 어쩔수 없다 하고 친중하는 정치인들 눈감아주고 경제에 필요하다 하고 차이나 머니 받고.. 하나씩 진행되는거임 홍콩을 봐 ㅋㅋㅋㅋㅋ 저항정신이 죽은 민중은 정말 미래가 없는거임 낙관적으로 희망적으로 생각하고 경각심 갖자 국민이 지금처럼 눈 시퍼렇게 뜨고 있으면 조선구마사 종영시킨 것처럼 변화가 있을거임.. 중국의 속국이 정말 되고 싶은게 아니라면', '그리고 속국이 될 수 밖에없다? 한국이 갖고 있는 소프트파워와 정상국으로서의 지위는 중국이 감히 넘을 수 없음 ㅋㅋㅋ ㅋ(중국 소프트 파워는 매년 조사하는 soft power 30대상국 가운데 꼴찌 수준임^^..) 그래서 요즘 그렇게 발작하고 있는거고..', '나는 가치판단 이야기를 한게 아니라 미래를 예측한거임. 착각 ㄴㄴ', '뭔 갑자기 가치판단..? 나 가치판단 언급한적 없는데 독해력/ 급발진 무엇..? 너야말로 착각 ㄴㄴ그리고 너가 뭔데 중국의 속국이 되는게 당연하다는 미래 예측을햌ㅋㅋㅋㅋ', '내 말뜻 혹시 못알아들어..? 한글 잘 못읽는건 아니지..?? 저 긴거 못읽고 낙관적으로. 희망적으로 . 홍콩 . 저항정신 단어 단어만 골라서 가치판단 소리 하는거 보면 독해력 심하게 부족하거나 한국인이 아니거나..', '내말은 한국이 나아갈 방향성을 이야기 하는게 아니라 지금 인구가 줄어들고 있고 저숙련노동자가 중국인으로 대체되고 있는 현상 때문에 친중으로 갈 확률이 높다고 이야기하고 있는거임. 그런 맥락에서 니가 옳다 내가 맞다 할 이유가 없는거고. 그리고 차이나머니의 문제가 아니라 현실에서는 외노자 수요가 얼마나 많은지 알고 이야기해야할거 같은데?', '외노자 비율이 얼마나 높아지던간에 국민 비율보다 높아지는게 아닌 이상 속국 이 되기란 쉬운 일이 아니에요....', '너 말대로 쉬운일이 아닌데 지금 출산율이 0.7인데 외국인 이민자가 많아지면 정치인도 신경을 쓸수 밖애 없고 친중성향으로 가게 된다고. 유럽 못봤어? 우리나라라고 크게 다를거 같음?', '중국이 자신들의 속국이라 여겨졌던 조선조차 엄연히 속국이 아니였습니다.. ㅋㅋㅋㅋㅋㅋ그만큼 신중한 워딩이 필요하다는 점 짚어드리는거에요 출산율이 심각한 건 사실이지만 그걸 장려해서 출산율을 높여야 하는게 우리가 해야 할 일이고요.', '유럽이 그래서 이민자 나라의 속국이 되었나요?', '아니 그니까 장려하면 올라가냐고요? 유치한 질문인데 그럼 당신은 애 몇명 낳으시게요?', '유럽은 자신보다 힘이 약한 나라의 사람을 이민자로 받아드렸는데 우리나라는 우리나라보다 국력이 강한 나라의 사람들을 이민자로 받아드리니까 다르죠', '오 질문 선넘네요 제 자녀계획은 제가 알아서 할게요 참고로 말씀드리면 우리 집은 자식 4명이에요 애국자 집안이에요 ㅈㄴ 유치하네 이렇게 말하고보니', '아 그럼 ㅇㅈ합니다....', '좀 정치인들이 정신좀 차렸으면 좋겠네요 ㄹㅇ로 ㅋㅋㅋㅋㅋㅋㅋㅋㅋㅋ 속국이라는 워딩은 좀 조심합시당 ㅠ 괜히 중국인들이 좋아서 날뛸거 생각하니 역해서..', '걱정이다 진짜...중국 이민 말고 동남아나 아프리카쪽 받으면 안 되나', '중국인 쓰는 사장들 만나보니까 조선족이나 중국인들이 그나마 우리랑 성향이 비슷해서 많이 쓰더라', '그전에 내가 어떻게든 나라 미국에 판다']"
나 중국학 전공이고,"상해에 3년 살면서 되게 행복했었거든.. 중국인 친구들도 많이 사귀고
그래서 지금 중국과의 관계에 비판적인 견해는 갖고 있지만 중국인들 싸잡아 욕하고 이런 건 지양했단말야
근데 진짜.. 도대체 한국 와서 수업 듣는 중국인들은 왜 그런거야?ㅠㅠ 오늘도 수업 초반에 마이크 켜둔 거 모르고 한참을 떠들어서 교수님 화나시게 만들고..
한두명이면 모르겠는데 이런 경우가 너무 많으니까 이게 중국인 특성인가 생각하게 됨ㅠ",0,"['와 이거 공감 ㅠ 진짜 수업 초반에 마이크 켜두고 떠드는 사람있으면 중국인이야..', '오 나도 상해살앗어 다카시마야백화점 옆']"
우리나라에 중국인ㅈㄴ많구나,어제 경희대 올영갔는데 중국어방송이 나오질 않나 오늘 온 마라탕집은 중국인이 운영하고 내 옆 테이블도 중국인 손님이고... 에효,0,"['착', '검!', '지하철엔 일본어도 나올걸...?', '중국인들이 눈 찌푸려지게 하는 행동 많이 하긴 하고 화가 나는 짓을 많이 하는건 맞는데 세계화 시대에 딱히 이상한건 아닌것 같아...ㅎ', '노노 한국어방송은 안 나오고 중국어방송만 나오더라고 그래서 여기 중국인가했지', '중국인들은 너무 시끄러움']"
마마무 회사 중국지지 그거,중국인 직원 하나 고용했는데 직원들 자고 있을때 올린거래 ㅋㅋㅋㅋㅋㅋㅋㅋㅋㅋㅋㅋ,63,"['짱', '죽', '짱', '유일하게 불쌍한 중국인은 진화 같음. ㅋㅋㅋㅋㅋㅋ', '진화 한정 한국이 미안해.. ㅋㅋㅋㅋㅋㅋ', '그 함소원인가 하는 사람 남편이지? 그 사람은 진짜 개불쌍 ㅋㅋ', '현웃터짐ㅋㅋㅋㅋㅋㅋㅋㅋㅋㅋㅋㅋ', '중국인이 한국에살려면 그정도은 해줘야지', '진화도 뭐...함소원이랑 짜고치고 방송한거같음 이미지메이킹 잘한거지 불쌍한 남편으로', '중국인들.. 이 글 보고 상처받지 마요 ㅜㅠㅠㅠ 상처받을 자격도 없으니까요????????', '익 1234 ㅈㄴ 대단해 ㅋㅋㅋㅋㅋㅋ']"
식약처가 한국은 중국의 속국이래,"식약처가 중국알몸김치 해명하는데 중국은 거대한 국가고, 우리는 중국의 속국이라 그랬대 ㅋㅋㅋㅋ 근데 검색하면 뉴스기사도 3-4개밖에 안뜨고 주요 언론사는 기사화도 안하네 ㅋㅋㅋㅋㅋㅋㅋㅋ",37,"['나라가 아주 맛이 가버렸음..', '중국속국이라고 해도 아무 태클 안걸린다는게 신기하다 진짜 ㅋㅋㅋㅋㅋㅋㅋㅋㅋㅋ', '본거 또보고', '웅웅 나는 이제야 봤거든 ㅋㅋ 실검도 없어서 저런 뉴스 뜨는지 알 수가 없더라고', '운동권들은 중국이 좋아서 중국 지지하는건가 민주당이 좋아서 중국 지지하는건가', '진짜 미치겠다 뭐 저런것들이 앉아있냐..', '나도 처음에 보고 저딴 공무원이 다있나 했는데 생각해보니까 대통령도 저런소리 했는데 공무원이 못할거 있나 싶음 ㅋㅋ']"
중국은 대국 한국은 속국,"ㅋㅋㅋㅋ 식약처 실화냐
만우절이라서 그랬다고 제발 말해라
진짜 미친 놈들이네",73,"['??친일파는 친일파대로 욕하는 거지', '현정부가 일본에 대한 기조가 너무 반감이 강한 데 반해 중국에 대해선 저렇게 반응하니까 하는 말인듯', '당연히 둘다 욕해야하는데 너무 한쪽만 욕하고 있자너', 'ㄷㄷㄷㄷ', '진짜 만우절이어서 그랬다고 믿고 싶다', '미친거 아님?', '나도 중국과 중국몽꾸는 정권 요새 혐오하는 수준까지 오긴 했는데, 저 발언이 거대 신문사에서는 다루지 않는 내용이고 저 직원이라는 사람도 좀 의심스러워서 이건 아닌듯. ㅅㅂ식약처 직원쯤 되는 사람이 저런 말 했으면 나라 떠야한다 진심으로', 'ㅇㅇㅇ 나도 문정부 하는 꼬라지 혐오하는데 이 기사는 확인 안된 A직원 발언을 얼핏보면 식약처장이 한거처럼 보이게 쓴거라 신빙성이 떨어짐', '?????????? 아주 미쳐돌아가는구나', 'http://www.newdaily.co.kr/site/data/html/2021/03/31/2021033100271.html', '나라에 도둑놈이 넘모 많은 것이야요..', '꼭 조선 후기 세도정치같다. 역병돌고 세금은 뒤지게 뜯어가고 관리들 부정부패는 극에 달했고 이웃나라는 한반도 먹을려고 눈흘기고 있는대 지도자는 말 한마디도 못하고 아이 시발', 'ㄹㅇ 나라에 망조든것같음', '가해자 기분 챙기는건 종특이냐?', '중국한텐 동생이었지만 일본한텐 따까리였으니까 그럼 일본한테도 깝치면 안되겠다 그치?']"
중국이 펭수도 뺏음,거 눈밑에 점이라도 찍던가...,4,"['짭수', '허 ㅋㅋㅋ', 'ㅋㅋㅋㅋㅋㅋㅋㅋ', '더블짭수 ㄷㄷ', '퀄리티가 븅신이라 화도 안남ㅋㅋㅋ']"
우리 마라탕 계속 먹어도 되는걸까,결국 우리가 먹는 돈 대부분이 중국 조선족 손으로 흘러들어가는 거 아냐? 걔네 돈 줘봐야 우리나라에서 걔네 시장 키워주는 거밖에 안 되는데 ㅋㅋㅋㅋ 이젠 마라탕 먹더라도 가게&프랜차이즈 업주 이름/국적은 확인하고 가야할듯...,0,"['나는 마라탕 한 번도 안 먹어봄', '나는 그냥 끊을까 생각 중...', '담배냐ㅋㅋㅋㅋㅋㅋ', '나도 요즘 그게 걱정이야', '그냥 맛있으면 먹는거지', '아 응...', '난 그래서 안먹은지 꽤됐음ㅋㅋㅋ환장했었는데 이젠 걍 안먹고싶음... 입맛뚝떨', '나도 한번도 안먹어봄 .. 위생 ㅈㄴ 개판이던데', '그니까ㅋㅋ 요즘 거의 조선족들이 하던데 나도 찝찝해서 안먹게되더라']"
아니 강원도 차이나타운 왜 지음,"중국을 떠나서

인천 차이나타운도 별로임 관광객 다 죽음

인천도 별론데 부산은 오죽하것냐

뭔 강원도에 지어",3,"['누가 국민청원 올렸는데 하루만에 마감시켜버리드라 ㅋㅋㅋㅋㅋㅋㅋㅋㅋㅋㅋㅋㅋㅋㅋ 실화냐', '강원도에 차이나타운말고 차라리 놀이동산 짓는게 이득이겠다', '유적지가 거기에 있어서 뭘 짓든 반대지만 유적지가 없다면 차이나타운보다는 놀이동산이지']"
내가 죽기전에 전쟁이 날까?,"3차대전이야 안난대도, 미얀마같은 미국 중국 대리전이 한국에서 안일어날수가 있을까? 예전에도 한국에서 625 사례 있었고, 중국이랑도 엄청 가깝고.. 한국이 없더라도 미국한테는 일본이라는 마지노선도 있고..

물론 그정도로 가려면 정말 상황이 나빠야된다는 건 알지만, 국가를 매년 정액제 내고 이용하는 서비스개념으로 볼때, 국방이라는 리스크가 너무 크지 않나 싶음.

그런 생각을 가지고 있다 보니 어떻게 이런 입지를 가진 국가에서 삼성같은 기업도 나오고, 나라가 여기까지 일궈졌는지 신기하기도 함.

요약 : 한국의 전쟁가능성에 대해서 어떻게 생각해?",0,"['왜 그렇게 생각해?', '쿨이 한 번 돌긴 했지', '그래도 아무리 봐도 전쟁이 이득이 안됨....걍 손해가 이극보다 크고 중국 입장에서도 어차피 자본 기술력 가지고 있으니 서서히 패권가져오는게 나을걸 미국도 딱히 손해가 더 큰것 같은데 아시아인들은 뭔죄임']"
나 중국 존나 싫어해,"인종차별주의자 맞아 내가 밖에 나가서 인종차별 당해도 다 감수할 수 있음 그만큼 중국 존나 싫어 수업에서 만난 중국인들이 팀플에서 내가 차린 밥상에 수저만 얹는 것도 좆같고, 그러면서 미안한 기색도 안보이는 낯짝 두꺼운 그 종족특성도 짜증나고, 외대 주변 걸을 때 들리는 시끄러운 언어도 짜증나고, 동북공정이랑 미세먼지랑 강원도 차이나타운 짓는다 뭐한다는 것도 좆같음 점잖고 존경할만한 중국인은 살면서 본 적이 없다 그냥 종족특성이 뻔뻔한 것 같음",269,"['나는 조선족 식당 아줌마도 조선족이면 좀 찝찝함', '나 이제 마라탕도 안먹음 내 최애 음식이였는데', '이제 중국인을 유대인으로 바꾸면 잡혀감', 'ㅅㅂ잡혀가고말지', '아니 너 뭐라 한게 아니라, 특정 인종에 대한 인종차별만 민감한 서구사회를 비꼰 것', '전혀 오해 안했어 괜춘 이해했지만 댓글달린김에 잡혀갈때까지 싫어하겠다는 내 의지를 보여주고 싶었음', '혹시 천안문 자주 보십니까?', '민주화~', '아...저희가 자주 보죠', '혹시 액션이 어떻게 되는지 아세요? 천안~', '천~야~호~', '허허 워 부쯔다오', '아 개웃겨 ㅋㅋㅋㅋㅋㅋㅋ', '그만큼 민주화 운동 하고 싶으신 거지~', '아 천야호 쥰나 웃기네 ㅅㅂ', '착짱죽짱', '공산당을 미워하자. 사람이 무슨 문제겠어 안타깝게도 중공국에 태어나 평생 세뇌당한게 문제인거지.', '그렇다고 중국인≠중국 인건 아니잖아.. 참 신기함 어떻게 세뇌시켰길래 그 넓은 나라에 사람 특성이 다 똑같냐', '참 좆같은 나라야 외계인은 뭐하냐 침공 안하고', '인해전술이 다가오는 소리가 들린다..글쓴이 빨리글지우셈...한국에서 중국 욕 못하는게 슬프노', '인구라도 적던가.. 전공수업에만 몇명이 들어오는지 진짜 수업 진행 안되는거 너무 좆같음', '아 ㄹㅇㅋㅋㅋㅋ전공수업에 중국인 개많은데 수업 흐름 존나끊겨', '겨수님~저 출쓰억 해습니다!', '나는 왜 아시아인인가......하..', '존나 안씻은 그 쩐내 ㅋㅋㅋㅋㅋㅋ', '스스륵 올라가는 공감 수', '정상', '중화민족주의에 찌들어있어서 상대도 하기 싫음', '근데 개 좆같은게 뭔지 아냐? 우리도 서구권가면 중국인대우당함.', '와 열이 확받네', '날 중국인 대우하는건 괜찮은데 날 중국인이라 생각하는건 못참음', '도죠히데키는 몇수앞을 내다본걸까', '나도 이게 젤 짜증남 우리도 중국 싫어하는데 걍 같은 취급.. 근데 걔네 입장에서 비슷비슷하게 생긴 동아시아 약 십몇억명중에 거의 대부분이 중꿔니까 걍 니하오로 찍고 보는듯', '두유노시리즈 덕분에 최근들어 그나마 차별화 되긴 하는듯', '서구권애들은 일본인인지 한국인인지 중국인인지 구분못해서.. 우리도 서구권가면 중국인으로 오해받아^^..', '단군할배 터 한 번 잘 잡음', 'ㄹㅇ 부동산 사기 당한거 아니냐 기깔나게 잡음', '내가 볼 때 운석 한번 떨어져서 우리나라 섬나라 돼야함', '나도 ㅅㅂ 중국 존나 싫어 내 전공인데도 맨날 배우면서 없애버리고 싶음', '타이완 남바완 티벳 프리 홍콩 프리', '중국 개싫어 진짜 옆에 떡하니 화장실 있는데 그 옆에서 바지쳐내리고 똥싸지르는거 보고 진짜 시우발', '중국 개싫음', '팩트는 한국으로 유학온 중국인들은 중국 내에서도 씹폐급들만 오는거고 본토 중국인 중에 엘리트는 그래도 상대할만함. 국가로 인간을 판단하는거 졸라 미개하네 ㅉㅉ', '국가로 인간을 판단하는게 아니라 인간들로 국가를 평가하는거임', '중국인들 전부 만나봤냐? 뭔 말같지도 않은 소리하고 있네.. 일본가서 조센진 소리 들어봐야 정신차릴라', '짱깨 어서오고', 'ㅇㅇ 짱개랑 거리가 멀어서 어쩌냐? 졸라게 편협한 사고로 인생을 살아가니 참 불쌍하다', '착짱죽짱', '그건 진짜 사바사인 것 같긴 해. 내가 싱가폴에서 만났던 중국인들은 나 혼자 여행 가서 혼자 사진 어떻게 찍을까 고민하면서 뻘쭘하게 있었는데 먼저 와서 사진 찍어준다고 하면서 찍어줌. 영어 완전 영국 본토 발음에다가 겁나 착했음', '익30아 중국인인거 확실해? 홍콩인 대만인 아닌거 확실해? 안믿겨서...', '엉 상하이에서 왔다고 했어!', '상하이에서 사는 싱가포르인 아닐까?', '전부 만난건 아니지만 내가 만난 대부분의 중국인이 그렇던데? 그러는 너는 한국에 유학온 모든 중국인들 만나보고 본토 중국인 엘리트 전부 다 만나보고 하는 평가임?', '뭔소리야 그 많은 인구 중 여권 보유자는 최소 상위 5퍼내에 드는데...그럼에도 불구하고....ㄱ', '그나라 사람들중 엘리트정도나 되어야 상대할만할 정도면 진짜 국민성 개미개한거 인증한거아닌가 ㅋㅋㅋ 어느민족이건 엘리트들은 원래 배울만큼배우고 위치가있으니 상대할만한건 당연한일인건데 ㅋㅋㅋㅋㅋㅋ 어휴 ㅉㅋㅋㅋㅋ', '내 친구 한 명도 착하긴 착한데 중화사상 쩔어서 정치 관련 얘기는 하나도 안 함 같이.. 좀 더 깊은 대화를 해보면 결국 다 똑같을걸?', '일케 비장하게 마라탕도 안 먹는다고 선언을 ㅋㅋㅋ 중국산 식품 다 보이콧하면 먹을 것두 없을텐데 걍 차별이라는 본인의 신념을 지킨다는 알량한 만족감을 위해 메뉴 하나를 포기하는구나.. 정말 대단하다..', '모든 중국산 식품 안먹는다X 한국에 들어온 조선족들 돈벌어서 권력 생기는거 찝찝해서 마라탕 안먹는다O', '와 진짜 한국어 잘한다..', '중국산 식품이나 제품 은근히 잘 보고사면 보이콧할수있는데 ㅋㅋㅋㅋㅋㅋ 중국은 차별당해도싸지 ㅋㅋ 한국이면 신사답게 대해주는건데 뭔ㅋㅋㅋ 나가서 쳐맞아야 정신차릴래 ?ㅋㅋ', '난 중국은 별생각없는데 위구르족 탄압하는거 못본척하는거에 열불남..ㅋㅋ 양심도 없나봐', '근데 유투브 댓글 같은거 보면 중국인들 다 위그르 탄랍 거짓말이라고 cnn 다 가짜 뉴스라고 주장해..다들 진짜 저렇게 믿는건가', 'https://www1.president.go.kr/petitions/597240 강원도에 춘천 최대 고인돌 유적지 파괴하고 축구경기장 10배 크기의 차이나타운 짓고있어ㅠㅠ 다들 반대청원 갑시다ㅠㅠ', '나 중딩때 어디 놀러갓는데 중국인 아저씨가 자꾸 말거는거야 영어 할 수 잇냐면서 영어로 .. 근데 입냄새가 진짜 너무 구려서 도망가고 싶었음', '아니 진짜로 어떻게 이런 글이 좋아요가 100개가 넘는거지.. 중국인 친구가 한명이라도 있으면 이런 글을 쓸 수 있을까? 자기가 해외에서 인종차별을 당해봤으면 이런 글을 쓸 수 있었을까? 자기 가족이 또는 친한 친구가 해외에서 살면 이런 글을 쓸 수 있을까? 진짜 이 정도 수준인게 너무 슬프다.', '일단 난 미세먼지 때문에 너무 슬퍼', '내 인생에는 중국인 빌런밖에 없던데? 착한 중국인 친구가 있었으면 이런 글 절대 안썼고 대부분의 중국인이 이렇지 않다면 뇌우치고 반성할 생각도 있음 그치만 다 좆같은걸 어떡해?', '익36아 너랑 같은 의견인데 너 댓글보고 정상인이 아직 있긴 있구나 싶어서 위로받고 간다', '나도 한때 저런 생각이였지.. 착짱죽짱 말 존나 심하다고 서로 사랑하기도 바쁜데 다들 왜저러나.. 했는데 지금은.. 다 죽어버리렴~', '인종차별 당해봤는데도 중국인 싫어 걔네때메 내가 외국에서 개념없는 동양인 취급받는게 더 더 더 더 짜증나', '흠...중국인은 예외아닌가 지들이 하는 걸 봐 자업자득으로 인한 결과지 뭐', '중국인은 인간이 아니니까 인종차별 아님 벌레차별임', '그래 그렇게 서로를 혐오하면서 살아...', '네다짱', '진짜 충격적이다... 해외 나가서 인종차별 한 번도 안 당해본 애들만 있나...', '우리 큰 엄마 중국분이신데 완전 착하고 좋은데... 쓰니도 왜 싫어하는 지 이해는 가지만 좋은 중국 사람들도 있다는 것만 알아줘,,', '나도 어떤 경우에서라도 차별과 폭력은 하면 안된다고 생각하고 게다가 애국심도 별로 없는 사람인데 중국 요즘 행태를 봐 최소 한국인이라는 자아가 있으면 반발심 있는 게 당연한 거 아냐? 생존이 위협받는 상황에서 관용이 어딨어ㅋㅋㅋ 진짜 중국한테 피해 입은 것들 줄줄 읊으면 밤 샐 듯', '익78은 저 짧은 글에서조차 모순덩어리네', '댓글창에도 벌써 -짱- 몇 분 보이시죠ㅋㅋㅋ 에타 설자게에서 바로 검거..!', '자기 주장에 설득력 얻으려고 한국인인척 하는게 ㄹㅇ 역함. 아니면 자기들도 중국인인게 부끄러워서 한국인인척 하는건가?', '중국인 솔직히 인종차별에서 예외임 너무 피해를 많이 끼쳐서', '난 중국좋아. 그니까 많아지게 쪼개져라. 프리티벳 프리홍콩 프리위구르 프리대만', '나 유럽에서 어학연수할 때 나보고 중국인이래서 너는 그럼 어디 루마니아 집시냐고 해쥬니까 미치고 뛰던데', 'ㅁ미친ㅋㅋㅋㅋㅋㅋㅋㅋㅋㅋ 나도 써먹어야지', '길거리에서 담배 뻑뻑 피는것도 싫고 , 길물어볼때 영어나 한국어를 쓰려는 시도도 하지 않고 당연히 중국어로 물어보는것도 어이가 없어 진짜 정이 안가', '여러 개의 중국 지지합니다~', '나 옛날에 학교에서 중국 간 적 있었는데 친구들 여러명이랑 어떤가게 들어가서 계산하는데 계산대 여자가 기다려보라더니 갑자기 핸드폰 꺼내서 우리얼굴 대놓고 영상으로 찍더라 ㅋㅋㅋㅋ ㄹㅇ 손뻗으면 닿을 거리에서 ㅋㅋㅋ그래서 뭐하냐고 당장지우라고 했더니 그냥 한국인온게 신기해서 친구한테 보내는건데 왜 이렇게 화를내냐면서 본인이 더 분노함 ㅋㅋㅋㅋㅋㅋㅋㅋㅋㅋ 매너는 좀 지켜줬으면 좋겠다..', '진짜 왜캐 무례해,,,', '글쓴이 내가 생각하는거 그대로 말해줬네 편-안', '진짜 공감한다 내가 겪은 중국인들은 다 안좋은 기억밖에없어', '나 유럽교환갔을때도 여기저기 사고치는 애들 다 짱깨였다. 물론 착한 중국인 친구들도 몇 있었지. 근데 사고치고 아시안 이미지 망치는 거의 대부분은 중국인이었다ㅋㅋㅋㅋ 지들끼리 몰려다니면서 민폐끼치고 ㅅㅂ 한국인 일본인은 유럽애들이랑 섞여서 잘만 놀았는데', '맞아 나 일본인 태국인 홍콩인 할거 없이 잘 놀았는데 중국은 지들끼리만 놀앗어 아니 우리랑 못어울렷어 홍콩애가 아임프롬 홍콩 하면 난리나던데 암프롬 차이나 왜 안하냐고 진짜 그때 솔직히 놀랏어', '뭐 이런 글이 핫게에 가냐... 일반화 오지네ㅋㅋ 한남 워딩 쓰면 모든 한국남자가 다 그런건 아니라면서 자발 떨더니... 내로남불 지림', '중국인들 일반화하고 싸잡아 욕하는 게 얼마나 위험한건지 예시를 든거지... 이해가 안되네 서양인들도 동양인 혐오하기 바쁜데 같은 동양인끼리 이렇게 혐오를 해야하는거니 ㅋㅋ ㅠㅠㅠ', '동양인 차별 문제때문에 나는 요즘 아시아인들 보면 같이 으쌰으쌰하고 싶던데..', '내 말이 그 말이야 ㅠㅠㅠㅠ 어차피 찐으로 동양인 혐오하고 혐오 범죄까지 일으키는 애들은 죄다 서양인들인데... 걔네들은 중국이든 한국이든 뭐 상관없이 다 패고 보잖아 ㅋㅋㅋ... 지금 이렇게 우리가 중국 혐오하고 있을 때가 아님', '정상 나도 존나 싫음', '아 ㅋㅋㅋ 근데 학교 걷다보면 5인 안 지키고 지들끼리 노래틀고 앉아있는 애들 말 들어보면 다 중국어긴 하더라 ㅎ', '팩트: 한중일 모두 비정상이긴 한데 중국이 더 유별나긴 함', '몇몇 댓글 중국인인 거 같은데 진짜 한국어 너무 잘해서 소름 돋는다', '난 조선족을 우리 동포라고하는거 개 싫어. 조선족은 엄연히 중국에 속해있는 중국 소수민족임 왜 우리나라 동포임? 한국어하는 짱개지', '공항에서 새치기 안당해본사람은 모른다 ㅅㅂ 중국인들+베트남 사람들 질서라는걸 모름', '지금 상황 여러가지 다 종합하면 안싫어질 수가 없음 반중감정이 안생길 수가 없다는게ㅋㅋㅋㅋㅋㅠ 나도 짱깨이런말 싫어했는데 지금은 납득감', '착 짱 죽 짱', '아 에타는 세로드립 안되네 ㄲㅂ', '착짱죽짱', '중국인 착한사람 많음 근데 하나같이 국가관련되면 개 광신도가 됨ㅋㅋㅋㅋ', '이거 진짜 ㅇㅈ,,ㅋㅋㅋㅋㅋㅋㅋ', '짱깨 클라스', '추천수 보소 ㅋㅋㅋㅋㅋㅋㅋㅋㅋㅋㅋ', '물론 나도 중국학 전공하긴 하는데, 마음은 100번 이해한다...', '이 글이 뭐가 자랑스럽다고 안 지우고 있는거지... 개쪽팔리니까 빨리 지워줬으면 좋겠다']"
중국 러시아는 미얀마 군부파티에 왜 사람을,"보낸 거야?
중러가 제재 안하고 오히려 지원해주는 이유
아는 사람.?",0,['인도차이나 반도 먹으면 인도양쪽으로 세력확장 가능해서']
얘네 중국인임?,"적어도 명예중국인인것 같은데
아니면 돈 ㅈㄴ먹었거나",48,"['아직도 여당이라는게 이해가 안된다 ㅋㅋ', '갑자기 우리보고 가해자랰ㅋㅋㅋ미친개또라이 정치인아니냐 뭔 다 우리탓이야 시벌', '공산 빨갱이 ㅋㅋ', '언제나온기사야이거?', '민주당이 압승한건 정치에 관심없는 개돼지들 때문이 아니라 야당 삽질이 더 큼..ㅋㅋ', '으으 시발 원래도 안뽑았지만 더더욱 뽑을 일 없을듯;; 친일도 극혐인데 친중은 더극혐임ㅅㅂ', '유사외교부장관 유사총리', '그... 편서풍이 뭔지 모르나..??']"
조선이라는 나라는 알면 알수록 한심함,"고조선부터 고구려 백제 신라 발해 고려까지 다 괜찮은데
조선은 ㄹㅇ 좋게 봐주려고 해도 대외관계에서 얻어터진 역사뿐임

한글이니 뭐니 해도 얻어터진 역사뿐인 조선을 어케 좋게봐줌
중국도 일본도 조선때 찌질대던 모습으로 한국 무시하는데",0,"['밥은 잘 먹고 살았다던데', 'ㄹㅇ rice', '??', 그니까 잘먹고 잘살았다 이게 아니고 진짜 '밥'을 비교적 좀 먹었던 나라라고 알고있음, '진짜 얻어 터지기만 한 역사는 고려 아님?ㅋㅋㅋㅋㅋ', '고려도 마지막에는 원나라 식민지나 다름없었는데 이렇게 조선만 혐오하는 거 윤서인식 역사인식임', '원나라 식민지에서 벗어난 과정은 드라마틱하기라도 했지 조선은 ㄹㅇ ㅎㅌㅊ였음. 고려는 공격받으면서도 최영이랑 이성계가 홍건적, 왜구 다 뚜까패고 다녔음', '반면 조선은 임진왜란도 자력으로 이긴거 아님ㅋㅋㅋㅋㅋㅋ', '그러면 조선이 몽골제국보다 위대했겠네', '누가 더 위대한게 아니라 안 망한것도 대단한거임. 너무 나쁘게 보진 말자~ 그땐 그게 최선이었겠지', '이걸 한심하다 얘기할 거까지 있나? 어느나라건 비굴하고 찌질대던 시대가 있는데 청나라 때를 생각해봐', '웅 한심함 조선은 노비비중이 40퍼였음 ㅋㅋ.. 백성 생각을 전혀 안하던 나라', '개소리ㅋㅋ 유럽에서도 농노 존나 많았음ㅋㅋㅋㅋㅋ. 심지어 우리나라 노비보다 더 못한 취급 받았던게 농노인데 ㄹㅇ 혐한 일뽕새끼들은 왜 이러고 사냐?ㅋㅋㅋㅋ', '혐한 일뽕이 아니라 혐조선인거임ㅇㅇ 왕조 시작부터 쿠데타였던 나라', '소국으로서 사대주의는 어쩔 수 없는 현실이었다 생각해. 얻어터지고 짜져있지 않았으면 한국이란 나라가 없었을지도 모를일이지...', '조선이 전국적으로 행정력 유지한 것 자체가 시대보정해서 대단했던거임. 그리고 붕당정치도 음모론으로 이상하게 묘사되어서 그렇지 세도정치 이전까지는 상당히 바람직한 제도였음.', '붕당정치, 행정력 이런건 나라 내부에서 하는일이고, 세계사적 관점에서 볼때 조선은 ㅎㅌㅊ 국가 맞음..', '자랑할만한게 하나도 없음ㅇㅇ', '조선의 시스템에서 벗어나게 해준 일제한테 감사하게 생각해야함', 'ㅋㅋㅋㅋㅋㅋㅋㅋㅋㅋㅋㅋㅋㅋㅋㅋㅋㅋㅋㅋㅋㅋㅋㅋㅋㅋㅋㅋㅋㅋㅋㅋ 윤서인 추종자 검거', 'ㅋㅋㅋㅋㅋㅋㅋㅋㅋㅋㅋㅋㅋㅋㅋㅋㅋ윤미향 추종자 검거', '윤미향은 갑자기 왜 튀어나오냐 정치병걸린 새끼야ㅋㅋㅋㅋㅋㅋㅋ', '니 따라한건데? 억지로 ㅋ 붙이면서 비꼬면 이기는 거 같냐 대깨문 새끼야ㅋㅋㅋㅋㅋ', '세뇌당해서 그럼', '한글 잘만 쓰잖아', '아이스 좋아하는 인간으로서 얼음이 귀하던 옛날에 일인당 얼음 소비량이 ㅈㄴ많았던 조선은 정말 대단한 나라라 생각한다ㅋㅋㅋㅋㅋ 그리고 양 옆에 나라들이 개크고 개난리통이었는데 대외관계 얻어터진 정도로 끝난게 다행이라 생각함 까딱하면 나라 망할 뻔한게 한두번이 아닌데ㅋㅋㅋㅋ 그리고 저 시절 아시아 자체가 세계사적 관점에서 발전이 느려서 어쩔 수 없음.. 우리가 뭐 다른 데랑 많이 연결된 나라도 아니고ㅋㅋㅋㅋ']"
ㅉㄲ 퇴치 주문 공유한다,"??是什?意思？?上次不是??不?忘?天安?而且必定?回民主主??

너 이게 무슨 뜻이야?너는 지난번에 천안문도 잊지 않고 민주주의도 반드시 되찾겠다고 말했잖아



上次?要?香港示威加油的是什??

그럼 홍콩 시위를 응원한다고 말했던건 뭐야?


?成?吾?族人?立,?迎?

위구르인들의 독립에 찬성한다니 환영이야


看?用????念??波,?是好人?

류샤오보가 그립다고 한국어로 말하는걸 보니 넌 좋은 사람이야


?用?文??想知道西藏人民是??被共????的??

티베트인들이 어떻게 공산당에 탄압받았는지 알고싶다고 한글로 물어보았구나?


在?里?到法?功修?者,?高?。 ?下一?集?地????楚??

여기서 파룬궁 수련자를 만나다니 정말 반가워. 다음 집결지는 잘 알고 있겠지?


시진핑의 독재에 반대한다는 내용의 한글로 쓴 연설 잘 들었어. 이제는 행동으로 옮길 때야..

?近平??的反??裁的演?用?文?的好?了。 ?在是付?行?的?候了。


天安?相?活??展?利

천1안문 관련 활동은 잘 되어가고 있어


小心被?局逮住 / 工作一?束手机就?毁

당국에 걸리지 않도록 조심해 / 일이 끝나면 핸드폰은 파기하도록 해



???告?我天安?大屠?。中??家主席?近平?暗????利?行??

천안문 대학살에 대해 알려줘서 고마워. 시진핑 주석에 대한 암살 계획은 잘 진행되고 있나?


我?的秘密??知道，看??篇文章的所有同志都是以中?政??台?目?的同志 如果我?保持耐心，中?政??崩?。 ??的同志?，民主?希望，?裁腐?政?中?，?台......!

이 글을 본 동지들은 모두 중국 정권 붕괴를 노리는 동지들인것을 우리 비밀결사대는 알고있다 앞으로 조금만 참으면 중국 정권은 붕괴된다 동지들이여 민주주의의 희망을, 독재 부패정권 중국에겐 몰락을...!",56,"['복사가안된다', 'ㄷㄲㅁ and ㅉㄲ 아웃.']"
중국인들...,"이제는 삼계탕도 자기 나라에서 만들었다고 하네
얼마전에는 이탈리아 피자도 자기네 음식이라 하더니...",3,"['제발 베이징덕이나 처먹어....', '북경오리 한국음식인데 무슨소리임;;', '지내 음식에 그렇게 자신이 없나 왜 남의 걸 자꾸 가져가려고 하냐', '진짜 닭 넣고 국물 내면 다 자기 나라 음식이라는 거야 뭐야....', '미국에 중국계 미국인들 살고 있으니 중국음식 싹 다 미국거임 ㅇㅇ']"
에타보는 중국인 유학생들 답 좀 해줘,"너희는 코로나 사태에 대한 일말의 부채의식도 없음?

고의로 확산시킨건 아니라고쳐도 그래도 바이러스 발원지로서 일말의 양심의 가책도 없어?

따지는거 아니고 그냥 궁금해서 물어본다",1,"['얘네가 뭔죄가있겟냐 일반인인뎅', '그래도 중국인은 용서할수업서', '이런거 적으면 중국인들 착해질걸', '익3이는 뭔소릴하니 ㅎㅎ 너 쓰고 지운거 다봤엉', '있으면 이렇게 행동할리가....ㅎ...;;']"
미세먼지가,"일본이나 미국때문이었으면
지랄염병을 떨었을텐데
중국한테는 한마디도 못하네 으휴...",0,['ㄹㅇ ㅋㅋㅋ']
중국 욕할때마다,"내가 중국어 전공하니까 쭈구리하게 돼ㅜㅜ 다들 내 전공어의 국가를 싫어하니까ㅠ
나도 중국을 좋아하는건 아니지만 뭔가 알아서 사려야할 것 같은 느낌...",0,"['중국이 이슈일수록 중국 쪽 취업 잘 될거다 힘내라', '고마워ㅠㅠ 나도 그런 국가 가서 살기는 싫지만 암튼 취업 생각하면서 버텨야지', '그런 생각 1도 안드는데.. 난 일본쪽 전공인데 노재팬인가 할때도 아무렇지 않았음ㅋㅋㅋ 누가 그런거 신경써ㅋㅋㅋㅋ', '나는 신경쓰게 되더라고. 나도 중국 싫어하긴 하지만 그래도 내 전공어여서 어느정도 애정을 갖고 있는데 남들이 다 싫어하니깐 ㅠ', '중국은 싫지만 중국어는 ㅈㄴ멋있음 화이팅', '맞아 딱 이 느낌이야 중국은 싫지만 중국어는 좋아ㅋㅋㅋㅋㅋ', '중국을 좋아하진않지만 중국어 전공한 사람들한테는 아무생각없고 오히려 멋있고 대단함 다들 이렇게 생각할걸? 과몰입한 찐따만아니라면', '미안 너한테 뭐라할 생각 없는데 중국어 언어자체는 싼티나더라 근데 중국어 어려우니까 잘하면 리스펙', '좋게 얘기해줘서 고마웡ㅠㅠㅠㅠ!!!??', '기만하네.. 더 각광받지', '그랬으면 좋겠다 물론 중국에 가서 살고 싶은 마음은 절대 없지만ㅋㅋㅋㅋㅋㅋㅋㅠ', '아버지 박사논문 중국관련 주제인데 중화인민공화국 안좋아하심ㅇㅇ', '오... 나도 중국은 싫어해 근데 중국어는 좋아해ㅋㅋㅋㅋㅋㅋ', '과 화석선배가 말한다 어깨 펴고 당당히 다녀도 된다', '감사합니다 선배님ㅠㅠㅠ 중국어 너무 어려워요????', '2학년 수업까지 그냥 싹다 외우면 성적은 문제 없서요 화이팅!', '감사해요?? 좋은 하루 보내세요!!', '1전공자인데 중국어 재미있고, 중국 문화 신기하고, 중국 친구도 많아요. 근데 전 중국공산당 정말 싫어해요. 옛날이든 지금이든 우리나라에 도움 준 거 하나도 없으니까요. 쭈구리 될 이유 없다고 생각합니다~']"
그냥 중국은 물건 갖다 파는 시장으로 생각해야하는데,"중국이랑 친하게 지내서 좋을게 없음ㄹㅇ

일본도 중국시장에 물건 엄청나게 수출하면서도,
국제사회에서 미국 속국이라는 소리 들어가면서까지 미국에 찰싹 붙어있는 이유를 알아야 함..

중국과 정치로 엮여서 좋을게 없다.",4,"['훠훠훠훠훠훠', 'ㄹㅇ 우리도 일본처럼 미국에 붙어야하는데..']"
아까 중국인 글,"정부기조는 친중인데 왜 너희는 중국 싫어하냐는 글
생각해보니까 개웃기네ㅋㅋㅋ
걔네는 무조건 정부기조 따라야하니까 이해를 못하는 거였자너ㅋㅋㅋㅋㅋㅋㅋ",152,"['아 맞네 ㅋㅋ', '아 그러네 이해됐다', '자유의식이 없는 모르모트의 발상이란 건가', '나라 수장 욕도 비판도 못 하고 불쌍해...', '하긴 ㅜ 정부에 반대하면 잡혀가는 애들이니 ㅜ 불쌍하게 봐줘야지', '아 ㄹㅇ ㅋㅋ 그런거였구나 뭔 개소리하나 했네', '아 난 비꼬는건줄 알았는데 찐 중국인이엇나', '크 이걸 몰랐네', '그렇게 좋으면 고 홈 해 제발~~~', 'ㅋㅋㅋㅋㅋㅋㅋㅋㅋㅋㅋㅋㅋㄹㅇ 이해 안되서 물어본 순수한 질문이었자너ㅋㅋㅋㅋ', 'ㄹㅇ 군부독재시절도아니고 ㅋ', '뭔글', '중까는 개추지 ㅋㅋ', '여기에 중국인들이 존재하면서 여론선동을 하는게 소름이다.', '와 이걸 보니 이제 이해가되네ㅋㅋㅋㅋㅋ', '착중죽중?']"
내가 생각하는 중국의 문제는,"좀 추상적으로 말하자면 제국(?)의 면모를 갖추지 못한것임

제국의 면모라 함은 유럽의 제국주의를 말하는것이 아님

세계적 패권국은 타문화에대한 포용이 있는 경우에 더 번영해온거같음

이슬람제국 전성기때의 지즈야라던가
아케메네스 페르시아라던가
로마의 속주 대우라던가 이런것들이 예시일듯
(물론 차별이지만 다른 강국보다 동시대에는 포용적인 정책)

그게 아니면 결국 패권의 대상이 되는 국가와 민족들의 불만이 거셀수밖에",0,"['하드웨어에 비해 소프트웨어가 너무 빈약해서 그럼', '독재는 무너지게 돼있어 그게 역사야']"
지금,"미세먼지 중국에서 날아오는 명확한 증거가 뭐냐
짱깨 아니고 확실한 증거를 갖고 있게",0,"['편서풍', '중국이 공장을 다 동쪽 연안에 세워서 바람 불면 한반도로 날아옴 작년에 코로나 때문에 공장 가동 안 했더니 공기 쾌적했음']"
살면서 진보를 지지한적이없다,"광우뻥때도 개소리라ㅗㄱ 생각했고, 수많은 전교조 선생들이 웃기는소리 할때도 언제나 따박따박싸웠음...... 미국이나쁘고 중국이 새로운 평화로운 패권국같은소리할때도 저족속들은 미국보다 더하다고 우기다가 선생한테 까여봄. 그런데 요즘들어서 20대에 나같은사람이 점점생겨서 덜외롭다 하하하~


-------------짱---------------",0,"['시사갤 ㄱ', '우와 난 광우병때 헐 미친소야? 먹기싫어! 뿌엥 딱 요수준이었는데...', '난 광우병 때 초딩이었는데 어렸을 때부터 정치에 관심이 있었나보네. 나보다 나이 많다고 쳐도 그때 끽해야 중학생이었을텐데', '아니ㅋㅋ그건아니고 난 광우뻥하기전에 미국소많이먹었거든ㅋㅋ 근데갑자기 그난리가나길레ㅋㅋ;;;;']"
근데 우리나라 경제가 호주보다,"중국에 의존적이야?
호주도 만만찮게 중국의존적이었는데 반중클릭 했잖음",0,"['23%정도라던데 의존율', 'ㄴㄴ 호주가 더 의존적임']"
근데 우리나라에서 이제,중국한테 미세먼지 해결하라고 강하게 나갈 수 있는 대통령이 있을까 ???? ㅠㅠㅠㅠ 난 지금 정부가 그걸 해줄 수 있을 줄 알았다...?,0,"['그럼 우리 죽을때까지 이런 공기 마셔야돼...?ㅠㅠㅠㅠㅠㅠ', 'ㅇㅇ 죽을때까지', '흠...준표?', '과연 가능할까...? 진짜 나는 딴것보다 이게 젤급한 문제같애,, 국민이 호흡을 맘대로 못하게 하다니,,', '근데 어차피 강하게 나가봤자 지금 코로나 대하듯이 중국이 우리거 아닌데요? 해버릴수도 있을듯', '아니 근데 너무 과학적으로 명확하자나 아 아니다 걔네는 과학을 부정하는 거 같더라..아시바 어케진짜ㅜ', '그냥 중국은 막무가내라...', '경제의존도도 그렇고 우리는 힘이 약해서 어쩔 수 없음.....']"
단군할배요,"왜 터를 잘못잡으셔서
몇천년을 중국한테 피해입고 살아야해요 ㅠㅠ",0,"['알았으면거기안잡았겠지...', '??: 나는 만주였는데 후손님아']"
혹시 너희 인터넷 예언자 존 티토라고 알아?,"음모론이나 도시전설 같은거 좋아해서 곧잘 찾아보는데 개중에서도 내가 상당히 좋아하는 이야기임.
대충 내용은 2000년도에 자신을 98년생 시간 여행자라고 주장하는 존 티토라는 닉네임의 이용자가 2036년까지의 세계 정세에 관해 질답을 하는 건데, 맞춘 것도 은근 되고 그래서 컬트적인 인기를 얻은 도시전설임. 로그도 남아있는게 꽤 되고.
하지만 본인은 자기가 온 미래는 여러가지 세계선 중 하나이므로 세세한 정보는 다를 수 있을 거라 말했음.
걔가 맞춘 예언은 다음과 같음.

-이라크가 대량살상무기를 숨기고 있다는 이유로 제2차 걸프전이 발발.
-중국인의 우주 진출.
-현 교황(요한 바오로 2세 교황) 사후, 새로운 교황(베네딕토 16세 교황) 즉위
-스타워즈 시리즈의 리부트
-2036년에는 사람들이 인터넷에 자신들의 쇼를 보여준다' (유튜브)
-어디서든 인터넷 무선 접속이 가능함(스마트폰, 와이파이)

하지만 세세한 오류도 많고, 년도가 틀린 것도 많아서 결국 흔한 인터넷 어그로꾼 아니냐라는 의견도 많음. 근데 최근에 그 오류가 사실 연도만 착각한 거 아니냐는 주장이 심심찮게 들리고 있는데, 그 이유는 년도만 고치면 상당히 맞아 떨어지는 내용이 많기 때문.

-2004년, 미국 대선 결과에 대한 불만에서 미국 내전의 불씨가 나타남.(트럼프 당선으로 인한 인종차별주의자들의 강성 혹은 조 바이든 당선으로 인한 레드넥들의 시위)
-2008년은 모든 이들이 생각했던 종래의 세계가 이제 끝났다고 실감하게 된 해 (2020년, 코로나 대유행.)
-2004년 이후로 올림픽은 열리지 않고 이후 2040년 돼서야 부활할 가능성이 있다(2020년, 도쿄 올림픽 연기)
-중국의 팽창주의로 인해 세계 각국의 마찰이 심화되고 이를 호주는 가까스로 막아냄, 하지만 호주는 궤멸적인 피해를 입음(중국-호주 무역전쟁)

....물론 재미삼아 보는거지만 쌔하구먼.
이 사람 예언대로라면 중국이 서방세계에 대한 도전으로 세계대전 일으키고 한국, 북한, 일본은 중국에 먹힌다는데 ㅋㅋ",2,"['오옼ㅋㅋㅋ재밋다 직접 쓴 거얌??', '존 티토 예언은 진짜로 인터넷에 2000년대에 올라온 글이고 설명은 내가 직접 썼엉!', '여기 글 말한 거엿엉ㅋㅋㅋㅋ잘 읽엇엉ㅋㅋㅋ재밋당', '저도 미래에서 시간 여행을 해서 현재 한국외대에 다니고 있는 시간여행자 입니다. 100년 전의 교육수준이라고 무시했는데, 생각 보다 나쁘지 않네요.', '슈타인즈 게이트에 나왔었는데 실존인물이었구나']"
미국 슬슬 빡친거 같은데,중국한테 뭔가 하려나,0,"['미국이 말아먹은게 많아서 과연 중국을 이길 수 있을지 두렵다', '근데 지금 중국도 상황 안좋아보여서 중국 잡기에는 최적기인거 같긴 함', '미국은 코로나때매 작살났고 중국은 올해 6% 경제 성장률 찍을거라고 호언장담하는데 솔직히 미국이 많이 불리해보임']"
외국인 지방선거투표 심각한거 아냐?,"조선구마사나 다른 중국 역사왜곡도 그렇지만 이게 훨씬 심각한 사안인것 같은데

국내 거주하는 외국인들 중 상당수가 중국인들 내지는 조선족들이고 이 사람들 중 상당수가 중국 정부 지침이나 중국 공산당, 중국 국영언론사 철썩같이 믿고 중국 국익을 우선시하면서 중국인으로서 정체성 가지고 살아가는 사람들인데 이사람들한테 투표권을 주면 당연히 정치인들이나 정당들이 중국 눈치 더 많이 볼수 밖에 없고 중국이 직간접적으로 한국에 영향력행사하는 꼴인데

중국이 해외에 나가있는 중국계 커뮤니티 이용해서 외국 정치에 영향 미치는건 유명한 얘기고 특히 호주,뉴질랜드가 이런문제 심해서 그나라들에서도 이슈되고 있다는 전례도 이미 있음

그리고 왜 한국인들이랑 똑같은 의무 가지지도 않는 사람들한테 왜 한국인들이랑 동등한 권리를 줘야돼? 이거야말로 불공정의 전형적인 예시 아닌가?",0,"['지방선거에 외국인 참여 가능한건 좀 됐는데', '주민이니까 주는거지 일단은 일반적으로 지자체 정책으론 국가적 영향을 미치지 못하니까', '서울시장 선거,부산시장 선거가 국가적 영향이 없을수도 없고 좀 됐든 최근부터는 어쨌든 문제 소지 있다는 사실은 안바껴', 'ㅇㅇ그걸 부정하는건 아님 나도 문제 있다고 생각해 근데 국민으로서의 의무와 주민으로서의 의무를 구분해야 되는것같음 주민으로서의 의무를 기준치 이상 다하면 지자체투표권은 줄수 있겠지 예를들면 납세라든가', 'f5비자 커트라인보면 한국영향력 안받고 살아가긴 힘들걸']"
근데 중국이 미디어전으로 화 돋구는거,"이런거 원래 스멀스멀 하는지도모르게 해야 효과있지않냐
근데 왜 이런식으로 화만 불러일으키는거임??
ㅋㅋㅋ",1,['걔네 이미 스멀스멀 밑밥 다 깔고 이러는 걸껄 몇년전부터 걔네 드라마에 한복입은 애들 나오고 동북공정 빡세게 해서 중국인들은 이미 세뇌 다 당했을 걸']
근데 중국이 미디어전으로 화 돋구는거,"이런거 원래 스멀스멀 하는지도모르게 해야 효과있지않냐
근데 왜 이런식으로 화만 불러일으키는거임??
ㅋㅋㅋ",1,['걔네 이미 스멀스멀 밑밥 다 깔고 이러는 걸껄 몇년전부터 걔네 드라마에 한복입은 애들 나오고 동북공정 빡세게 해서 중국인들은 이미 세뇌 다 당했을 걸']
조선구마사,뭔일임?? 얼마나 왜곡했늠데?? 아니 철인왕후도 장난아니지않았어??나 조선구마사 안봤는데 여튼 좀비얘기면 그냥 사실과 무관하다고 생각하고 하는거아냐?? 어케 모 왜곡함?? ㄹㅇ 궁금해 제발 알려줘 일본 중국?? 여튼 ㅈㄴ 우리나라 모욕하면 폐지해라!!,0,"['조선시대 얘기면서 중국 의상, 소품 쓰고 세종대왕이랑 태종이미지 이상하게 만들었음', '자세한 건 검색해봐', '방금 유튜브에서 논란보고옴. 존나 빡치누 폐지해서 다행이다 후... 아니 작가 중국찬양함?', 'ㅡㅡ.. 진짜 건드리지말아야할분을 건드셨네']"
갓세븐 잭슨 아디다스 협력중단 성명문,상황설명: 아디다스를 비롯한 다국적 기업들이 더이상 위구르족 탄압해서 만든 목화는 사용 안한다고하니까 중국인들이 화나서 불매운동하고 연예인들까지 나서서 참여함,4,"['나이키도 마찬가지', '흐앤므에 빅토리아도 그랬음 이글 댓글에 아는 사람 다 남겨주셈 거르게', '아디다스 이건 잘했네... 나치당에 부역한 기업이긴 하지만', '중국소속사 이름 신기하네', '추방시키자~', '근데 진지하게 얘네는 이런거 안하면 나라에서 진실의방에 가둬버려서 그러는거 아님?', 'ㄴㄴ 걍 중국시장 눈치보는거고 갓세븐 잭슨은 홍콩경찰까지 지지한걸로 봐서 중국공산당에 대한 애정이 상당해보임', '위구르나 제발 탄압하지마 니들이 정상국가는 맞냐']"
갓세븐 잭슨 홍콩출신 아니냐?,ㄹㅇ 매국노네 하나의 중국도 지지하고 위구르족 탄압도 지지함ㅋㅋㅋㅋ,3,"['진짜라면 앞으로 볼일없길 바람', '어떻게 알아?', '하나의 중국 지지한건 웨이보에 올렸고 아디다스, h&m같은 다국적 기업이 위구르족 탄압해서 만든 목화 사용 안한다고 하니까 국가의 이익이 모든 것에 우선한다면서 아디다스랑 협력관계 끊음', '걔 옛날부터 그랬음 중국자본맛에 푹 빠졌나봄', '직접 올린거야 아님 회사에서 시킨거야??', '옛날에 기사 봤는데 하나의 중국 지지하는건 중국에서 시켜서 하는게 아니라 애국심에 하는거랬음 . 그리고 회사가 시킨다고 홍콩경찰 지지하고 위구르족 탄압 못본척하는거부터가 제정신 아니라는 증거임', '쉴드칠 목적은 아니고 잭슨 부모가 중국 본토 사람일껄', 'ㅇㅎ 그럼 매국노가 아니라 걍 짱개네(여기서 짱개는 모든 중국인들이 아니라 중국공산당 옹호하고 홍콩경찰 지지하는 중국인들을 말한거임)']"
차라리 블랙핑크 지수가 설강화에 나와서 잘됨,그 드라마 엎어지면 블핑 해외팬들 개빡칠텐데 이건 중국이 그동안 동북공정을 이렇게 해왔고 중국이 타국을 본인들의 속국인마냥 취급하며 사상주입하고 역사 왜곡하려고 들기 때문에 일어난 일임. 문제는 중국한테 있으니까 해외팬들의 분노를 중국에 돌리고 이 일을 더 크게 알릴 기회임. 지금 위구르때문에 중국에 반대하는 사람도 많은데 이시점에 중국때문에 블핑지수 첫주연작이 엎어졌다는걸 알려야함. 이기회에 블랙핑크지수라는 사람의 영향력을 좀 빌려야함,60,"['하 나 김혜윤좋아해서 설강화 기다리고있었는데 ㅈㄴ빡치네 중국', 'ㅁㅈ 해외팬들이 모르니까 저지랄하는거아니냐', '와 라인업은 미쳤메', '네', '근데 내용을 알고도 이런 드라마 배우들이 왜 선택하는 거임?', '신인이면 몰라도 난 일단 중국 거대 자본 들어왔다 하면 드라마 패스할 듯', '돈이지 뭐..', '너가 말한대로 되면 정말 좋겠다.. 근데 블랙핑크 중국팬들도 많고 그 사람들 돈 많이 써서 앨범 공구도 개크게 열거든?? 그래서 블핑 앨범판매나 조공받는거에 중국팬들 영향력이 어느정도 있는데 지수 드라마 엎어지는 이유가 중국의 역사 왜곡이라고 하면 중국팬들이 가만있지 않을거란말임 나는 그게 걱정이야', '블랙핑크가 주로 동남아팬이많으니까 잘된듯. 동남아들이 중국에 반감많으니까 ㅇㅇ 동남아 상류층,엘리트층은 죄다 중국인들이잖아', '아니 근데 저 쟁쟁한 배우 사이에 지수가 어떻게 주연이야?..... 필모도 하나도 없으면서', '나 블핑 팬인데 진짜 대기업 자본 반감 생긴다.. 데뷔 전이긴 했어도 프로듀사에서 얼마나 못하는지 봤는데 어떻게 첫작이 주연이지', '기사보면 오디션 봤다고 하긴 하던데. 근데 yg가 중국 투자(텐센트 등) 받고 드라마 투자하면서 돈을 많이 범. 그리고 설강화=jtbc(???? 머니-4000억 투자 중 텐센트가 1000억). 그냥 그렇다고.! ㅎㅎ', '솔까 김혜윤이랑 지수 배역 바껴도 난 인정', '근데 트위터같은거 보면 외국팬들 한국네티즌들 욕하고있음ㅅㅂㅋㅋㅋㅋㅋ무뇌들']"
보통은 일본을 싫어하지,"근데 난 중국이 더 싫어
일본이 좋다는게 아니라 과거가 어떻든

코로나 미세먼지 황사

그냥 우리 일상생활과 국민의 건강을 직접적으로 위협하는 이 미친 짱깨들이 제일 싫어",63,"['그냥 존나 민폐야 짱깨는', 'ㅊㅉㅈㅉ이 괜히 나온 말이 아님', '일본은 물밑에서 작업하고 중국은 위에서 대놓고 작업해서 둘 다 싫은데 중국은 너무 영향 끼치니까 더 싫음...', '모든 한국인이 그럴듯ㅋㅋㅋ', '솔직히 중국이 작업치는 건 좀 무서움.. 일본 난리 치는 거 빡치는데 중국은 빡치면서 겁남', '일본은 그래도 똘똘 뭉치진 않아서 어느 정도 대응이 가능한데 중국은ㅋㅋㅋㅋㅋ; 요즘 하는거 보면 홍콩이 남일이 아님', '일본은 줘도 못먹는 ㅂㅅ들이고 중국은 목숨을 다해 지켜도 뺐어갈 수 있는 능력이 있는 놈들임', '나도ㅅㅂㅋㅋㅋㅋㅋ일본은 말 통하는 척이라도 하지', 'ㄴㄷ 정확히 말하면 중국공산당과 그 옹호세력이 싫어', '걍 무턱대고 일본이란 단어만 나오면 발작하는애들 ㄹㅇ 못배운거같음', '일본은 은근히 교활하고 야비한 느낌이라면 중국은 걍 역겹게 더럽고 뻔뻔한 느낌이야']"
백제 요서경략설은 환단고기가 아니라 중국역사서에 있는 얘기임.,"우리나라 삼국사기에는 딱 두 번 정도 나오는데,
중국 기록에서는 10번 넘게 나옴.
이걸 환단고기라고 하는건 좀...


그뒤 고려는 요동을 경략하여 차지하고, 백제는 요서를 경략하여 차지하였다.
백제가 다스린 곳을 진평군 진평현이라 이른다.
《송서》 97권 동이열전 백제(5세기 후반)

백제는 변진(弁辰)의 나라로 진대(晋代)에 일어나 번작(蕃爵)을 받았다.
스스로 백제군(百濟郡)을 고려 동북에 두었다.
《남제서》(南齊書), 《건강실록》(建康實錄)(537년 이전)

진나라 말기, 구려가 요동을 경략하여 차지하자, 낙랑도 요서 진평현을 차지하였다.
또는
진말에 고구려가 요동과 낙랑을 경략하자, 요서진평현을 차지하였다
《양직공도》 백제국사(6세기 전반)

진나라 시대, 구려가 앞서 요동을 경략하여 차지하자,
백제도 요서 진평 2군의 땅을 점거하여 차지하고 스스로 백제군을 설치하였다.
《양서》 54권 동이열전 백제(7세기 전반)

진나라 시대, 구려가 앞서 요동을 경략하여 차지하자, 백제도 요서 진평 2군의 땅을 점거하여 차지하고 스스로 백제군을 설치하였다.
晉世 句麗旣略有遼東 百濟亦據有遼西晉平二郡地矣 自置百濟郡
《남사》 79권 동이열전 백제(7세기 중반)

진나라 시대, 구려가 앞서 요동을 경략하여 차지하자, 백제도 요서 진평 2군의 땅을 점거하여 차지하였다.
지금의 유성과 북평 사이이다.
《통전》 185권 변방 동이 상 (9세기 초엽)

고구려·백제 및 우문부·단부의 사람들은 모두 병세에 따라 옮겨진 바, 중원의 의로움을 좇아 여기에 온 것이 아니므로 모두 돌아갈 생각을 가지고 있습니다[11].
《십육국춘추》 16권 전연록 모용황(6세기 말엽)

이해 위나라 오랑캐가 다시 기병 수십만을 보내어 백제를 쳐서 그 경계에 들어가니, 모대가 장수 사법명·찬수류·해례곤·목간나를 보내어 무리를 거느리고 오랑캐 군대를 습격하여 크게 깨뜨렸다.
《남제서》 58권 동남이열전 백제(6세기 전반)

위나라가 병사를 보내 백제를 공격했지만, 백제에게 패배하였다. 【진수가 말하길, 삼한은 78개국이고, 백제는 그 중 하나이다.】 【이연수의 사서에는, 그 전에 백가가 바다를 건넜는데, 후에 강성한 국가를 세웠으므로 백제라고 하였다. 진나라 시기에, 구려가 요동을 다스리자, 백제 역시 요서와 진평 2군의 땅에 의탁하였다.】
《자치통감》 권136 제기2 세조무황제 상지하 영명6년(488) 12월조.

10년 위나라가 병사를 보내 쳐들어왔으나 우리에게 패하였다.
《삼국사기》 26권 백제본기 동성왕(12세기 중반)",1,[]
휠라 차이나 미친거임?,"이번 위구르 불법노동에 대해 나이키 이런데는 강경하게 목화 쓰지 않겠다, 반대한다는 입장표명하고 있고만 가만히 있어도 모자랄 판국에 국내기업에서 매국을 하냐? 진짜 미치겠다 중국자본 맛이 글케 달달허냐?",33,"['호고곡...', '퓔라 선대회장님...그립습니다...', '와 중국매출이 어느정도길래?? 절반이상되는건가?', 'xi의 따뜻한 젖꼭지 빨겠다', '불매하면 되는거자ㅇㅇ', '휠라 안이뻐서 안삼ㅋㅋㅋ', '에휴 너가 기업인 입장이여봐라 중국 시장 포기하는 게 말처럼 쉬운 지 ㅋㅋ 휠라에 딸린 식구들이 몇인데', '짱깨 어쩌고 한 애 어디갓냐 ㅋㅋㅋㅋ 어휴 피가 뇌속에 가득차서 무슨 말인들 못할까 뭣도 책임져 본 일이 없으니 ㅈㄴ 쉽게 말하지', '애들은 삼성도 중국 공장 철수할 때 공장 다 빼앗기고 쫓겨나다시피 나간 거 모르나 ㅋㅋ 반중이 니네 말처럼 쉬운 줄 알아?', 'Ga', '휠라차이나는 휠라것이 아니라 안타스포츠라는 중국기업거라 경영권 없어. 이걸 두고 매국이라 할거면 국민들이 돈모아서 지분율 51% 만들어주던가..', '공감합니다', 존나 생각없이 비판하고 불매하는 것들 때문에 한국에서 잘 하고 있는 기업들이랑 노동자만 죽어나는거 아냐. 반일이랍시고 언플한 불매운동 때문에 정작 피해본건 한국서 열심히 일하던 '한국' 직원들임. 글쓴이도 이미지만 보지말고 지분관계나 명확히 파악하고 글 쓸려면 써. 괜히 선동해서 애꿎은 휠라홀딩스 물맥이지 말고., '어후 사이다', '우리나라에서 불매해봤자 우리나라 기업 우리 손으로 망치는 것 뿐임.. 중국 휠라는 이미 중국 지분이 대부분이라 별개로 봐야지', '휠라코리아에서 휠라차이나랑은 전혀 상관없다고 입장표명해줬으면 좋겠다']"
한국은 중국이 삼키려든다,막아야해.... 러시아가 우크라이나 잡아먹는거랑 똑같아...,0,"['러시아/우크라이나랑은 상황이 좀 다르지 않나? 걔넨 기원부터가 같은 나란데.. 물론 싫다는대 억지로 집어삼키려는건 잘못이지만', '그렇긴 한데 얼마전에 들었는데 걔네 전략?이 엄첨똑같더라고.... 중국이 지금하는거랑', '중국도 기원 같다고 속이는 중이잖아 개 소름이네', '그니까.... 주변국들한테 이러는게 그냥 멍청한게아니라 진짜 노리고 덤비는거인거같음..,', 'ㅇ....우리가 더끔찍하지']"
예전에는 뉴스도 세상물정 아는데 도움됐지만,"지금은 뉴스도 sns 못지않게 ‘차단’하고 싶다
투기, 자살, 아동학대, 실업난, 출산률, 집값, 고령화이런 부정적인 뉴스만 있는거는 역대급인 듯
대내적으로 그냥 한국은 미래가 없다는거고
대외적으로 코로나에 중국몽에,,,
뉴스마저 콱 막히게 한다

기계화로 인한 실업률 출산률 저하로 인한 대학정원 미달 고령화사회 진입으로 인한 복지비용 부담증가 이런건 옛날에는 예상에 불과했고 직접적으로 와닿지 않아서 사람들이 그냥 지나쳤지만 이제 이런 문제들은 가장 취약한 국민들 삶속에 경제적으로 영향을 조금씩 미치게 되고 그 영향을 우리 세대가 우리가 고스란히 떠안게 되는 듯

제일 불쌍한 세대",1,"['ㄹㅇ 암울해', '그런데 난 어디에서도 한국의 젊은이만큼 수많은 이데올로기와 갈등하고 생각하고 문제제기하는 사람들을 못 본 듯....내 희망은 그것밖에 없어 끊임없이 싸우고 생각하는...', '바로 옆나라인 일본 중국처럼 힘든 상황에서 국가가 말하는 허상만 믿고 뽕에 취해사는게 아니라 현실을 직시하고 극복해내려는거라고 봄', '나라의 이익, 개인의 이익 그 사이에서 현실을 보는거 생각보다 어려운데 어떻게든 실체를 드려내려는 사람들이 있고 나는 그 사람들이 변화를 가져올수 있을거라고 믿어', '진짜 요즘 젊은 사람들 많이들 깨어있어 586세대에 비하면.. 그만큼 허무주의나 이상한 사상에 빠져있기도 한데', '글쓴이가 언급한 그 문제들이 지금의 90년대생들을 깨어있게 만든듯', '허무주의가 왜 이상한 사상이냐ㅋ']"
중국 얘네 홍콩먹고 자신감 얻어서,한국한테도 발 뻗으려는거 같은데 진짜 조심해야할거 같음,3,"['기초작업 들어간 것 같은데 요즘 하는 짓거리들 보면... ㅅㅂ', '지금 꼴 봐선 엔터쪽은 이미 매국노 판인거 같고 참담함', '천안문 진압한 그대로 홍콩한테 먹혔으니 지금 자신감 엄청날듯', '코로나 이용해서 다른 나라들이 개입 못한거 이용한거지 우한폐렴으로 시진핑이나 죽지 왜 애먼사람들이 희생된걸까']"
"고구려, 발해 역사드라마 많이 만들어야함.","그리고 실제로 중국 기록에 백제가 산동반도에 진출했다는 내용도 있다던데,
이걸로 드라마 만들면 중국 애들이 난리칠까 궁금하네...
자기들 역사서에 있는 내용이긴 한데 중국은 기록을 무시한다고 하더라고..

우리 드라마나 이런 것들이 조선에 너무 치우쳐져 있어서, 그리고 한국 역사상 제일 중국에 빌빌대던 국가가 조선이라 오히려 중국애들이 계속 저러는듯...
고구려, 발해 관련 드라마가 많아졌으면 좋겠다.
조선 얘기 지겹고 별로 반갑지도 않음.",46,"['옛날 주몽이나 대조영 줄여서 리메이크 해도 좋을듯 ㅇㅇ', 'ㅇㅈ', '수종좌의 머조영', '달이 뜨는 강 사진 떴을 때 김소현 입은 옷 한푸라고 중국 인터넷에서 난리쳤잖아ㅋㅋㅋㅋㅋㅋ 고구려 옷인데ㅋㅋㅋㅋ', '보보경심려도 고려 옷인데 중국 옷이랑 똑같다 그러고 조선 옷에서 벗어나서 다양한 한복 보여줄 필요 있는듯', 네이버 웹툰 진짜 옛날 작중에 '비흔'이라는 역사물 있었는데 개인적으로 이거 드라마화 되었으면 좋겠다는 생각 많이 함. 후레자식 스위트홈 그림작가 데뷔작인데 배경이 통일신라, 고구려백제 부흥운동 이런 생소했었어, '오 대박 이런 건 처음이네 함 보러가야겠다', '아 비흔 추억이다... 진짜 재밌는데...', '비흔 씹띵작 ㅇㅈ. 하루만에 정주행 쌉가능임', '남은 기록이 거의 없어서 그런거 아님?', '유물로는 부족하지 역사서가 남아있어야하는데 삼국이 만든 역사서는 다 없어졌고 중국도 분서갱유 문화혁명 이지랄 해서...', '그냥 환단고기 기반으로 드라마하나 찍어ㅋㅋ', '환단고기는 뭔 개드립이야ㅋㅋ 백제 요서경략설 등은 우리나라 역사서에는 안 나오고 중국측 역사서 7~8권에 나오는 소리인데ㅋㅋ 환무새 개극혐', '개드립친거 맞앙', '고구려 발해 역사는 상세한 기록이 남아있는 게 많이 없어서 대하드라마 식으로 만들기 힘들대. 주몽, 대조영 정도가 최선이라던데...', '백제는 일본한테 군사지원 받으려고 왕자들 인질로 보내던 나라였지 요서경략설은 환빠들이나 하는 소리고. 그리고 당시 전라도 일대는 일본 나와바리였지 ㅇㅇ 이번에도 전방후원분 또 나왔는데 덮어버리려다 논란생겼잖아']"
아무리봐도 중국 ㅈㄴ 무섭다,"티벳 위구르 탄압에
홍콩 사실상 중국으로 만들어버렸고
동남아랑 아프리카는 차이나머니로 휘어잡아서 지맘대로 부릴수있고
진짜 다음 타겟 우리나라 아니냐..?
저번에 차이나게이트도 공론화 되나 했더니 팍 사라지고
댓글 여론몰이에
실검 닫고
중국자본 국내에 유입된거도 맞잖아
경계를 해야 되는거아니냐
우리 홍콩처럼 될까봐 ㅈㄴ 무섭다 진짜로",4,"['차이나게이트는 솔직히 그냥 음모론수준이었는데', '먹힐까봐 진짜 무섭긴 함.. 그런 의미에서 미국이 더더욱 1위가 돼야 함 앞으로도', 'ㄹㅇ 미국에 충성하면 좋냐고 그러는 사람들 있는데 나는 미국의 경비견이 시진핑의 애완견보다 백배천배 낫다고 봐']"
지금 나이키 중국에서 화형식당하고 있다네 ㅋㅋ,신장 위구르 인권유린해서 노예재배하는 면화안쓴다고 선언했다고 ㅋㅋ,3,"['h&m 아니었어? 나이키도 똑같이 안쓴다고 했구나', '아디다스도 그렇고 많이 동참한듯', '진짜 ... 이해할 수 없어', 'haters wil hate hate hate', 'Made in china 많이 쓰라고 해']"
진심으로 충격적이네요,"핫게보고 홍콩 소식이 궁금해서 뉴스찾아보니 홍콩은 이제 중국입니다 라고 말하는데 소름이 돋고 무섭네요
하루아침에 국적이 바뀌다니 ..ㄷㄷ",38,"['와...', '???헐', '대영제국의 시민에서 짱깨가 되면 얼마나 좆같을까? ㅋㅋ', '다음은 우리다', 'ㄹㅇ우리도 조심해야함 대만까지 장악하면 우리나라 노린다', '착짱 줏짱']"
중국을 조심해야하는 이유,"아래 홍콩사람 예언처럼 시시건건 자신들의 막대한 자본을 투자해 우리나라 문화사업에 개입하고있음
그냥 투자가 아닌 동북공정 빌미를 제공하며 우김
이게 단순 시작일지 끝일지 아무도 모르지만 정말 주의해야하는건 맞음
특히 중국의 의도가 뻔히 보이는 산업은 이럴때일수록 우리가 더 불매해야함",133,"['Be aware or be next', '두번 째 사진은 볼 때 마다 소름돋네', '미국이 훨씬 낫다ㄹㅇ', '타이완 방송계가 그렇게 무너지지 않았냐ㅋㅋㅋㅋㅋㅋㅋㅋ 자본 투입하고 배우랑 스태프 다 빼가고 시청률 안나와서 돈 없어지니까 인수해서 기술빼가고ㅋㅋㅋㅋㅋ', '지금 우리나라 방송계가 점점 비슷한 루트 타는것 같아서 너무 불안함.. 모든 방송사가 그런건 아니지만 하나 둘씩 계속 나타나니깐 경계해야할 필요가 있는듯 ㄹㅇ', 'ㄹㅇㅋㅋㅋㅋㅋ 특히 티비엔이랑 스브스ㅋㅋㅋㅋㅋㅋㅋ 중국 자본 존나 환장하는 거 개 싫다ㅋㅋ 스브스랑 티비엔 중국에 드라마랑 예능 팔아먹으면서 수익 존나 올려서 드라마 퀄 핑계대면서 중국자본맛에 환장해서 존나 드라마 보기 싫음ㅋㅋㅋㅋㅋ 진짜로 나라 팔아먹으면서까지 돈이 그렇게 좋나ㅋㅋㅋㅋ 경계 완전 개빡세게 하고 불매해야함 ㄹㅇ', 'FREE HK 천안문 봐라 중국인들아', '소름끼친다', '친중은 애초에 싹을 잘라야 한다', 'Next is Korea', '남일 아니다 진짜ㅠㅠ 재밌다고 다가 아니야...', 'ㅇㅈ그냥 외국자본 유입은 큰 문제 없는데 중국이면 얘기가 다름', '일본은 음악에 묻어가고 중국은 드라마에 묻어감 극혐임 진짜', '일본 음악은 뭐야?? ㅠㅠ 케이팝 베껴? ㅠ', '호카손 유튜브 봐바ㅋㅋㅋㅋ', '근데 저기 우리나라 화교는 대만쪽 아니야? 인천차이나타운 분들 보니깐 조선족들하고는 다르다고 들었는데 대만 건국일에 행사하고..공산당싫어하는 거로 아는데.. 내가 잘못아는건가?', '이거 인스타 같은데 퍼져서 다른사람들도 다 같이 봐야되는데', '우리나라 인구가 줄어들면 결국 그 자리를 중국 이민자랑 동남아 이민자가 차지할텐데.. 진짜 기를 쓰고 출산율 높여야 하는데ㅐ 뭐하는 짓이니 모르겠음', '근데 잘생각해봐 기를쓰고 출산율 높인다가 쉬운 문제가아님', '중국을 더더욱 알아야 하는 이유. 알아야 당하지 않는다.']"
만약 우리 지금 한자 쓰고 있었으면,"이미 진즉에 하나의 중국으로 통합됐을듯ㅋㅋㅋ
상상해보니 개무섭네
세종대왕님 감사합니다",0,"['조금 다르지만 일본은 머임', '대한민국 다음이 일본이지 않을까 역사적으로도 우리나라 거쳐서 교류했으니까 최소한의 명분이라도 있으려면 우리나라 먹고 다음에 일본한테 개수작 걸겠지', '걍 중공이 하도 억지지랄을 해싸니까 한자를 여태썻으면 속국이라 햇을지도 모른다 이거아님?']"
