중철이 중국철학의 이해,5장 분량 목차 제외인가요?,"['이거 한글로 쓰는거예요 한자로 쓰는거예요?', '한글아닌가요?']"
코퍼스중국어 과제제출,원래 하던대로면 과제란에 바로 작성만 해도 된다는거 맞지?? 따로 첨부파일 안 올리고,['웅 나도 그렇게 했어']
이게 과연 국내의 대기오염 때문인가?,이해가 안된다.. 중국발 미세먼지 정확히 언급하고 대책을 내야지 계속 이렇게 지내면 호흡기 질병이 특정 세대의 만성 질환이 될 수 있다고 본다. 진짜 공기청정기 없으면 못사는 시대가 온건가,"['뭐래니', '익1은 중국 유학생인가봐 그런갑다 하자', '고등어 구워서 미세먼지 심한거라는 정부의 답변이 더 어이가없음ㅋㅋㅋㅋ', '다 거기서 거기임']"
ㄱㅈㅎ 중국 통계 사이트,"교수님이 알려준 링크 지금 들어가지는 사람?
나만 안되는거??ㅠㅠㅠㅠ","['중국 사이트는 뭔 맨날 안들어가져 겁나 빡쳐..', '나만 안되는거 아냐? 다행이네']"
독일 일본의 제국주의보다,중국의 공산당이 더 무섭다,[]
일본과 중국 차이,"일본 - 직접적으로는 아니고 가장 큰 영향을 받는 미국은 가만히 있지만 아무튼 방사선 오염수 방출했다고 대통령부터 민주당 모두 풀발해서 아이고데이고 동네사람들 다 나와보소 ㅜㅜ 하면서 난리침

중국 - 자국민이 뺨 맞고 욕설 듣고 미세먼지 초미세먼지에 고통받고 집도 다 뺏기지만 입 꾹닫고 가만히 있음",['훠훠훠 어디가 문재인 건지 잘 모르겠습니다']
중국어 공부를 해놓은 상태에서,"일본어도 배우려고 하면 훨씬 수월할까?

본전공은 중국어인데 일본에서 몇개월 살아보고싶어 할 정도로 일본을 좋아해 (친일파 아님 그냥 일본 특유의 감성이 좋아서)

1학년이라 중국어도 이제 막 배우고 있는데 방학때 일본어까지 공부하려고 하면 너무 벅찰까?","['같은 한자를 쓰는 게 아니라서 그냥 관련없는 언어 2개 배운다고 생각하면 될 듯..', '헤엑 일본어도 간체자 아니야????', '그리고 답글 줘서 넘 고마웡', '난 중국어 전공이라 자세히는 모르지만.. 번체자도 아니고 간체자도 아닌 것 같더라. 배우다가 포기했어... 너무 헷갈려서ㅜㅜ', '나도 중국어 전공이야 반갑다ㅠ 하긴 중국어나 열심히 해야겠어 근데 중국어도 단어 외우기 진짜 넘 힘들더라 微博 이런 단어 볼때마다 숨막혀...', '언어는 자기가 외계인급 초고능력자아니면 하나만 파고.. 하나 진짜 통역할만큼 되고 나서 딴거 하고...', '그러면 안되겠네ㅠㅠ 2년정도 뒤 겨울방학때 일본 가서 2개월 살다오려 했거든 그래서 더 열심히 하고 싶었어', '중국어 제대로 안잡고 하면 한자 엄청 헷갈림 ㅠㅜ...', '으아 그러면 안되겠다ㅠㅠㅠ 그냥 여행만 갔다와야겠네..', '일본어는 번체야.... 중국어랑 비슷한데 다른 한자라서 진짜 조온나 헷갈릴거야 난 비추함', '헤엑 간체랑 같이 섞어서 쓰길래 간체인줄ㅠ 고마워', '일본 한자 모양은 또 다름 취미로만 가볍게 할 거면 하는데 중국어 하는 게 나를 듯', '중국어나 열심히 해야겠네ㅜ 여행은 여행으로만...! 고마워 알려줘서!! 정 아쉬우면 요즘 광고하는 가벼운학습지 그거로라도 일본어 해보려구', '웅 그거도 좋아 나도 본전공 중국어에 일본어는 잠깐 배웠는데 재미는 있더라 중국어랑 한국 한자 어느정도 아니까 일본어 문장 읽지는 못해도 이해하는 건 편하구', '오 알려줘서 너무 고마워 그리고 너도 중국어전공생이구나 반가워!! 정시로 점수 맞춰서 입학한거라 더더욱 중국어 노베인데 사실 중국어 한자 외우기도 급급해 막 微博 이런 단어 볼때마다 숨 턱턱 막히고 그런당 ㅠ 넌 중국어 원래 잘했엉? 단어 외울때 어떻게 해 혹시?!', '외고라 노베는 아냣 외고를 노베로 들어가서 열심히 외웠엉 한자를 배웠어서 그거랑 열심히 연관지으면서 외웠어 나는! 한자는 쪼개면 그게 소리를 뜻하는지 뜻을 뜻하는지 대충 알 수 있으니까 중국어도 그런식으로! 혹은 중국어 글자를 그림으로 뜻이랑 연관 짓거나 그래도 모르겠으면 예문 자체를 외워 웨이보는 상표명?이라 고유명사라서 더 외우기 막막하겠지만 일반명사나 동사는 그런 식으로 외우면 좋아 그게 점점 쌓이다보면 다른 단어 외울 때도 편하고']"
아,중국 안 싫어할래도 안 그럴 수가 없네 내 목에서 피나 엉엉 ㅠㅠㅠㅠㅠㅠㅠㅠ 어쩔거야 이 시방,[]
미세먼지 새낄;;,"중국에서만 보이던 보라색이 한국에도 참나
살기 힘들다 정말",[]
중국 정치사,잘 아는사람,[]
민폐대국 중국,"1.우한폐렴
2.오늘 미세먼지
3.로켓 잔해물 어디 떨어질지 몰라",['너무 화나니까 참깨라면이나 먹으러가야겠다 나는']
코퍼스 중국어 과제 한 사람?,퀴즈 아무것도 안 열려 있는데 뭘로 했어..?,"['엥 갑자기 생겼네', '어떤 학우님이 수업때 말씀하셔서 다시 열어주신거 아니야??']"
중국어로 0 뜻,뭐야? 어떻게읽어,"['야오', '그건 1 아님?', '아 맞다 1이구나 ㅋㅋㅋㅋㅋ', '링?', '링', 'ling 2성', 'líng', '아니', '그럼 무슨 뜻으로 쓰여?', '그런 뜻은 없어!', '중국어사전으로 봐바', '링', '링마벨 가슴이 쿵쿵쿵 뛰는 게 넌 날 미치게 해']"
중국 또 너야?,ㅆㅂ,[]
국힙은,걍 외힙 베끼는 거지? 중국마냥,"['그런거도 많고 아닌거도 많고', 'ㅇㅇ']"
중언문이중전공생 질문,"보통 중언문 본전공 친구들은 졸업할때까지 6급 따놓지?
항상 느끼는거지만 언어학습 위주의 수업이 아닌 이론바탕인 중언문 수업에서도 중국어 읽어보라하면 정말 잘읽어서 깜짝 깜짝 놀람ㅋㅋ","['응응 거의다 따지!', '역시 중언문 ㄷㄷ 멋져', '사람바이사람..나는 졸업시험만 통과하려고', '같이 화이팅하자구!']"
국적법 ㅈㄴ 무섭네,중국한테 먹히는거 빼박인데 저러면,[]
LDT 중국어1 김유미 교수님,한 본문 당 2문장씩 외워오는거였음 본문 2개를 외워오는거였음..?ㅜㅜ 기억이안나요...,"['내가 재작년에 들었을땐 본문당 2문장이였엉', '헉 감사합니당!!']"
실검 없어져서 우리가 모르는 것들,"중국이 우리나라 먹으려 하고 있음ㅇㅇ

1. 국적법 개정 반대
법무부가 국적법 개정한다는데 대상자 95%가 중국인임. 투표권 뿐만 아니라 모든 부분에서 자국민과 같은 권리를 누릴 수 있게됨- 복수 국적 인정 + 대선투표권 + 공직자 가능 + 국적포기 가능 -
지금 국내 토지 거의다 중국인들이 매입하고 있어 이러다간 먹혀
전국민이 우리나라 지켜야해 (꾸욱 눌러서 반대의견 제출해주라)
국민참여입법센터 (lawmaking.go.kr)
국적법 개정 국민청원 https://www1.president.go.kr/petitions/597991

2. 강원도 정동진 차이나드림시티 반대
강원도 정동진에도 차이나 드림시티 추진한대. 이것도 공산당이 개입하고 ( 이미 토지 매입 ) 무엇보다 근처에 우리 군부대가 있어. 계속해서 군부대 주변에도 차이나타운이 들어서고 있는데 이게 우연일까? 정말 심각하다고 생각함. 이미 우리나라에 차이나타운 30개 이상이나 있고 대림동도 조선족한테 먹힌지 오래임. 정동진 포함해서 앞으로 차이나타운은 일절 막아야해 청원+공유 부탁해
(꾸욱 눌러서 청원해줘)
강원도 ""정동진"" 차이나타운 건설을 막아주세요 > 대한민국 청와대 (president.go.kr)
https://www1.president.go.kr/petitions/598133","['투표권은 진짜무섭다...', '진짜 투표권은 개오바임', '제발 탈중국했으면 좋겠다', '진짜 지네 표 된다고 나라를 팔아먹는구나', '뭔가 음모론의 냄새가 나는듯...', '신라가 중국이랑 손잡고 삼국통일하는 모습이 떠오른다. 중국이랑 손잡고 북한쪽으로 통일하려는 큰그림 아닐까', '매국노다. 이꼴인데 뭔 반일운동을해 반중운동이나 하지.', '일본이 우리한테 과거에 한 짓보다 중국이 우리한테 한 짓이 더 큰것 같은데.. 현재는 물론 중국이 씹 넘사고..', 'ㄹㅇ 일본은 (현재만 따졌을 때) 그냥 관심 받고 싶은 찐따 느낌이라면 중국은 관심 주라고 주먹질하는 깡패 느낌임', '??', '하.... 염병할 짱꼴라몽', '와.. 실검 없앤거 진짜 뭐냐', '아니 무슨 원 간섭기도 아니고 21세기에 이게 무슨 황당한 소리냐 더불어매국당이냐', '더불어매국당 맞음 ㅇㅇ 겉으론 반일선동하면서 속으론 누구보다 중국 사랑함', '실검 다시 돌려내', '개웃기다 ㅋㅋ 국내 토지 매입 외국인 1위 미국인 ~', '근 4년간 중국인 보유 토지 125% 상승했습니다. 정치적 상황과 함께 흐름을 살펴야 하지 않을까요?ㅎㅎ', '조선족인가보네 찾아보니까 미국인 56000필지 중국인 54000필지고 미국인은 미국교포가 보유한 게 49000필지임. 여기 반해서 중국인 보유 필지는 다 순수 중국인, 조선족 필지고 최근 급속도로 증가 중', '미국 교포는 미국 교포, 중국 교포는 조선족이구나 ㅋㅋ', '중국교포는 조선족이 아니라 JJang 깨 에용 ㅎㅎ', '차라리 미국인이 땅 사는게 나아 쳐들어올려다가도 미국무서워서라도 공격안하겟지 중국은 어휴..', '착짱죽짱', '했어요 ㅠ 다들 꼭 해주시길 ㅜㅜㅜ!', '다음 대선 기대된다!', '그러면 지금부터라도 한국에서 살지말고 중국으로 꺼져; 말같지 않은 소리 씨부리네', '진짜 미안한데... 중국인 싹다 들어오면 단순히 ""중국어""를 잘하는 사람이 살아남을 수 있는 확률이 얼마나 된다고 생각하니... 너같으면 중국어가 필요한 자리에 중국인 중에 참한 애를 데려오겠냐 굳이 한국인 중에 중국어 잘하는 애 데려오겠냐..,ㅠ', '남녀갈등보다 중국문제가 더 심각함.', '동의함', '한국에서 태어난 중국인 한정인거같은데. 물론 나도 반대는 한다만은.. 좀 읽고 씨부렸으면 좋겠다 다들', '그것도 웃긴거아니냐 ㅋㅋ 중국인이면 중국인이지 갑자기 뭐 국적세탁도아니고', '뭘 안읽고 씨부렸다는건지?? 반대하는척하지말고 토달지말고 국적법 수혜대상 95% 중국인인거맞고 한국에서 태어난 중국이기에 오히려 이중국적도 인정되서 우리나라 특혜 받을거 다받고 불리하면 중국으로 튈준비도 자동으로 된인간들인데... 너나 좀 제대로 읽고 씨부려라', '시진핑 개새끼 해봐', '??? 한국에서 태어난 중국인이면 중국인 이잖아', '시진핑 개새끼!', '???:따쟈하오!', '짱깨박멸기원..', '하고옴;이게무슨일임진짜', '실검 없어져서 진찌 개빡침']"
ㅈㅂㅎ 미시,"아진짜 듣다가 화병날거같아
내가 이렇게 화가 많은 사람인지 처음 알게 해주는수업임.
교수님 자체가 좋고 나쁘고를 떠나서 진짜 내 외대인생 최악의 수업이고 다시는 이 교수님거 듣기 싫음. 이중국통생도 참고하세요 아직 안들었으면.

교수님 본인 강의가 얼마나 최악인지 당신 스스로 모니터링을 해보셔야 한다고 생각함.

혀짧으셔서 발음이 안좋은건 어쩔수없는거니 이해한다쳐도
적어도 괴랄맞은 3시간 풀강을 하실 거면 그에 맞는 강의력이나 필기 뭐 부가적인 플러스 요소가 있어야지, 필기도 중구난방에 글씨체도 정말 안좋으심. 부정확한 발음, 엉망인 필기, 일관되지 못한 글씨체 3요소가 3시간 내내 인강듣는 사람의 눈과 귀를 괴롭혀서 진짜 수업만 들었는데도 다 듣고나면 온몸이 피곤함.

그리고 정말 거짓말 안하고 매주 메일보냄.
'교수님 이거 수업 오류인거 같습니다.'
진짜 매주 강의마다 말실수하시고 잘못적으심.
그리고 말을 정리하시면서 하시는게 아니라 그냥 나오는대로 말씀하시고, 본인이 익숙한 영어 한국어단어 그냥 무작위 조합으로 말씀하셔서 듣는사람은 다 듣고나면 아니 이게 뭔소리야 맨날 이럼.

그리고 방금 중간고사 점수 떴는데 필자는 솔직히 공부한거치고는 시험이 너무 어려웠어서 이정도 점수도 다행이다 싶지만 사실 많이 아쉬움. 근데 보니까 만점받은 사람도 있고 잘본사람도 엄청 많아서 그사람들 대단하다고 느껴졌음. 근데 다 떠나서 점수평가도 그닥 믿음이 안감. 수업때도 맨날 오류투성이신데 평가라고 안틀리라는 법 없다고 생각함. 물론 안그러시겠지만 이렇게 생각하게 만드는 건 다 교수님이 그동안 강의에서 보여주신 믿음직스럽지 못한 전적들 때문임.

그리고 무엇보다도 이번 중간고사는 수업때 강조한걸 하나도 안내시고 무슨 새로운 평행세계에서 온것마냥 생소한 문제들 투성이였음. 수업 1시간 내내 증명하시던거 그 듣기힘든 흡수력 최악 수업에서 듣고 듣고 또들어서 익숙해지고 외우고 다 했는데 시험에서는 수업때 3분인가 동안 한번 언급한거 내시고 그런 증명들 거의 안 내심.

중간고사 대면 결정도 진짜 현시국에 겁나 무리수였다고 보는데 직접 가서 시험 봤던 사람들 다 공감할거에요. ㄹㅇ 개판. 100명넘는 학생들 왔다갔다하는데 조교 하나 없이 교수님 혼자서 거기 다 관리하는 게 말이됨? 시험시간 강조 그렇게 해놓고서는 6시에 시험시작했다는 1차시 사람들 2차시 사람들 들어와서 시험보는데 30분도 더 넘게 앉아있다가 나가는 사람도 봄. 근데 교수 나가라고 말도 안함. 뭔데 이게. 교수 혼자서 시험지 다 나눠주느라 제일 마지막 사람은 처음 받는 사람보다 거의 5분 늦게 시작.
제일 중요하다고 생각하는 코로나 관련 지침 그런거 단 하나도 없음. 만약 코로나 자가격리해야하는 상황인데 시험 대면이면 걍 나와서 봐야됨. 가서도 열체크는 고사하고 뭐 아무것도 안함.
신분증 꼭 지참하라 해놓고 신분증 보지도 않음. ㄹㅇ 누가 대신와서 시험봤어도 교수 절대 몰랐을듯.

진짜 이거 말고도 열받고 답답한 거 너무 많아요. 진짜 그냥 속병 터질거같음. 물론 그냥 받아들이고 무던하게 에휴 걍 좀 빡센수업이다 할 수도 있겠지만 대체 왜 비싼 학비내고 배우는 거에 대한 희열과 카타르시스보다 기본적으로 누려야하는 것임에도 누리지 못해서 열받는 거때매 스트레스 맨날 만땅받고 이 답답함 풀지도 못하고 혼자 삭혀야 하는지도 모르겠음. 그냥 개빡침.
듣기로는 성적 후하게 주신다고 하는데 성적이 뭐라고 ㄹㅇ 졸업필수과목만 아니었어도 이렇게까지 스트레스 받을일도 아닌데 성적 에이쁠 보장된것도 아니고 성적을 위해 달려야하는 가시밭길이 너무너무 아픔.

방금 미시 수업 인강 듣다가 성적 공지된거 보고 성적의 빡침과 기존 수업의 불만과 방금 인강을 들으면서 누적된 스트레스가 임계치를 초월해서 지금 이래 속사포마냥 글 올립니다....후.....

미시 ㅈㅂㅎ듣는 학우분들 남은 6주 잘 견딜수 있겠죠...?ㅎ.","['ㅎㅎ 이준태가 사랑스러울지경', '조용히 추천박고 갑니다 ..', '너무 공감합니다.. 성적도 결코 후하게 주지는 않으세요 작년 경험상...', '아니근데 이정도로 심각함을 다 느끼는데 정말 아무런 피드백이나 요청같은거 없이 이렇게 삭히는게 정말 맞는 일인가 싶어요 교수님 이런 말 여기서 백날 해봤자 절대 모르실거아니에여 ㅠ', '제가 속으로 하는 말 글로 표현해 주셔서 감사합니다', '조용히 공감하고 추천 누르고 갑니다…', '국통 교수진 왜이래', '좋은 교수님들도 많음', '내 성적...ㅠㅠㅠ 나름 진짜 열심히했는데ㅠㅠㅠ 이게 뭐야으어아아야ㅏ웅엉', 'ㄹㅇ 나 이번에 재수강인데 개 후회중 진짜', '진짜 공감이다 배운 거 증명 이런건 안나오고 뜬금없는 문제가 나오고 한국어 강의인데 영어강의 같고 직관적으로 이해하기도 어렵고 쉽게 이해할 수 있는 걸 왜 어렵게 배워야하는지']"
중국어질문,"还是稍微偶尔一两下
""아니면 좀 가끔씩 한두번"" 이라고 해석되는데
下 가 이 문장에서 무슨 의미인지 아시는분 있을까요?","['저도 궁금하네요 뭐를 한두번 하는 건가요', '기침을 한두번한다 라는 상황에서 나온 말인데 下 가 왜들어갔는지 몰라서요ㅠㅠ', '사전 보니까 下가 양사로 ~회, 번 으로 쓰인다고도 하는데 그거 아닐까 싶어요']"
중국생활법률 5/6일 녹화하신분?,"녹화본 있으신분 연락부탁해요ㅠㅠ
사례하겠습니다!","['녹화가 중간에 끊겨서요ㅠㅠㅠ', 'ㅋㅋㅋㅋㅋ 저도 안 듣고 녹음으로 쌓아두고 있는데 문풀한건 들어야할 것 같아서요 혹시 녹화하신거 있으면 ... 제발!!! 쫄보에게 도움을..!!!']"
중국지역경제연구방법,"지역경제 연구방법 ㄱㅈㅎ 교수님 쉅..
혹시 아니 자료 도대체 왜 사이트 안 들어가져요..?
하.. 어디서 자료 찾아야돼요…?
도와주세요…….","['같이하자', '진짜 같이해요.. 아니 주신 사이트로 들어가도 계속 오류나서 안 들어가지디않나요??', '저도요... 혹시 방법 찾으셨나요..?? ㅠㅠ 계속 오류 떠서 못들어가고 있네요', '네 찾앗어요!! 그 왼쪽 하단에 고급 눌러서 그냥 페이지로 이동 누르시면 되더라구요 !!', '혹시 가입 성공하셨어요?']"
중대 선배님들 중국 사이트 어떻게 들어가요?,"계속 위험한 사이트라고 안열려요 ㅠㅠㅠㅠ
과제인데 어떡하죠","['무슨 사이트인데요?', '통계사이트요', '엣지나 크롬으로 바꿔도 안들어가지나요', '네 위험한 사이트라 도용가능성있다고 안열려요', '무슨 허용하는것도 없음? 사진도 같이 올려봐', '열렸어용']"
중국고대사와문화,중간고사 점수 언제 나와??,"['무슨 요일에 들어? 이미 공개하셨었는데', '나 화요일!!', '아 난 월요일에 들어서 중간시험 점수 공개하실 때 공지 올리시는데 아직 그것도 없고?', '웅웅 ㅠㅠ', '엥 왜 아직 안 올리셨지? 월요일은 공개했다가 이미 다시 비공개로 돌리셨는데 궁금하면 메일 한 번 보내봐!', '메일 보내봤어?? 그러게 진짜 궁금하네', '앗 오늘 나왔어!!', '방금 확인했당 잘봤어??']"
중국학대학,논문 심사 빡세?,"['양식이랑 글자수만 맞추면 내용은 엔간하면 통과', '제발제발 나 졸업좀하자....']"
중국 어학연수 다녀오신분,혹시 유학원 통해서 다녀오셨나요! 그리고 대략적 비용도 궁금합니다 ㅠㅠ,[]
ㅈㅂㅇ교수님,중국학개론 수업 있어요?,"['저번 수업때 이번주에 수업 없고 5월 12일에 만나자고 하셨어용', '감사합니다!']"
내일 ㅈㅂㅇ 교수님 중국학개론 휴강 맞지???,ㅈㄱㄴ,[]
생활중국어,진짜 왜케 빡세냐...더럽게 하기 싫다,[]
와 수업하는데 중국인 마이크 왜 안끄냐?,존나 시끄럽네 진짜,"['착짱', '죽짱']"
저기요 중국 철학 송철규 교수님,쉬는 시간이라고 했으면 말 좀 그만하시고 그냥 좀 학생들 쉬게 냅두세요. 왜 쉬는시간까지 침해하면서 잔소리 하시는지 이해가 도저히 안 가네요 저번부터.,[]
중국에 잘 알려지지 않은 장소 추천해주실,수 있나요?,[]
중국어과애들아 촨커가 무슨뜻이야?,외대 근처 식당이름인데 뜻이 궁금해,"['꼬치가게', '串꼬치 客손님객', '비꾸리 일본어공부하지 아너?!', '난 눙력자야😎', '오오... 근데 저거 붙여서 중국어사전에 검색하니까 인형을 조종하는사람이라고 나와 ㅋㅋㅋㅋㅋㅋㅋㅋㅋㅋㅋㅋㅋㅋㅋ 그거 아니고 너가 말한거겠지 ㅋㅋㅋ', 'ㅋㅋㅋㅋㅋㅋㅋㅋㅋㅋㅋㅋ촨커 한자는 일단 저거 맞고 한자 뜻도 저렇게 맞는데 중국어로는 무슨 뜻인지 몰라 ㅎㅎ 중국어는 완전 초급이라>< 근데 원래 촨커가 꼬치 몇십종 파는 꼬치가게로 시작해서 이름이 저거이지 않을까 싶엇엉', '동북아 언어 능력자 ㄷㄷ', '동북아전공이라>< ㅋㅋㅋㅋ']"
중국학개론 ㅈㅂㅇ 교수님,점수 나왔어?,"['중간고사 점수 안나오고 기말때 합쳐서 나온다고 하심', '감사해요~']"
중국어 교양 토론 시키나요?,최향란 교수님은 시키시는데 김매 교수님이나 자오징징 교수님 수업도 토론을 하는지 궁금합니다,"['저는 매주 토론 때문에 힘드네요ㅜ', '최향란 교수님 수업이신거죠? 사실 저도 너무 힘들어서..', '김매 교수님은 대답 폭탄돌리기가 매주 있습니다...그런데 피할 수가 없어요...교수님이 모두를 다 지목하시거든요', '아 ㅋㅋㅋㅋㅋ 질문 난이도가 많이 어렵나요?', '아뇨 사실상 교재 읽고 해석하기나 문장 만들기와 번역 단어 읽기 이정돈데 하기가 싫을 뿐이죠...ㅋㅋㅋ재수 없는 날엔 한 학생이 세 번은 이름 불리는 날이 있는데 매주 일어납니다^^', '어떤 느낌인지 알겠네여 ㅋㅋ 감사합니당']"
중국의 미래ㅋㅋ,민주주의 킥!,"['로즈 질질 짜면서 아임더 베스트 하는거 귀엽더라', '아이엠 더 베스트 흐힛!']"
혹시 브릭스 지역입문 중국,지금 액세스 요청 때문에 수업 못듣는 사람 있어??,"['교수님 메일도 모르시죠 ㅠㅠ?', '혹시 지금 해결 되셨나요??', '나도ㅜㅜ', '다른 사람들은 지금 듣고 있는건가 ㅠㅠ?', 'ㄴ ㅏ.. 그라서 이클 쪽지 보냈음... 아 오늘 계획 다 틀어짐...', '쪽지 어떻게 보내?? 나도 보내려고 하는데 창이 안보여..', '혹시 받는사람 누구로 설정하고 보낸거야? 중국파트는 교수님 정보가 안나와있어서', '정보은 교수님!!', '근데 교수님 강의계획서도 없는데 어떻게 알았어?? 나만 몰랐던건가 해서 ㅠㅠ', '강의자료 올리신 곳에 성함 보여!']"
요새 중국집 배달 시키면,그릇 뭐로 와?? 일회용기야?,['집바집']
고려한복무새야 그만해라,미안한데 중국이고 뭐고 예쁘지도 않고 관심없음,"['할수도 있지 왜 애 기를 죽이고 그래', '마자~~', '꼴랑 두번 올렸는데 왜구랭... 난 관심있어']"
중국이 요즘 한복 지들꺼라고 하는데,"고려 한복 보고가
겁나 이쁘지","['진짜 이쁘지 않냐', '와... 신선 같아', '보보경심려 착장봐바', '혹시 한복 가지고 계신가요?']"
중국어회화에서도,"상대방이 칭찬하면
대답으로 不是不是 (아니에요ㅋㅋ)라고 대답하나요?","['.', '哪里哪里', '不是不是하면 어떤 느낌인가요?', '아주 자세한 뉘앙스의 차이는 모르겠는데, 둘다 써도 큰 차이 없는것 같아요!', '没有没有']"
대만은 대중국여론 어때?,"완전 반중일색이라고 생각했는데
그건 또 아닌가봄?","['반중도있지만 친중도있음', '우리나라가 북한에 대해 가지는 생각? 이랑 비슷하지 않을까']"
중국어회화 뉘앙스 질문,"看你有点可惜唯独一个就.....
""근데 좀 아쉽게 유독하나만... "" 이라는 뜻으로 해석되는데 ""看你"" 부분이 무슨 뉘앙스인지 아시는분있나요?

상황은 고구마를 여러개 구매했는데 유독 하나가 아쉽게 썩은 상황에서 점원에게 보여주면서 바꿔달라고 하는 상황입니다","['점원한테 이거 좀 보라구', '그건 ""你看"" 아닌가요? 아니면 你看랑 看你둘다 같은 의미로 봐야할까요?ㅠㅠ', '제 생각에는 점원한테 이것좀 보세요라고 말하고 싶었으면 你看이 맞는것 같고 看你는 이것좀 봐라 ~ 뭐가 잘못되지 않았느냐 뉘앙스로 말하는것 같아요', '봐봐 너 이거 고구마가~']"
남중국해로 떠나는 영국해군항모,퀸엘리자베스,['리빙포인트) 영국은 양키가 아니다']
중국어 하는 사람 중에 일본어 배우고 싶은 사람?,"각자 독학하다 모르는거 있으면 질문하고 그럴래..? 나 사실 전공자도 아니고 jlpt도 2급이지만 노베 도와줄 정도는 될 것 같아서..!
난 중국어 거의 노베야ㅎㅎ....","['헐 나 중국어 전공생이지만 나중에 중국어 잘하게 되면 일본어도 하려했는데 대박이당 근데 아쉽지만 난 정시로 들어왔어서 그런지 더더욱 그냥 완전 노베야ㅠ', '응..? 중국어 노베라는거야..?', '아 중국어 노베라는 소리를 안했네 미안ㅋㅋㅋㅋㅋㅋㅠ', '게임하다가 잠깐 댓글 단거라 그랬네', 'ㅋㅋㅋㅋㅋㅋㅋㅋㅋㅋㅋㅋㅋ', '중국어 노베면 날 도와줄 수가 없잖아ㅠㅠ', '맞아 그래서 아쉽다고 한거ㅋㅋㅋㅋㅋㅋㅋㅠ', '오 난 중외통 이중이고 일본어도 나중에 배워보고 싶음 ㅋㅋ 같은 한자문화권이라 그런가', '지금 배워볼 생각은?!', '흐음 함 시작해볼까 니혼고...', '오시에테 츄고쿠고....', 'ㅋㅋㅋ 본전공에 치여서 시간 많이는 쏟지 못할 거 같긴 한데 그래도 새로운 언어 해보는 것도 괜찮을 거 같다', '괜찮으면 쪽지 줘~~ 나도 중국어 공부에 시간 많이 못 쏟는건 마찬가지지만 질문 받아줄 사람이 필요해서..']"
"일본어, 영어(저) -> 다른 언어(여러분) 교환합니다","(글캠생입니다. 미리 죄송합니다. 다양한 분들과 교류하고 싶어서 이쪽에도 글 남깁니다ㅠㅜ 저는 설캠생 분들 진짜 대단하고 멋있다고 생각해요!!!)

그냥 이런저런 지식들 교환하고 싶어요.
일어는 N1, 토익은 950+ 보유하고 있습니다!
파이썬도 교환 가능합니다 (ㅋㅋㅋㅋ)

관심 있는 언어 :
러시아어 🇷🇺 스페인어 🇪🇸 독일어 🇩🇪 프랑스어 🇫🇷 헝가리어 🇭🇺 중국어 🇨🇳

며, 전문적 지식을 바라는 게 아니라 그냥 외국어에 대한 지식을 가볍게 공유할 친구를 구하고 싶은 것입니다! 해당 언어가 아니더라도 자유롭게 쪽지나 연락주세요!","['언어에 대한 열정 멋있어용 ,, 화이팅하세요 !!', '감사합니다!! ❤🧡💛', '죄송할 이유가 하나도 없어요 오히려 열심히 하시는 모습 보기 좋아요', '감사합니다!! ❤❤❤ 저번에 비슷한 글을 올렸는데 반응이 안 좋아서 위축된 것 같아요... 이런 글 써주셔서 감사합니다!!', '일대 노베인데 딴건몰라도 n1부럽네요..ㅠ', 'ㅜㅜㅜㅡㅠ 저도 운이 좋아서 취득했다고 생각합니다! 다시 말해 익명4님도 잠깐의 부엉이 공부로 꼭 취득하실 수 있다고 생각해요! 더군다나 외대 일대의 커리큘럼은 탑이니까요!! 좋은 하루 되셨으면 좋겠습니다 😀', 'ㅎㅎ 좋은말씀 감사합니다 글쓴님도 외대에서 좋은꿈이루고 가셨으면 좋겠습니다!!', '엥..도대체 왜 죄송하십니까 학우님!!!!!!!!!!!!!!!!!!!!!!!!!!!!!!!!!!!! 일본어 N1에 토익 950+..파이썬까지...인재시네요 저는 아무것도 없는데....ㅎㅎ ㅠ', '멋지십니다.................', '감사합니다❤❤❤❤ 익명님은 저보다 더 좋은 자격 많이 가지시구 대성하실거예요!!!', '전혀 죄송하지 마세요 이상하게 반응하는 애들이 미친놈들임. 언어에 대한 열정 멋있으시네용 전 중국어가 본전공인데 일본어에 계속 관심이 가서 일본어도 혼자 배워보려구용', '글고 혹시 일통이신가요?', '헉 네, 저 일통입니다!!']"
__D-day🚨[BYOI] 📚한국 전래동화 외국어 번역 및 오디오북 녹음 프로그램📚,"안녕하세요:) 21-1학기 한국외대 비교과프로그램 BYOI 🌹 '히어로즈(HEARose)' 🌹팀입니다!

저희는 '한국 전래동화 외국어 번역 및 오디오북 제작 프로젝트'를 기획하였습니다.
본 프로그램의 목적은 한국 전래동화 번역본 및 오디오북 제작을 통해 외대 학생들의 전공어 역량 함양과 한국 전래동화의 문화적 가치를 파급하는 것입니다.

우리나라 전래동화 중에서도 칠월칠석의 유래설화인 📚견우와 직녀📚를 번역하고 녹음하고자 합니다!
저희와 함께 다양한 언어로 번역본 및 오디오북을 제작하실 참가자 분들을 모집합니다! 🌹

📍모집대상📍
- 본인의 전공어 실력을 향상시키고 싶으신 분!
- 자신의 목소리로 전공어 오디오북을 제작하고 싶으신 분!

📍모집방식📍
- 모집일정: 4월 26일 ~ 5월 1일
- 아래 구글 폼으로 개별 신청하시면 각 언어별 지원자를 선착순으로 취합하여 팀을 꾸릴 예정입니다.
- 팀은 각 언어별로 최대 6명으로 구성될 예정이며 지원현황에 따라 변경될 수 있습니다

📍활동방식📍
- 팀별로 ""견우와 직녀"" pdf를 제공받아 번역 작업을 거친 후, 팀원 중 희망자의 목소리로 녹음 과정을 거쳐 오디오북을 제작할 예정입니다.
- 완성된 오디오북은 '한국외대 오디오북 프로젝트' 유튜브 채널에 업로드 되며, 번역본은 책자로 제작하여 학교 도서관에 비치할 예정입니다.
- 5/2 팀 발표 및 카톡방 개설
- 5/3~5/9 번역본 제작
- 5/10~5/16 교수님 검수
- 5/17~5/21 각 팀별 녹음 및 파일 수합
- 5월 말 유튜브 업로드

🎁참가혜택🎁
1등 ✨상금 10만원✨
3등까지 교육혁신원장 이름으로 발급되는 상장 지급✨
참가자 전원에게 5000원 상당의 기프티콘✨
(유튜브 조회수 기준으로 1,2,3등을 선정할 예정입니다)

✨인스타그램 @byoi_hearose에서 더 많은 소식이 업로드 될 예정입니다!

❤️참가신청양식 링크❤️
👉🏻https://forms.gle/uUAiK9VfQ1LckH5p6

지원 마지막 날 입니다!! 서둘러 신청해주세요💕

📍5/1 지원현황
불어 5/6
노어 4/6
독어 3/6
이어 3/6
네어 1/6

마인 5/6
아랍 4/6
태국 3/6
터키 2/6
몽골 1/6
인도 0/6
이란 0/6

베트남 마감
포어 마감
스칸 마감
서어 마감
영어 마감
일본어 마감
중국어 마감",['홍보게시판 가세요']
하이브 빅히트 중국인은 안뽑는다네,주식사야겠다,"['굿', '역시 빅히트']"
트래도스 중국어,트래도스 다들 과제 점수 뭐 받았어 ??,"['똑같은 거 아니냐', '점수!! 내가 헷갈리게 적었군', '수정본에만 달리는 거 맞지? 6_2 까지 다 A+', '5_2부터 다 A네 갑자기ㅠㅠ 전에는 다 쁠인데ㅠㅠ 뭐가문제지..', '문장 수정을 더 해봐 ㅠㅜ...!', '교수님이 하시는거 그대로써?? 나는 내가 처음했던거에서 크게 다르지않으면 그대로 유지했거둔..', '그대로 하진 않고 참고해서! 교수님이 한 거랑 내 문장 비슷해도 문장 자체가 어색하면 좀 다듬고 그것도 수정 내용에 포함시켰어!', '아아 나두 한번은 어색한채로 냈는데 수정많이하는데도 그러네..고마워!']"
한자 외우는 법,"저는 중국어과는 아니고 독학으로 hsk시험 준비하고 있어요
성조와 기본회화까지는 학원을 다녔어요
한자를 보고 읽거나 이미지로 기억하는 건 잘 되는데 막상 작문에서 쓰려고 하면 막히는데 쓰면서 외우는 게 답일까요?
듣기 딕테이션하며 연습하려고 하는데 혹시 다른 좋은 방법 있으면 추천 부탁드려요","['일기 써보는 거 도움 많이 되었어요 저는!', '오!! 좋은 방법이네요 혹시 일기 쓰고나서 첨삭도 하셨나요? 독학이라 그런지 맞는 문법인지 적절한 어휘인지 체크할 수가 없어서 조금 걱정돼요..ㅠㅠ']"
LDT 중국어 1 김유미 교수님,완전 많이 틀렸네..ㅎㅎ,"['몇개 틀렸어 ?', '나 5개,,ㅋㅋㅋㅋㅋㅋㅋㅋ발음에서 다 나감.......', '엥... 앵간한거아니야 ?', '너는??', '그래도 나처럼 발음 다 나간 사람은 없을 것 같아서 ㅜ', '8개 ^^', '교수님 그 구간별 산출 잘 나올거라고 믿는다.... ㅜ', '하...', '아뉭 개인 메일 보내셨어!', '지금 한명씩 차례대로 보내고 계신 것 같아!']"
중국어 학원,시사중국어 강남캠퍼스 괜찮나요??,[]
ㄱㅁ 교양중국어,이거 성적 떴는데 몇 점 만점이야...?,"['강계 보니까 중간 30퍼던데 30점 아닐까?근데 그 쪽지시험 점수 더해서 올린다고 하셨던거같아', '그런가...헷갈린다ㅠㅠ']"
D-1 [BYOI] 📚한국 전래동화 외국어 번역 및 오디오북 제작 프로젝트📚,"안녕하세요:) 21-1학기 한국외대 비교과프로그램 BYOI 🌹 '히어로즈(HEARose)' 🌹팀입니다!

저희는 '한국 전래동화 외국어 번역 및 오디오북 제작 프로젝트'를 기획하였습니다.
본 프로그램의 목적은 한국 전래동화 번역본 및 오디오북 제작을 통해 외대 학생들의 전공어 역량 함양과 한국 전래동화의 문화적 가치를 파급하는 것입니다.

우리나라 전래동화 중에서도 칠월칠석의 유래설화인 📚견우와 직녀📚를 번역하고 녹음하고자 합니다!
저희와 함께 다양한 언어로 번역본 및 오디오북을 제작하실 참가자 분들을 모집합니다! 🌹

📍모집대상📍
- 본인의 전공어 실력을 향상시키고 싶으신 분!
- 자신의 목소리로 전공어 오디오북을 제작하고 싶으신 분!

📍모집방식📍
- 모집일정: 4월 26일 ~ 5월 1일
- 아래 구글 폼으로 개별 신청하시면 각 언어별 지원자를 선착순으로 취합하여 팀을 꾸릴 예정입니다.
- 팀은 각 언어별로 최대 6명으로 구성될 예정이며 지원현황에 따라 변경될 수 있습니다

📍활동방식📍
- 팀별로 ""견우와 직녀"" pdf를 제공받아 번역 작업을 거친 후, 팀원 중 희망자의 목소리로 녹음 과정을 거쳐 오디오북을 제작할 예정입니다.
- 완성된 오디오북은 '한국외대 오디오북 프로젝트' 유튜브 채널에 업로드 되며, 번역본은 책자로 제작하여 학교 도서관에 비치할 예정입니다.
- 5/2 팀 발표 및 카톡방 개설
- 5/3~5/9 번역본 제작
- 5/10~5/16 교수님 검수
- 5/17~5/21 각 팀별 녹음 및 파일 수합
- 5월 말 유튜브 업로드

🎁참가혜택🎁
1등 ✨상금 10만원✨
3등까지 교육혁신원장 이름으로 발급되는 상장 지급✨
참가자 전원에게 5000원 상당의 기프티콘✨
(유튜브 조회수 기준으로 1,2,3등을 선정할 예정입니다)

✨인스타그램 @byoi_hearose에서 더 많은 소식이 업로드 될 예정입니다!

❤️참가신청양식 링크❤️
👉🏻https://forms.gle/uUAiK9VfQ1LckH5p6

많은 참여 부탁드려요💕

📍자주 묻는 질문
Q. 정해진 실력 기준이 있나요?
A. 특별한 기준은 없지만 본인이 동화를 번역할 수 있다는 판단 하에 신청 부탁드립니다!

📍4/30 오후 1시 신청 인원
영어 6/6 마감
일본어 6/6 마감
중국어 4/6

포어 6/6 마감
스칸 6/6 마감
불어 5/6
서어 4/6
노어 4/6
독어 3/6
이어 3/6
네어 1/6

베어 6/6 마감
마인 5/6
태국 3/6
터키 2/6
몽골 1/6
아랍 0/6
인도 0/6
이란 0/6",[]
한국외대 외국어까페 만들어야 해,"외대안에 외국어만 쓸수있는 까페 만들어야됨

한국말쓰면 한번 쓸때마다 벌금 1000원

벌금은 모아서 장학금으로 돌리고

외국어까페 영어존 중국어존 스페인어존 일본어존

이런식으로 칸막이","['외대를 외대답게', '그럼 여길 누가 가 ... ? 카페는 보통 쉬려고 가는건데 ㅠㅠ', '그래도 다 감 나 어학연수갔을때 이런 까페있었는데 사람미어터짐', '외대 주변엔 카페도 많고 해서 선택지가 많아서 .. 보통 카페는 쉬거나 친구들이랑 수다 떨러 가는 목적인데 외국어를 쓰라 하면 다들 불편해서 꺼리지 않을까 .. 테이크아웃용 카페로 변질될듯 ....', '쉬고싶으면 보통카패 가면되지ㅋㅋㅋㅋㅋ 공부하는 겸 가는 애들이 목적이잖아.', '이런 카페 겸 술집 강남에 있어! 외국인 반 한국인 반이고... 코로나 전엔 ㄹㅇ 미어터져서 사람들 대기하고 있었음;; 특이한건 강제로 초면인 손님들끼리 같이 앉아서 영어로 대화하게 함', '와 진짜 재미없다', '그.. 여긴 영어유치원이 아닙니다 선생님', 'ㄹㅇ영어유치원 느낌ㅋㅋㅋㅋㅋㅋㅋㅋ', '이거 패러디인 것 같은데? 무슨 일본어로 안 말하면 내쫓는 일식 가게 있어서', '그 일식집 같네', '근데 우리 외댄데 수업빼고 거의 안쓰긴해', '외대의 명물이 되긴 하겠네 누가 가겠나 싶긴 하지만 아마 외대생 말고 수험생들 놀러가는 곳 될듯ㅋㅋㅋㅋㅋㅋㅋ', '외국어카페 ㄹㅇ 나 외국어로 말하는 거 좋아해서 근처에 하나 있으면 좋겠다 싶었는데 너가 하나 차려주라', '난 괜찮은데? 쓰니가 진짜 만들어주셈 그럼 주문은 한국어로 해? 아님 어떤 외국어로 해?ㅋㅋㅋㅋㅋㅋ', '강제 묵언수행하러 가야겠네', '외국인 카페 될 듯', '글캠에 영어만쓰는곳 있지 않나? 실제론 아니지만', '찐따야?', '니가 찐따인듯', '찐따는 인니어로 사랑입니다 여러분', '벌금뭐임 ㅋㅋㅋㅋㅋㅋ 글제보고 신기하당 왕!! 하면서 들어왔는데 ㅋㅋㅋㅋ', '코로나 시대에 딱맞는 카페다 다들 아무말도 안할듯', 'Make HUFS Great Again', '좋은데 벌금 1000원이 뭐 유의미한 벌금이겠니 그냥 하지 말자는 룰 인거지. 있으면 좋겠다 ㅇㅇ', '고딩 땐 있었는데 대학 특성 상 잘 유지되기는 힘들듯 그래도 글캠 잉글리시존처럼 다양한 외국어존 생기면 좋긴 하겠다 외국인 친구들도 사귀고', ""네이버 카페 개설하자는건줄 알고 '오 나쁘지않네'라고 생각해버렸다"", '난 좋을 것 같은데…회화연습하기 딱일듯', '내가 느낀게 회화는 되든 안되든 시도하는 과정에서 는다는거임 언어실력 늘리고 싶은 사람들은 백퍼 자주가는 장소가 될거야', '아마 외국 교환학생들도 한국친구만들기 좋아서 자주들를거임', 'ㅇㅈ 나도 갈 듯 개좋은데', '사과대는 평생 갈 일 없겠고만,,,', '나 맨날 다닐듯', 'ㅅㅂ ㅋㅋㅋㅋㅋㅋㅋㅋㅋㅋㅋㅋㅋㅋㅋㅋㅋㅋㅋㅋ 교수님이 그거랑 똑같은 발언 하심 다만 카페가 아니라 학교 내에 그런 공간을 만들자고 하심', '오 난 좋은데?', '헐 나는 진짜 좋을것같은데 재밌어서 맨날 갈듯 주기적으로', '완전 신박하고 좋은거같든데 댓글 왤케 부정적임', '오 괜찮을 것 같다 ㅋㅋㅋㅋ', '엄마가 승무원 학원 원장이신데 엄마 학원에 잉글리시 카페 있어서 영어로만 대화해야됨 ㅇㅇ 지점 강남 종로 신촌 이렇게 세개 있는데 세개 다 그럼ㅋㅋㅋㅋ', '외대의 트럼프... 무서운 녀석', '아이디어 좋은데??ㅋㅋㅋㅋㅋㅋㅋ', '통번역대학원생 입시생들 개많이 갈듯 난 넘 좋다고 생각함', '근데 이게 어느정도 프리토킹이 가능한 사람이어야 효과가 있는거 아냐..? 나는 가면 오 예스~ 굿~ 베리 야미야미 이럴거 같아ㅋㅋ쿠ㅜ']"
중급중국어강독 이정인교수님,중간 몇점이야?,"['와 미쳤나 21점임', '와 ㅋㅋㅋ 나랑 똑같닼ㅋㅋㅋㅋ', '답안 어느정도 썼어??', '본문은 거의 다 맞았을거고 나머지는 내 기억대로 대충 쓰긴 썼는데 맞았는진 모르겠어ㅜㅜㅠㅠ', '익3은 어느 정도 썼어?', '딱 21이야??', '몇 점 받았어??']"
현재 외국에서 아시안혐오하는거 어느정도 이해감,"걔네들은 아시아인을 혐오하는게 아니라 중국인들을 혐오하는거임. 근데 외적으로 아시아인들은 다 비슷비슷하게 생겼으니 그게 아시안혐오로 번진거고
우리나라도 지금 중국혐오 분위기가 만연한데
아시아인이 타지인으로 여겨지는 외국은 그 혐오가 어떻겠어..
결론은 착짱죽짱","['동남아 여행다니며 제일 많이 하는말: 착짱죽짱', '진짜 이해 안 가는데... 아무리 중국 싫어도 지나가는 중국인 패고 싶다는 생각 안 들어 그리고 쟤네는 걍 폭력 정당화시키는 느낌', '혐오가 표출되는 정도는 해당 나라의 치안상태나 문화등에 따라 달라질수 있다고 생각함 단지 나는 그 혐오감이 일어나는 자체가 어느정도 이해된다는거임', 'ㄴㄴ 중국새끼나 일본새끼나 한국새끼나 다 좆밥병신으로 생각해서 혐오하는거임 그리고 사람을 국적보고 혐오하는 걸 왜 이해함 ㅋㅋㅋㅋ', '지금 우리나라에서도 중국혐오가 만연한데도...?', '내 요지는 같은 아시아인인 우리나라도 이렇게 혐오 분위기가 만연한데 외국은 어떻겠냐.. 라는 오지였음', '애초에 중국 혐오가 아시아인 혐오로 번지는거 자체가 웃기지않나 비슷하게 생겼으니까 중국은 곧 한국이고 일본이다 하면서 아시아인 혐오로 번지는 그 지능상태가 ㅈㄴ무식함', '누구나 마음속으로는 혐오하고증오하거나 할수있지. 근데 그걸 밖으로 표출한다? 그건 차원이 다른문제지', '그걸 니가 이해해서 어쩔건데.. 처맞거나 뒤질 수도 있는건 우린데ㅠ', '이해해서 어쩔거냐는 말은 뭔말임.. 그냥 그럴수도 있겠다라고 생각한거지']"
중국업무문서작성법 지금 과제,저거 통상중국어 본문 그대로 가져다 썼네,[]
D-2 [BYOI] 📚한국 전래동화 외국어 번역 및 오디오북 녹음 프로젝트📚,"D-2 [BYOI] 📚한국 전래동화 외국어 번역 및 오디오북 녹음 프로젝트📚

안녕하세요:) 21-1학기 한국외대 비교과프로그램 BYOI 🌹 '히어로즈(HEARose)' 🌹팀입니다!

저희는 '한국 전래동화 외국어 번역 및 오디오북 제작 프로젝트'를 기획하였습니다.
본 프로그램의 목적은 한국 전래동화 번역본 및 오디오북 제작을 통해 외대 학생들의 전공어 역량 함양과 한국 전래동화의 문화적 가치를 파급하는 것입니다.

우리나라 전래동화 중에서도 칠월칠석의 유래설화인 📚견우와 직녀📚를 번역하고 녹음하고자 합니다!
저희와 함께 다양한 언어로 번역본 및 오디오북을 제작하실 참가자 분들을 모집합니다! 🌹

📍모집대상📍
- 본인의 전공어 실력을 향상시키고 싶으신 분!
- 자신의 목소리로 전공어 오디오북을 제작하고 싶으신 분!

📍모집방식📍
- 모집일정: 4월 26일 ~ 5월 1일
- 아래 구글 폼으로 개별 신청하시면 각 언어별 지원자를 선착순으로 취합하여 팀을 꾸릴 예정입니다.
- 팀은 각 언어별로 최대 6명으로 구성될 예정이며 지원현황에 따라 변경될 수 있습니다

📍활동방식📍
- 팀별로 ""견우와 직녀"" pdf를 제공받아 번역 작업을 거친 후, 팀원 중 희망자의 목소리로 녹음 과정을 거쳐 오디오북을 제작할 예정입니다.
- 완성된 오디오북은 '한국외대 오디오북 프로젝트' 유튜브 채널에 업로드 되며, 번역본은 책자로 제작하여 학교 도서관에 비치할 예정입니다.
- 5/2 팀 발표 및 카톡방 개설
- 5/3~5/9 번역본 제작
- 5/10~5/16 교수님 검수
- 5/17~5/21 각 팀별 녹음 및 파일 수합
- 5월 말 유튜브 업로드

🎁참가혜택🎁
1등 ✨상금 10만원✨
3등까지 교육혁신원장 이름으로 발급되는 상장 지급✨
참가자 전원에게 5000원 상당의 기프티콘✨
(유튜브 조회수 기준으로 1,2,3등을 선정할 예정입니다)

✨인스타그램 @byoi_hearose에서 더 많은 소식이 업로드 될 예정입니다!

❤️참가신청양식 링크❤️
👉🏻https://forms.gle/uUAiK9VfQ1LckH5p6

많은 참여 부탁드려요💕

📍자주 묻는 질문
Q. 정해진 실력 기준이 있나요?
A. 특별한 기준은 없지만 본인이 동화를 번역할 수 있다는 판단 하에 신청 부탁드립니다!

📍4/28 오후 3시 신청 인원
영어 6/6 마감
일본어 6/6 마감
중국어 2/6

포어 6/6 마감
불어 5/6
스칸 4/6
독어 3/6
서어 3/6
이어 1/6
노어 0/6
네어 0/6

베트남 6/6 마감
마인 4/6
터키 1/6
아랍 0/6
태국 0/6
인도 0/6
이란 0/6
몽골 0/6",[]
중국 대중문화뭐냐,"나 실강 못듣고 자료 다운받았는데
지각처리로 뜨는데 혹시 나랑 같은사람?",['실강에서 출첵함']
중국어 플렉스 졸업요건,어려운 편인가요? 학교 수업만 듣고 충분히 딸 수 있나요?,['일반고 제2외국어로 배워서 사실상 대학에서 첨배운 수준인데 여유있게 땀 난 600점 커트라인 적당하다고 생각해']
중국은,"민족이 문제인걸까 국가가 문제인걸까.
싱가포르나 대만등 화교국가들 잘사는거 보면 정치체재가 문제인 것같기도 하고..",[]
실크로드,중국편 교수님은 말이 느리셔도 녹강이라 2배속으로 봐서 괜찮았는데 페르시아편 교수님 같은 말 느리게 반복하시는거 나만 조금 답답한가....ㅠㅠ 그래도 좋은 교수님인듯,"['집중 잘 해야겠더라 지목^^', '고통스러워..']"
중국학연구방법,뭔이야기인지나만몬알아듣는거? ㅠ,[]
D-3 [BYOI] 📚한국 전래동화 외국어 번역 및 오디오북 제작 프로젝트📚,"안녕하세요:) 21-1학기 한국외대 비교과프로그램 BYOI 🌹 '히어로즈(HEARose)' 🌹팀입니다!

저희는 '한국 전래동화 외국어 번역 및 오디오북 제작 프로젝트'를 기획하였습니다.
본 프로그램의 목적은 한국 전래동화 번역본 및 오디오북 제작을 통해 외대 학생들의 전공어 역량 함양과 한국 전래동화의 문화적 가치를 파급하는 것입니다.

우리나라 전래동화 중에서도 칠월칠석의 유래설화인 📚견우와 직녀📚를 번역하고 녹음하고자 합니다!
저희와 함께 다양한 언어로 번역본 및 오디오북을 제작하실 참가자 분들을 모집합니다! 🌹

📍모집대상📍
- 본인의 전공어 실력을 향상시키고 싶으신 분!
- 자신의 목소리로 전공어 오디오북을 제작하고 싶으신 분!

📍모집방식📍
- 모집일정: 4월 26일 ~ 5월 1일
- 아래 구글 폼으로 개별 신청하시면 각 언어별 지원자를 선착순으로 취합하여 팀을 꾸릴 예정입니다.
- 팀은 각 언어별로 최대 6명으로 구성될 예정이며 지원현황에 따라 변경될 수 있습니다

📍활동방식📍
- 팀별로 ""견우와 직녀"" pdf를 제공받아 번역 작업을 거친 후, 팀원 중 희망자의 목소리로 녹음 과정을 거쳐 오디오북을 제작할 예정입니다.
- 완성된 오디오북은 '한국외대 오디오북 프로젝트' 유튜브 채널에 업로드 되며, 번역본은 책자로 제작하여 학교 도서관에 비치할 예정입니다.
- 5/2 팀 발표 및 카톡방 개설
- 5/3~5/9 번역본 제작
- 5/10~5/16 교수님 검수
- 5/17~5/21 각 팀별 녹음 및 파일 수합
- 5월 말 유튜브 업로드

🎁참가혜택🎁
1등 ✨상금 10만원✨
3등까지 교육혁신원장 이름으로 발급되는 상장 지급✨
참가자 전원에게 5000원 상당의 기프티콘✨
(유튜브 조회수 기준으로 1,2,3등을 선정할 예정입니다)

✨인스타그램 @byoi_hearose에서 더 많은 소식이 업로드 될 예정입니다!

❤️참가신청양식 링크❤️
👉🏻https://forms.gle/uUAiK9VfQ1LckH5p6

많은 참여 부탁드려요💕

📍자주 묻는 질문
Q. 정해진 실력 기준이 있나요?
A. 특별한 기준은 없지만 본인이 동화를 번역할 수 있다는 판단 하에 신청 부탁드립니다!

📍4/28 오후 3시 신청 인원
영어 6/6 마감
일본어 6/6 마감
중국어 2/6

포어 6/6 마감
불어 5/6
스칸 4/6
독어 3/6
서어 3/6
이어 1/6
노어 0/6
네어 0/6

베트남 6/6 마감
마인 4/6
터키 1/6
아랍 0/6
태국 0/6
인도 0/6
이란 0/6
몽골 0/6","['재학생만 되나유 ㅠ', '휴학생은 가능하고 졸업생은 불가합니다😢']"
자오징징 중국어 교양,다들 시험 점수 잘 나오셨나요ㅠ,"['만점이세요..? 와.......', '움 ㅠㅠ 저는 잘 나온거 같은데 고민하지 마시고 기말 준비하시면 될 것 같아요~', '축하드려요!!!!']"
중국 드라마나 예능 보는 사이트 추천,넷플 왓챠 보는 중인데 예능 볼 수 있는 곳 있낭?,[]
언어과 총장 나오면 안되는 이유(feat.박철),"박철 총장 임기 시절인 2007년 중국어과 일본어과 묶어서 동북아대학 만들려고 함
일본어과 중국어과만 단과대로 올라가자 그동안 꾸준히 경영대 승격 신청했던 경영학과에서 반발
-> 학제개편 유보
“그럼 경영대 단과대 독립시켜주는 조건으로 일본어과 중국어과는 둘 다 별개 단과대로 승격한다. ㅇㅋ?”

-> 결국 2009년 중국어과 일본어과 둘다 중대 일대로 독립하고 경영학부도 글로벌경영대로 독립.

그리고 몇 년 뒤 잘 알다시피
AACSB 경영교육기관 인증 취득을 위해서 요건 중 하나인 경영관을 건립하려고 했는데
대형어문에서 반대해서 단독 경영관 건립은 물건너감

외대에서 대형어문 교수들 기득권 뽑으려면 비언어과에서 나와야 한다...",[]
원혜련 교수님 중국소비자경제학,혹시 보고서 과제 관련해서 따로 공지하신 적이 있나요...? 있었다면 기간도 언제인지 아시나요ㅜㅜ,[]
김영명 교수님,중국현당대소설 레포트 다 쓴사람,"['나', '몇 장 썼어? 할말 진짜 없다', '쓰니는 워드로 쓰는중이야 아님 한글로쓰는중이야?', '나 워드! 보통 워드로 작업하지 않나?', '난 한글로쓰는중이었는데 자간때문에 한장 빽빽하게 들어가서 분량이 안나왘ㅋㅋㅋㅋㅋㅋㅋㅋ', 'ㅋㅋㅋㅋㅋ 빨리 워드로 옮겨 워드가 좋아 ㅎㅎ', '그니깐 내말이...... 다섯장 겨우 채울 것 같은데', '아 난 산문이구나ㅋㅋㅋㅋ개꿀!', '아놔', '헤헤 미안미안 나도 5장맞출게ㅋㅋ같이 빠이링하자고', '근데 나 메일로 물어봤는데 한글로 내라던데,,,,', '헐? 진짜루..? 😭']"
중국어 시험,중국어로 써야되는 문제 다들 어떻게 치세요?,"['sogou 설치하세여', '윈도우 언어 탭에서 중국어 간체로 해놓고 쳐요', '시험볼 때 그렇게 다들 치시면 시간을 많이 안걸리나요???', '그래서 몇문제 못풀기도 했어요.. 생중 보셨나요 방금?', '복사도 못하는데 어캐해요', '헐 망했다 난 왜 몰랐지..']"
ㄱㅁ 교양중국어,항상 느끼지만 여긴 고인물 천지인 것 같아...후 오늘도 학우분들의 실력에 놀라고 갑니다...ㅠㅠㅠㅠㅠ어떻게 이걸 1년이나 하냐 한자 어려운데,"['난 다른 교양중국어 듣는데 여기도 마찬가지야...ㅜ힘들가', '다..', '무섭다 기말...', '고인물 천지지만 효율적으로 시간투자하면 금방 잘하는 애도 있더라. 걔가 잘 챙겨줬었는데 늘 고맙게 생각했음 ㅎㅎ 금방 늘거니까 걱정 마', 'ㅠㅠㅠ고마워', '김매 교수님?? 교수님 학생 배려 많이 해주시고 열심히 하면 점수 후하게 잘주셔요 힘내세요!💪', '넹 감사합니다!!😄']"
김영명교수님 중국영화와 비평,들으셧거나 듣고잇는분 계세요??,"['저연', '듣고잇으세요?? 저 궁금한거 있는데 여쭤봐도 될까요', '넹']"
[BYOI] 📚한국외대 전래동화 외국어 번역 및 오디오북 제작 프로젝트📚,"안녕하세요:) 21-1학기 한국외대 비교과프로그램 BYOI 🌹 '히어로즈(HEARose)' 🌹팀입니다!

저희는 '한국 전래동화 외국어 번역 및 오디오북 제작 프로젝트'를 기획하였습니다.
본 프로그램의 목적은 한국 전래동화 번역본 및 오디오북 제작을 통해 외대 학생들의 전공어 역량 함양과 한국 전래동화의 문화적 가치를 파급하는 것입니다.

우리나라 전래동화 중에서도 칠월칠석의 유래설화인 📚견우와 직녀📚를 번역하고 녹음하고자 합니다!
저희와 함께 다양한 언어로 번역본 및 오디오북을 제작하실 참가자 분들을 모집합니다! 🌹

📍모집대상📍
- 본인의 전공어 실력을 향상시키고 싶으신 분!
- 자신의 목소리로 전공어 오디오북을 제작하고 싶으신 분!

📍모집방식📍
- 모집일정: 4월 26일 ~ 5월 1일
- 아래 구글 폼으로 개별 신청하시면 각 언어별 지원자를 선착순으로 취합하여 팀을 꾸릴 예정입니다.
- 팀은 각 언어별로 최대 6명으로 구성될 예정이며 지원현황에 따라 변경될 수 있습니다

📍활동방식📍
- 팀별로 ""견우와 직녀"" pdf를 제공받아 번역 작업을 거친 후, 팀원 중 희망자의 목소리로 녹음 과정을 거쳐 오디오북을 제작할 예정입니다.
- 완성된 오디오북은 '한국외대 오디오북 프로젝트' 유튜브 채널에 업로드 되며, 번역본은 책자로 제작하여 학교 도서관에 비치할 예정입니다.
- 5/2 팀 발표 및 카톡방 개설
- 5/3~5/9 번역본 제작
- 5/10~5/16 교수님 검수
- 5/17~5/21 각 팀별 녹음 및 파일 수합
- 5월 말 유튜브 업로드

🎁참가혜택🎁
1등 ✨상금 10만원✨
3등까지 교육혁신원장 이름으로 발급되는 상장 지급✨
참가자 전원에게 5000원 상당의 기프티콘✨
(유튜브 조회수 기준으로 1,2,3등을 선정할 예정입니다)

✨인스타그램 @byoi_hearose에서 더 많은 소식이 업로드 될 예정입니다!

❤️참가신청양식 링크❤️
👉🏻https://forms.gle/uUAiK9VfQ1LckH5p6



📍4/27 오후 2시 30분 신청 인원 📍

영어 6/6 마감
중국어 1/6
일본어 5/6

독어 3/6
불어 4/6
서어 2/6
노어 0/6
네어 0/6
이어 1/6
포어 6/6 마감
스칸 2/6

마인 1/6
아랍 0/6
태국 0/6
베트남 6/6 마감
인도 0/6
터키 1/6
이란 0/6
몽골 0/6


마감된 언어는 2차 모집 때 신청 부탁드립니다😭
많은 관심 감사합니다🌹","['🚨현재 영어, 일본어, 포어, 베트남어 마감되었습니다🚨']"
중국고대사와 문화,중고문 어땠어??,"['아는거라도 쓰려고 와다다 쓰다가 7점짜리 날림 흑흑', '헉 괜찮을 거야... 같이 희망을 가져보자 ㅜ', '난 시간 부족했는데 다들 쉬웠나보네 .. 아이코ㅜㅜ', '나도 진짜 딱 맞춰서 제출했어 검토는 제대로 못 했고...ㅜ', '쉽다길래 너무 믿었나봐 ㅋㅋㅋㅋ', 'ㅋㅋㅋㅋㅋㅋㅋㅋ 우리 같이 잘될거야', '근데 열녀문 답 패방 맞아..??', '웅 맞는 것 같아', '고마워...후우우ㅜ 너무 시간 딱맞게 됬다', '나두 ㅠㅠ 딱 마지막 거 쓴 거 다시 읽자마자 1초 남아서 제출했어']"
중국고대사와문화 중고문,엄청 어려울 줄 알았는데 그닥 안 어려워서 벌써 제출함... 아직 마감 시간 안 됐으니까 댓글에 답은 ㄴㄴ,"['마지막 7점짜리 차이점도 썼어??', '마지막 7점이 뭐였지???????', '시대별 개혁나오는거 괄호치고 시대 내용 차이점 이렇게 나와있어서 어떤식으로 썼어?', '대충 비교해서 씀', '나는 각 시대랑 내용 위주로 쓰고 마지막에만 공통점 썼거든 괜찮겠지..??', '웅 일단 쓴 거 자체가 대단함 점수 잘 주실 듯']"
중국문명과 세계문명,발표 ppt 말고 레포트도 작성 해야하는거야?,[]
교양중국어 자오징징교수님,웹엑스 나만 안오신건가..?,['사람 이름이 자오징징임?;;']
중국어 고수님들 ㅠㅠ,"欢迎人群把我也当作登山英雄来欢迎

뒤에 来欢迎 문장구조를 어떻게 봐야할까요 ㅠㅠ
해당문장 동사 두개로 봐야할까요?(当作/来欢迎)",[]
중국의철학과사상,공부하는사람있어?..,"['뭘 해여하는걸까..', '강의자료에 한자가 너무 많네...그냥 다 외우면 되려나', '난 다 못외울 것 같아서 한글만 보게..', '나도 그래야겠다ㅜㅜ 수업 혹시 들었어?', '들을 수가 없던데..? 너는 들었어?ㅋㅋㅋ', '나도 안들었어....그래서 더못외우겟네..', '원래 오픈북으로 할라했었나봄 다른조에 오픈북으로 공지했었대', '그니까... 그 조는 며칠전까지도 오픈북이라고 알고있었다더라 이것도에바아냐 그럼 시험형식으로 바꿔주지 양 너무많음']"
중국고전문학사,"중국고전문학사 ㅇㅇㅂ 교수님 한주 결석하면 몇점 감점하시나요???,,,","['비율에서 수업일수 나눠봐', '10프론데 14일 수업하면 대강 1점 감점 하나요?', '그정도 겠죠?']"
hsk 관련 질문,제가 중국어과인데...중국어를 못해요... 작년에 4급 독학으로 235점인가 받고 공부 안하다가 5급 봐야될 것 같아서 준비 중인데 듣기가 정말 하나도 안들려요... 중국어 듣기 잘 하는 방법 없을까요?? 매일 중국어 듣기 문제 틀어놓아야 되는걸까요..,"['혹시 몇학년이세요?', '부끄럽지만 3학년이에요.... 지금부터라도 열심히 할 계획입니다..ㅎㅎ', '3학년이면 뭐 어때요~저는 4학년때 5급 땄는걸요ㅎㅎ 듣기지만 역시 아는만큼 들린다고 단어 병음이랑 같이 잘 외우는게 중요한거같아요!', '일단 5급 듣기에서 자주 나오는 단어들을 어느정도 외우고 확인하고 다시 들으면서 귀에 익숙하게 하는게 좋을 것 같아요!', '역시 단어를 먼저 잡고 가는게 맞겠죠?? 감사합니다!!', '네네 5급 화이팅하세요☺️', '듣기 이해안될때 뭔가 들렸던거같은 단어로 찍으면 잘맞아요☺️☺️']"
나민구 중국과 우주과학 범위,"나민구 교수님 중국과 우주과학 시험범위
유투브 카오스 강의도 포함인가요?
아시는 분?ㅜ?",[]
"정부 ""백신 선택권 부여 검토 없다""","손 사회전략반장은 ""동남아시아나 아프리카 국가보다 백신 수급이 낮다고 하는데 이들 국가들의 경우 우리는 아직 도입하지 않은 중국·러시아 등의 백신을 도입한 국가들""이라며 ""이러한 국가들과 비교를 한다는 것은 아마 안전성과 효과성 검증은 조금 더 느슨하게 하더라도 백신 수급을 더 중요하게 봐야 한다는 논지인 듯 보인다""고 꼬집었다.
-------
모더나 화이자 백신들 코로나 초창기부터 도입해야한다고 전문가들이 그렇게 주장했는데 수급안하고 관망하는말이 ㅇㅈㄹ ㅋㅋ 진작에 가져왔으면 이딴 논쟁이 있지도 않았잖아..;;
az 맞고 죽어도 책임도 안지면서 선택권은 없다..","['와 해석이 어메이징하네', '제발 대선 빨리 와라', '내생각엔 1년임기 최대한 똥싸질러놓고 정권넘기면 바로 남탓할놈들임 ㄹㅇ 안이러고서야 이렇게 망국의 길에 들어설수가 없다..', '대선때 보자 하', '그 az조차도 이렇게 늦게맞는데 장난하나']"
[속보] 대한민국 저출산 해결 방안 도출 완료,"이제 기존의 속인주의 국적제도를 버리고 영주권만 있으면 그 자녀는 한국 국적을 줌

그런데 문제는 한국의 영주권 외국인의 절대 다수가 조선족, 중국인들

반일반미에 친중외교, 대규모 차이나타운 건설에 완성은 조선족에게 국적을 주는걸로 마무리

문정부 든든-하다 !","['다문화주의 버리고 동화주의 빡세게 추진한다면 솔직히 이민 찬성인데 이건 조큼...', '걍 중국화되는거네', '이번 정부 중국짝사랑 하는거 보면 일부러 남녀갈라치기 하고 출산율 낮춘거 아닌가하는 생각까지 듦 ㅋㅋㅋㅋㅋㅋㅋ', 'ㅋㅋㅋ나도 이 생각 맨날 함 그 뒤로부턴 남녀 갈라져서 싸우는거 제일 한심해보임', 'ㅇㅈ 출산율 낮은데 뭐가 문제냐는 소리하는 사람들도 있더라ㅋㅋㅋ 안그래도 정치권에서는 청년층 목소리 ㅈ도 안들어주고 기성세대한테 표얻으려고 발악하는데 앞으로 이런 현상만 더 심해질 것 같음', '오 나도 같은생각 ! 중국, 북한에 흡수노리는 느낌이라..', '조선족들 인터뷰 들어보면 자기들 중국인인데 왜자꾸 한국문화 강요하냐고 하지말라고함 ㅋㅋ 중국인이지만 한국인 혜택은 받겠다는 사람들을 국민으로 만든다는 정부 든든~합니다 ^오^', '쉽게말하면 조선족도 군대간다는거 아니냐...?', '뭐 한국국적이면 가기야 가겠다만.. 애초애 자기들이 중국인이라고 인식하는 애들을 가져다가 뭘하겠나 싶음 그리고 6.25 전쟁당시 조선족들은 북한군 선봉부대였음 ㅇㅇ', '하는 꼬라지가 미국도 안받아줄듯 ;;', '지금 미국이 우리나라 완전히 팽 안 한게 다행인 수준이라...내년 투표가 마지막 기회임', '동북공정! 든든하다!', '결국 중국한테 먹히겠구나', '지금 동남아 화교들한테 지배당하는꼴 못봐서 이런가? 답답하다 정말..', 'ㄹㅇ 중국계가 경제 다잡고있음 이대로가다가 중국인들에 월세내면서 살날 머지않았다', '변호사분 말씀들어보면 조선족들은 한국에서 이득볼거, 취득할거 다 취득하면서 자기들은 한국인 아니니 한국인취급하지말라 + 한국인 저급하게 본다고 하더라;; 조선족이건 짱개건 진짜 극혐이야', '짱..', '캐나다가야징', '애를 좀 나라고!!!!! ㅜㅜㅜㅜ', '와 지랄쩐다 이걸 왜 허용함????']"
남자들 골라봐,"존예 중화사상 없는 중국인 여자 (존.예)
vs
이쁘장 성격 매력 쩌는 한국인 여자

골라봐","['중국인은 중국인이야...', '배우같이 생겼어도..?', '후', '당연히 한국인', '후', '닥후지', '연애는 전자 결혼은 고민', '전자가 존예 한국인이었어도 후자 매력이 쩐다면 난 닥후..', '멋져..!', '짱깨는 판빙빙이 와도 안됨', '몸매는 한국인 압살', '중화사상 없으면 쌉가능임 근데 걔에 부모도 없어야함', '후', '중화사상 없고 시진핑 같이 욕하면 가능인데...', 'ㄷㅈ아님?', '닥전']"
초급중국어회화 시험보신분 ㅠㅠㅠ,"lyu dianwen 교수님 초중회 시험보신분
시험 유형좀 제발 알려주세요!ㅠㅠㅠㅠㅠ

1. 웹엑스 접속 - 2. 쓰기시험 - 3. 메일로 답 보내기 - 4. 자기차례 기다렸다가 개인 말하기시험 - 5. 파트너랑 말하기시험
이 순서 맞나용?? ㅠㅠㅠㅠㅠㅠㅠㅠㅠㅠ","['파트너 먼저 그담에 개인 말하기 일걸요', '그럼 그 시간에 해당인 사람만 웹엑스 접속하고 나머지는 다 나가있는거죠???? 예를 들어 제가 12시면 12시엔 저 혼자만 접속인거죠???', '제가 작년에 들었을땐 다른 사람들 다 나가는거 맞긴한데 개인말하기는 파트너 있는 상태에서 진행됐어요', '아하 감사합니다!!', '파트너 다음에 개인이에요!! 근데 혹시 범위 어디까진지 기억하시나요ㅠㅠ', '배운데까지 아니에요....?? 5과였나...?? 근데 파트너 다음 개인이면 쓰기 시험보고 파트너랑 알아서 카톡이든 뭐든 회의하고 있다가 그 시간에 같이 들어가는거 맞죵???', '넵 맞아용~~근데 10분전에 들어가서 주제 추첨하고 나와야해유', '아 그럼 웹엑스 10시 50분 접속이네요!!', '본인 말하기 시험 10분 전이요!', '근데 제가 그 시간표 보니까 예를 들어 12~12:10분이면 그다음사람 12:10~12:20 이런식으로 빡빡하게 되어있던데 십분전에 어떻게 들어가란 소리죠...? ㅠㅠㅠㅠ']"
임원빈교수님 중국고대사와 문화 시험,중국고대사와문화 30점 만점에 25점 나왔는데 괜찮은건가요?,"['몇점 만점 인데여', '30점이요!', '교수님 거의다 에이쁠주세요 진짜 천사이심', '다행이네요ㅠ', '기말 만점 과제만점 출석만점이어야 에이쁠이에요! 95컷이더라구요', '제가 임원빈 교수님 수업 95,94 맞아봤는데 에이쁠, 에제였습니당', '근데 워낙 비대면으로 보다보니 다들 점수 잘받으니까 에이쁠 거의 다 주시는 건 사실이에요!', '시험 볼 때 다 썼었나요??', '하나 못 썼었어요', '아아 그럼 쓴건 다 점수 주신건가요?', '26일에 시험봤는데 아직 성적이 안나와서 너무 떨리네요ㅠㅠ', '잘 보실 거예요!!']"
중국고대사와 문화,다들 몇점이야??? 나만 27인가 ㅋㅋ.. 다들 30일거같아,['다 썼는데 깎인거얖']
중국영화와비평,오늘수업없는거죠?,"['ㅎㅇ', 'ㅎㅇ', '옶다는거지..?', '몰겠다 ,, 저번주에 하시긴 했는데']"
중국고대사와 문화,1회독만 해도 되려나... 앞에 거 기억 안나는데...,"['1회독도 못한 나...', '나도... 이제 6강', '..?? 전 3강입니다만', '님 정신차려여...', '아 놀다가 밤 샜다...ㅋㅋ 제가 깔아드릴께요..', '휴 놀다가 밤샌 건 저두... 그래도 잘 셤 쳐요 우리', '시험 저번주 아닌가요..?', '화요일 셤은 낼입니당!!', '화요일 맞아요!! 그냥 걱정돼서 쓴 글이었어요 ㅋㅋㅋㅋㅋㅋㅋㅋㅋ', '앗 ㅋㅋㅋㅋㅋㅋ 죄송해여 우리 내일 같이 시험 잘 봐요 ☺️☺️', '너무 떨린다...오픈북이지??', '개미쳤다 ㅋㅋㅋㅋ 나랑 똑같네']"
서한용 교수님 중급중국어강독 시험,"시험 유형이 말하기랑 받아쓰기가 있잖아요
그런데 제가 노트북 내장 마이크가 고장나서 수업때는 항상 에어팟으로 들었었는데 가끔씩 교수님 목소리가 아예 안들릴때가 있었어요
그때마다 퇴장하고 다시 들어오곤 했는데 받아쓰기하는데 갑자기 교수님 목소리 안들리면 어떡하죠?
다른 분들은 혹시 서한용 교수님 수업때 소리 항상 원활하게 들리셨었나요?",[]
현대중국국제관계 정유선 교수님,"다들 잘 준비하시고 계시나요,, 시험이 어떻게 나올지 감이 안잡혀서,,,","['No..', '어떠케 공부하고 계신지,,, 논문도 다 못 본 저,,,', '포기한지오래']"
중국어문법과작문 권희정 교수님,"서술형 답안 어느 정도 분량으로 써야 하나요...? 최대한 상세하게 예시를 들어서 설명하라는데ㅠㅠ

예를 들어 명사에 대해 설명하시오 이러면... 어디까지 써야하는지 모르겠어요ㅠㅠ",[]
영어책 추천 목록 ver. 1 (판타지 아동도서),"저번에 올릴까 말까 하고 글 올렸는데 몇몇 사람들이 올려달라고 해서 올림

+) 혹시나 해서 말하는 건데 여기 있는 모든 책들은 최소 초등학교 3~4학년 이상을 대상으로 한 책들임. 진짜 영어를 1도 모르는 사람은 초등학교 1~2학년을 대상으로 하는 Cam Jansen 탐정 시리즈나 Magic Tree House 시리즈 같은 거 추천함.

* 판타지 아동도서 / 판타지 아닌 아동도서 / 어른용 책으로 나눠서 작성함. 왜냐하면 내가 판타지 아동도서를 너무 좋아해서 이것만 해도 20권이 넘어가기 때문. 어른용 비문학 시러 판타지 어린이책 조아
* 해리포터나 나니아 연대기나 퍼시잭슨 시리즈 같은 초ㅡ유명작은 안 올림

※필독※
- 나는 해외에서 오래 살다와서 난이도 선정이 잘 안 될 수도 있음. 그 점 감안하고 읽어주기 바람.
- 내가 읽는 책들은 약간 마이너해서 아마 한국에서는 구하기 어려울 수도 있음. 나는 주로 킨들에서 ebook으로 보거나 book depository 라는 사이트에서 실물책을 구매함. 여기가 책을 싸게 살 수 있는 사이트인데 무료 해외배송까지 해줘서 개꿀임. 🌟전공책 구매할 때도 여기서 구매하면 좋음🌟
- 킨들에 없는 것도 몇 개 적어놓을 수도 있음. 킨들에 없어도 읽어줘 얘들아 진짜 개재밌다니깐
- 읽다가 이해 안 가는 문장이나 단어 있으면 얼마든지 나한테 물어봐도 됨. 근데 웬만해서는 사전 한번 검색하고 나서 나한테 물어봐주셈.

1. Fairy Dust and the Quest for the Egg - Gail Carson Levine
* 난이도: 하~중
- 디즈니 요정 나오는 책. 팅커벨 좋아하면 추천.
- 어휘도 별로 안 어렵고 문장 길이도 짧아서 영어 초보자~중급자라면 무난하게 읽을 수 있을 것 같음 (아예 쌩초보자가 읽기에는 조오오금 어려울 수도 있음). 2편이랑 3편도 있는데, 솔직히 3편은 노잼이었음. 어차피 3편은 딱히 이어지는 내용도 아니니 1편 내지 2편까지만 읽어도 무방함.

2. Once Upon a Marigold - Jean Ferris
* 난이도: 하
- 공주와 왕자가 나오는 전형적인 판타지 로맨스 스토리에 약간 변화를 준 내용이라 스토리가 이해하기 쉬움. 단어도 문장도 어렵지 않음. 완전 쌩초보를 갓 벗어난 초보자에게 추천하고 싶은 책.

3. Coraline - Neil Gaiman
* 난이도: 하
- 문장이 짧음, 단어가 쉬움, 책이 짧음의 환상의 3콤보를 달성하는 책. 솔직히 영화보다 책이 더 소름끼치는듯. 영화는 역동적이고 능동적인 공포라면 책은 천천히 조여오는 음울하고 소름끼치는 공포임. 위의 마리골드 책보다 더 짧음. 처음으로 영어책 읽기에 도전하는 사람들에게 추천.

4. Time Cat (킨들 X) - Lloyd Alexander
* 난이도: 하
- 킨들에 없음. 실물책으로 사야 됨.
- 역사에 관심이 많다면 매우 추천. 온갖 세계 역사가 다 나옴. 애초에 시간 여행하는 고양이가 주인공이라 별별 곳을 다 감.
- 이것도 초등학생을 대상으로 한 책이라 어휘나 문법이 그렇게 어렵지 않음. 오히려 세계사 베이스가 있으면 다른 책들보다 월등히 쉽게 읽힐 수 있음.
- 냥이가 커여움.

5. Dragonkeeper - Carole Wilkinson
* 난이도: 하
- 문장 길이도 짧고 어휘도 쉬움. 중간중간에 약간 어려운 부분이 있지만 전체적으로 쉬운 책.
- 중국 문화/중국 용에 대한 관심이 많으면 추천. 배경 자체가 옛날 중국이라... 중간중간에 중국 단어도 나와서 아마 중국어 관련 전공이면 읽는 게 좀 더 쉬울 수도 있음. (한자로 나오지는 않고 영어로 나옴)

6. The Spiderwick Chronicles 시리즈 - Holly Black & Tony DiTerlizzi
* 난이도: 하~중
- 총 다섯 권의 시리즈물. 한 권 한 권이 짧아서 부담 없이 읽기에 좋음. 문법이나 어휘는 별로 어렵지 않지만, 요정족(디즈니 요정X, 엘프 계열 O)에 관한 얘기가 많이 나와서 이런 류의 판타지에 익숙하지 않으면 다소 어려움을 겪을 수도 있음.
- 그림이 예쁨.

7. Children of the Lamp 시리즈 - P. B. Kerr
* 난이도: 중
- 지니(알라딘에 나오는 램프의 요정 같은 거) 나오는 책 좋아하면 추천.
- 4편까지는 재미있는데 5편부터 재미가 하락함. 그 이후는 읽지 않는 걸 추천... 스토리가 약간 중구난방이 되어버림. 1권에서 끝내도 무방. 5편 이후로 아주 쓰레기가 되는 건 아니니 여유가 있으면 더 읽는 것도 ㄱㅊ)
- 위의 스파이더윅 크로니클과는 반대로 한 권 한 권이 좀 긺. 읽다가 지칠 수도 있음. 내용도 아예 새로운 세계관을 만들어놓은 거라 약간 복잡함.

8. Skulduggery Pleasant 시리즈 - Derek Landy
* 난이도: 중
- 섀도우 헌터스랑 비슷한 느낌이라서 그 시리즈 좋아하면 읽어보는 거 추천. 현대 도시에서 싸우는 마법사들 컨셉.
- 2편까지밖에 안 읽어봐서 그 후에 재미없어지는지는 잘 모르겠음. 우선 2편까지는 재밌음. 다음달에 월급 들어오면 나머지 책들도 살 예정.
- 단어와 문법 자체는 쉽지만, 주인공들이 드립을 많이 쳐서 영어에 능숙하지 않으면 이해하기 힘듦. 초보자들에게는 권하지 않는 책임. 개그와 농담이 매우 자주 나오기 때문에 이걸 이해하지 못하면 노잼책이 될 수 있음.
- 반대로 어느 정도 영어에 능숙한 사람이 읽으면 매우 재밌어짐. 언어유희 같은 것도 많아서 영어 응용력이 올라갈 수 있음.

9. The Phantom Tollbooth - Norton Juster
* 난이도: 중
- 영미권에서 매우 유명한 명작. 유학할 생각이 있는 사람들은 한번 읽어보는 거 추천.
- 초등학생들을 대상으로 하는 어린이용 책임에도 불구하고 난이도를 중으로 선정한 이유는 언어유희가 매우 많이 나오기 때문. 스컬더거리 플레전트보다 더 많이 나옴. 아예 스토리의 중심 내용이 언어유희임.
- 그만큼 영미권 일상생활에서 쓰이는 어휘/문구를 많이 배울 수 있어서 좋긴 하지만, 영어 베이스가 제대로 안 된 상황에서 이걸 읽으면 [뭔소리야 그래서 이게 뭔데]가 되어버릴 수 있음. 상을 붙일 정도로 어렵지는 않다고 생각하니 어휘력 늘리기로 한번 읽어보는 것도 나쁘지 않음.
- 솔직히 그낭 이세계 라노벨 판타지라고 소개하고 싶다.

10. The Graveyard Book - Neil Gaiman
* 난이도: 중
- 코렐라인 순한맛 느낌. 음울한 공포 분위기가 책 전체에 깔려 있긴 한데 주인공한테 붙은 조력자가 워낙 많아서 별로 무섭진 않음. 묘지에서 살아가며 유령들한테 키워지는 소년에 관한 건데 아무래도 유령들이 전부 친절하다보니... 정말 위험하고 주인공을 죽이려는 애가 한 명 있긴 한데 걘 걍 인간임
- 연한 공포 좋아하는 사람에게 추천. 코렐라인보다는 긺.

11. Stardust - Neil Gaiman
* 난이도: 중
- 위에서 얘기한 스파이더윅 크로니클이나, 마녀와 요정과 저주와 마법이 나오는 정통 판타지 계열을 좋아하는 사람이라면 추천. 탄탄한 세계관 하나 때문이라도 읽을 가치가 있다고 생각함.
- 사실 중보다는 좀... 어려울 수도 있음. 그래도 읽어줘 얘들아 진짜 재밌다니깐 내가 보장할게

12. The Talent Thief - Alex Williams
* 난이도: 중
- 설정이 매우 독특함. 이 설정 때문이라도 읽어보라고 권하고 싶음. 초등학교 고학년을 대상으로 한 책이라서 그렇게까지 어려운 책은 아님. (아니라고 생각함.... 아마도...)
- 남의 재능을 훔치는 능력이 있는 괴물에 관한 건데 솔직히 매우 부러움. 나도 그런 능력 있었으면 외대 교수님들 싹쓸이해버렸을텐데....

13. Peter and the Starcatchers - Barry Pearson
* 난이도: 중
- 피터팬이 어떻게 탄생했는지에 관한 이야기. 진짜 설정 개오짐. 엄청 재밌음.
- 놀랍게도 2편에서 더 재밌어지는 몇 안 되는 책.
- 내가 개같은 발리노어의 유니콘들(밑에 나옴) 사는 데 돈을 낭비하지만 않았어도 이거 3편을 읽을 수 있었을텐데... 하.....
- 배경이 옛날 영국이라 익숙하지 않은 어휘가 몇 개 나올 수 있음. 중간중간에 사전을 찾아보는 게 필요할 수도 있음.

14. The Anybodies - N. E. Bode (당연하지만 필명임. 발음해보셈.)
* 난이도: 중~상
- 평상시에도 독서를 즐기는 사람에게 추천. 이상한 나라의 앨리스, 닥터 수스, 반지의 제왕 등등 다른 책에 대한 언급이 굉장히 많이 나옴.
- 작가가 계속 나레이션 중간중간에 끼어들어서 자기 TMI 흩뿌리고 다니기 때문에, 영어책을 처음 읽는 사람은 좀 어려울 수도 있음. 나는 개인적으로 작가가 그렇게 튀어나오는 게 웃기고 재미있었는데, 다른 사람은 짜증나게 느낄 수도... 이 점 주의 바람.
- 책의 문법이나 어휘는 쉬운 편이지만, 위에서 말했다시피 작가가 계속 튀어나오기 때문에 영어책 읽기에 익숙하지 않은 사람이라면 스토리를 따라가는 것이 버거울 수도 있음. 어느 정도 영어책을 읽어본 사람이 도전해보길 바람.

15. Fablehaven 시리즈 - Brandon Mull
* 난이도: 중~상
- 솔직히 여기 나와있는 책들 중 가장 추천하는 책. 1편보다 2편이 더 재밌고 2편보다 3편이 더 재밌고 가면 갈수록 재미가 더 생기는 신기한 책. 빡칠 정도로 재미있음. 이따구로 글을 잘 쓰고 세계관을 잘 짜면 내가 전 시리즈를 싹 다 구매할 수 밖에 없잖아 어? 작가 너 지금 장난해? 나한테 얼마나 더 돈을 쓰게 할 생각이야?
- 아동용 판타지임에도 불구하고 무겁고 철학적인 소재가 많이 나옴. [개인의 선택은 어디까지 존중되어야 하는가?] [선과 악이란 무엇인가? 이 둘은 어떻게 구분되는가?] 등등 생각할 거리를 많이 줌.
- 이거 다 읽으면 나한테 쪽지줘 같이 덕톡하자

16. The Book of Lost Things - John Connolly
* 난이도: 상
- 빨간모자 같은 그림형제 동화 좋아하면 추천. 잔혹동화 분위기가 강해서 좋았음.
- ※중간중간 잔인한 장면이 묘사되니 주의※
- 책에 나오는 소재만 봐도 완전한 초등학생보다는 최소 중학생을 대상으로 한 책이라 좀 내용이나 어휘가 어려움.

17. The Boneshaker - Kate Milford
* 난이도: 상
- 스팀펑크 좋아하시는 분들에게 추천.
- 아마 읽으면서 '그래서 그게 뭔데 덕후들아ㅋㅋ' 할 때가 몇 번 있을거임. 정상임. 나도 그랬음. 일부러 작가가 스토리 중 몇몇 부분을 열린해석 식으로 애매모호하게 만든 거니까 너무 신경쓰지 말고 이해 못하는 부분은 걍 넘기셈. 그래도 충분히 재밌음.
- 위와 같은 이유 때문에 스토리를 따라가는 게 어려울 수 있을 뿐더러, 이거는 문법이나 어휘가 약간 더 고급짐. 고로 영어 상급자에게 추천함.

18. Howl's Moving Castle - Diana Wynne Jones
* 난이도: 중~상
- 지브리 애니랑 상당히 다른 스토리라인임. 사실 이건 영어 초보자에게는 도저히 도전할 수 없는 정도의 난이도고 중급자도 다소 어려울 수도 있다고 생각하지만 일단 추천함. 왜냐하면 재밌으니까. 꼭 읽어줘 얘들아ㅠ
- 아라비아 나이츠 같은 걸 좋아하면 이 책의 후속편인 Castle in the Air 추천함.

19. The Ear, the Eye and the Arm - Nancy Farmer
* 난이도: 상
- 먼 미래가 배경임. 약간 SF 소재도 들어가는데 그게 주류는 아님. 아프리카 문화/신앙에 관심이 많은 사람에게 추천.
- 여기 써놓은 판타지 스토리들과는 상당히 다른 류의 소설. 판타지물보다는 범죄/스릴러물에 좀 더 가깝다고 볼 수도 있음. 스토리 자체도 좀 더 어두움. 아무래도 미래 & 아프리카가 배경이다보니 익숙하지 않은 어휘를 많이 사용해서 좀 어렵게 느껴질 수도 있음. 재미 하나는 보장함.



[비추천 목록]

20. Companions Quartet 시리즈 - Julia Golding
* 난이도: 중
- 1권(Secret of the Sirens)까지만 재밌음. 그 이후로 작가가 떡밥 회수도 못하고 스토리 전개 말아먹고 새 캐릭터 마구 등장시키고 난리남. 시간과 돈이 넘쳐난다면 읽는 거 추천함. 1권만 읽고 재미있을 줄 알고 앞뒤 안 가리고 전 시리즈를 사버린 과거의 내가 매우 원망스러움.

21. Unicorns of Balinor 시리즈 - Mary Stanton
* 난이도: 중
- 딱 3권까지만 재밌음. 그 이후로 읽지 마셈. 이거 전 시리즈 구매하느라 날린 돈이 너무나도 아까울 정도임. 위 시리즈만큼 쓰레기는 아닌데 작가가 어떻게 끝내야 할 지 모르겠어서 방황하다가 대충 마무리지은 느낌이 매우 강하게 듦. 그래도 세계관 자체는 나름 봐줄 만 했음.
- 유니콘이 나오지만 마이 리틀 포니처럼 마냥 귀여운 애들이 아님. 짱쎄고 용맹하고 전투력 세계최강인 애들임. 생각해보면 당연함. 유니콘이란 창 들고 다니는 기병이나 마찬가지임. 강할 수 밖에 없음.


시간 나면 ver. 2로 다시 찾아오겠음","['사실상 내가 좋아하는 책들 남한테 영업하려고 쓴 거니까 여기 있는 거 읽어주면 내가 최대한 많이 도와줄게 제발 읽어줘라 얘들아... 진짜 재밌어', '스크랩만 누르지 말고 추천도 눌러줘ㅠ', '차단박힌사람들은 스크랩만 ㄱㄴ해서 그럴걸...', '그렇다기에는 스크랩이랑 추천이랑 거의 두 배 차이나서... 두 배 넘어가면 걍 글 삭제할까 싶음 난 관종이라서 관심받는 거 좋아한단 말이야', '우와.... 정성추 대박 영어 책이라곤 슈퍼 퍼지랑 알라딘만 읽었던 나 반성하며 하나씩 읽어볼게 지우지 말아조 ㅠㅠ♡♡♡', '와 정성 대박 참고하고 방학 때 꼭 읽어볼게 지우지 말아줘 고마웡!!', '역시 이런글 올라오는건 외대지❤️ 쓰니야 정성글 고마워😊', '악마...', '너무고마워❣❣', '정성 대박이다 정말....너무 고마워', '해리포터는 난이도가 어느정도일까요?', '영도에서 선생님으로 일하는데 해리포터 정도는 렉사일 8-900대야 영어권 학생 기준 초5,6이 읽는다 생각하면 됨', '와 그렇군요 감사합니다! 간단하게 중 정도로 보면 되나요?', '초반 1~2권은 하, 3~4권은 중, 5~7권은 상인 것 같아요. 이게 주인공의 연령에 따라 어휘나 문법이나 스토리의 복잡함이 달라지기 때문에.... 해리의 어린시절 때는 책도 짧고 스토리도 비교적 간단한데 가면 갈수록 뭐가 많아지고 복잡해져요ㅠ 그래도 이미 한국어로 한번 해리포터를 읽으신 경험이 있으면 아마 큰 어려움 없이 읽으실 수 있을 것 같아요', '아 그렇구나 친절한답변 감사합니다ㅠㅠ 사실 제가 지금 7권째 읽고있는데 말씀하신것처럼 확실히 해리가 성장할수록 단어도 어렵고 문장도 복잡하고.. 그렇더라구요 제가 느끼기에는 아동도서치고 꽤나 어려웠는데 객관적인 난이도가 궁금해서 여쭤봤습니다! 좋은글과 좋은답변 감사드립니다~^^', '아 미친 추억이다...코렐라인이랑 phantom tolbooth...', '그치 phanthom tollbooth 되게 유명한데 사람들이 잘 모르더라', '근데 실질적으로 그건 거의 셰익스피어 착한 맛이라...영미권 밖에서 씹덕 취급 받는 건 이해는 됨', '판소 좋아하는 사람으로서 추천 진짜진짜 고마워!! 혹시 나니아 연대기는 어느 정도 수준인지 알 수 있을까 나니아 연대기 진짜 좋아해서....', '음 나니아 연대기는 개인적으로 상인 것 같아. 아무래도 옛날 영국이 배경이다보니까 어휘가 진짜 생전 처음 보는 게 많이 나올 수도 있어ㅠ', '앗 글쿠나! 그럼 나중에 영어 실력 쌓고 차근차근 읽어봐야겠다! 고마워!', '아 근데 지금 다시 읽어보니까 몇몇 단어 빼고는 ㄱㅊ은듯?? 단어를 몰라도 뉘앙스를 이해할 수 있는 정도인 것 같아 마치 [*같네] 라는 단어를 보고 우리가 *이 뭔지는 모르겠지만 대충 욕이라는 걸 이해할 수 있듯이... 읽다가 어려운 거나 모르는 거 있으면 쪽지 보내줘 설명해줄게', 'The spiderwick chornicles, Coraline, The phantom Tollbooth, Stardust, fablehaven진짜 내 최애 ㅠㅠㅠ 딱 초5~생각난다... 무엇보다 Miss peregrine’s home for pecuilar children도 강추야!! 심지어 저번주에도 읽었다,,', '아 맞아 그것도 재밌지!! 와 너 나랑 친구하자.... 독서 취향 진짜 잘 맞는듯', '나도 해외에 있었을때 저런거 도서관에서 맨날 읽었는데 ㅋㅋㅋㅋㅋㅋ 다 인기시리즈여서 맨날 hold 하고 그랬던 추억이..', '이번에 fablehaven 2편 나온거 봤어?? 그 dragonwatch!!', '스파이더위크가의 비밀 어렸을 때 너무 재밌게 읽었어.... 영화도 꿀잼추천추천', '사촌동생들한테 추천해야겠네요~ 감사합니다', '흐오앙 쥬니비 존스 나 일곱살때ㅜ읽었는데 추억 ♥ ♥', '쥬니비랑 캠잰슨ㅋㅋㅋㅋㅋㅋㅋㅋㅋㅋㅋㅋㅋㅋㅋㅋㅋㅋㅋㅋㅋㅋㅋㅋㅋ여자 초딩 환장도서', '사실 그런 찐 유아용 도서는 종류를 잘 몰라서.... 내가 유일하게 아는 게 저 두개임', 'Magic tree house도 초딩저학년 반에 많이 꽂혀있었어!!!', '아 맞아 그것도 있었네', '나는 american chillers, michigan chillers만 주구장창 읽었었는데', '지우지 말아주세요', '판타지 야동소설이라고 보고 설레서 틀어왔는데', '그건 나중에 어른용 책 추천 리스트 쓸 때 나와', '추천 감사합니다 :)', '혹시 윔피키즈는 어떨까용 .?.', '아그거존잼이엇는데ㅠㅠㅠ', '어... 너무 오래전에 읽은 거라 기억이 잘 안 나요ㅠㅠ 어렵지는 않았던 것 같아요 아마 하 정도...??', '난 초중딩때 eragon시리즈 redwall시리즈', '아 맞아 redwall도 재밌지... eragon은 넣으려다가 초ㅡ유명작 중 하나인 것 같아서 걍 뺌', '제발 ... 지우지 말아줘...ㅠㅠㅠㅠ', '엄마 나 이걸로 공부할라고', '감사합니다!!', 'the five ancestors 어렸을때 잘읽었는데 생소한가보네', '옹 처음 들어봐 한번 읽어볼게', '추천천', '난 Roald Dahl책 ㄹㅇ 거의 다 읽었다 엉엉', '나도!! 그 사람이 쓴 자서전도 읽어봤어?? 진짜 개꿀잼임', '헉 담편 완전 기다리고 있당!!! 어른용 책 완전 기대중 ❤️❤️❤️❤️', '혹시 river boy 샀는데 이거 난이도는 어느 정도인지 아실까요?', '안 읽어봐서 모르겠네요ㅠㅠ 죄송합니다', '지나가다 남겨요 청소년 필독도서로 자주 언급되는데 난이도 자체는 하~중 정도 같아요!', '이런걸 어찌알아..', '전공책 안 읽고 맨날 아동판타지 소설만 읽어댐', '와 junie b jones 나 미국 살 때 지ㅣㄴ짜 좋아했는데', 'Magic Tree House....ㄹㅇ', '머싯당!! 고마어 ㅜㅠ 영어공부 열심히 할게!😊', '완전 고마어ㅠㅠㅠㅠ👍🏻👍🏻😍', '고마워요 ㅠㅠ', '정성이 대단해요 고마워용👍', '우와 각 작품마다 상세히 설명해줘서 우선순위를 정해서 읽기 좋을 것 같아! 주의사항이랑 킨들 유무까지 적어준 것 최고ㅠㅠㅠ책들에 대한 쓰니의 애정이 보인다ㅠㅠㅠ고마워!!', '감사합니다!!', '근데 주니 비 존스는 안 보는 게 좋을 듯.... 주니비가 일기장 쓰는 형식이라 어릴때 그거 읽고 문법 많이 틀렸던 기억이ㅠ', '헐 진짜?? 삭제할게ㅠㅠ', 'ㅠㅠ 부사가 아닌 단어를 새로운 부사를 만들고 비교급 잘못 쓴 게 좀 많아서... 그냥 미국문화 익히고 일상회화 보는 거로는 괜찮은 거 같아!', '글쓰니 판타지 덕후구나 나돈데 근데 나랑 겹치는게 거의없네. Bartimaeus trilogy 추천함 취준끝나면 함읽어볼겡 ㅎㅎ', '옹 추천 고마워 한번 읽어볼게!!', 'Rangers apprentice 도 재밌어', '아 그거는 유명해서 타이틀 자주 봤음ㅋㅋㅋㅋㅋㅋㅋ ㅇㅋㅇㅋ 그것도 내 위시리스트에 넣어둠', '우와,, 진짜 필요했던 정보들. 너무 감사합니다🥲🙌🙌', '초등학생 영어 과외때문에 이런 정보 정말 필요했었는데 감사합니다!', '와 peter and the starcatchers 개오랜만ㅠㅠ 초딩인가 중딩 때 읽고 까먹고 있었는데 다시 봐야겠다ㅠㅠ 시리즈 끝까지 다 재밌었던 걸로 기억해유...그리고 Molly Moon 시리즈도 추천... 함 봐보세요ㅎㅎ', '저 몰리문 시리즈 진짜 좋아해요ㅋㅋㅋㅋㅋㅋㅋㅌㅋㅋ 전 권 다 읽었어요!!! 추가할 걸 그랬네요 까먹고 있었어요...']"
✔️중국어 전공생이 중국어 과외합니다-✔️,"완전 노베이스 기초 중국어부터 HSK 4-5급까지 과외 가능합니다‼️

발음 교정 및 회화, 기본적인 첨삭, 교내 중국어 과목 예습, HSK 등 전부 맞춰서 진행합니다.🎯

대학교 입학 전에 중국어 배워본 적 없고, 입학 후에 기본 성조와 발음 꼼꼼하게 잡아가면서 공부했습니다.

외국에서 오래 살다온 동기들 & 중국인에게 발음 교정 받으면서 했고, 교수님들과 학원 강사님께 인정받을 정도로 했습니다💯

한국인들이 중국어 처음 시작하면서 겪는 어려움 누구보다 잘 아는만큼 기초부터 확실하게 잡아드릴게요🤹🏼‍♀️

시간 & 요일 & 금액 전부 조율 가능합니다! 편하게 쪽지 주세여",[]
중국어 잘하는 학우들~~,"중국어 넘 좋아져서 중국어 시작할려는데 뭐가 가장 효과 좋을까??
과외? 인강? 독학??? 학원???
다들 중국어 어떻게 시작했오???","['학원은 어떻게 생각해??', '이거 나도 공감 처음에는 과외 받는게 좋아 발음이나 성조때문에!', '글쿤 익명 1,3다 고마워!! 그럼 둘다 과외는 어느정도 받으면 얼추 인강으로 넘어가도 된다고 생각해?', '이게 영향을 많이 끼칠지는 모르겠는데 일본에서 오래살아서 일본어는 익숙하거든 그래서 한자에대한 두려움?? 은 없어!!!', '꺅 알려줘서 고마워~~ 시험기간인데 이러고 있다ㅠㅠ 주말 잘보내!!!', '학원도 괜찮은데 지금은 코로나라서 과외가나을거같아~', '글쿠나 그럼 코로나 아니였음 그냥 학원도 괜찮을것같다고 생각해?? 아무래도 과외는 1,2달하규 관둔다고 말하기가 좀...그래서ㅠㅠ', '내가 왜 처음에 과외하라고 햇냐면 초반에 성조랑 발음 잘 잡아놓는게중요할거같아서! 이거 초반에 안잡으면 나중에 버릇돼서 고치기 힘들어 지금은 마스크땜에 학원가면 입모양을 못봐주니까 과외추천 ㅜㅜ', '왁 그정도구나....충고 고마워ㅠㅠ 한번 과외를 알아봐야겠다ㅠㅠ', '초반에 발음 잘못 잡으면 나중에 힘들어~~ 특히 한국어에 없는 발음이 많아서 잘 구별해놔야돼 과외로 발음구조 익히고 그 이후에는 회화나 자격증때문이면 인강이나 학원 둘다 상관없을듯', '친절하게 알려줘서 너무너무 고마워~~ 과외 진짜로 각잡고 알아봐야겠다!!🥰']"
중국 우주과학,답없드아~ ㅋㅋㅋㄱㅋ,"['이거 진짜 어케 공부해야됨?', '문제는 우주에 관한 넓은것 수업시간중점. 전반적인 아웃라인 인식하고있는지 이정도 묻고 디테일은 아니고... 전반적으로 기원에 대한 걸묻고 교양차원에서 얼만큼 알고있냐를 50분쓰는건데...', '나도 막시작해서 일단 카오스 1강 ppt보는중이긴한데 막막해...', '마자 근데 도대체 그 교양차원이라는게 뭘지..***^^', '하... 진짜 자료랑 ppt 던져주고 알아서 공부하란건 너무한거아니냐ㅠㅋㅋ', '내말이 차라리 예상문제를 주셨으면 좋았을듯 예상이 안되네', '이거 카오스 강의도 시험범위인가요?ㅜㅜ? 논술형 문제인 것도 전 처음 들었는데ㅠㅠ?ㅜㅜㅜ아니 아무것도 공지 안 해주지 않으셨나요?', '수업시간에 아주잠깐 시험언급하셨어요 시험범위는 따로 안말해주셨구요', '저희 시험 1시부터 맞죠?!', '맞아요 아마 늦게 키실거예요 다른 수업 시험도 좀 늦게 키셨어요...', '아 넴 감사합니다!']"
정유선교수님 중국학개론,"담주 월요일에 시험보는거 나만빡침?
학교에서 정해준 날짜에 봐야지 ㅜㅜ
전시간에 연강듣고 시험볼생각에 개빡","['인정ㅠㅠ', '심지어 시험도 어렵다고 소문이., ㅠㅠ', '그러게요 글고 강의력도 좋으시다던데 피피티 이리저리 거려서 집중1도 x ㅜ', '아내말이ㅜㅜ연강이라고ㅠㅠ ㄹㅇ개빡..,', '초면에 왜 반말을 ...?', '아내말이요ㅜㅜ연강이라고요ㅠㅠ ㄹㅇ개빡힝 ㅜ']"
중국 : 쿼드 가입할꺼임?,?? : 초청받지도 않았습니돠 훠훠 ~,"['ㅋㅋㅋㅋㅋㅋ 친중을 아주 제대로하네... 미국백신 필요한상황아님? ㅋㅋㅋㅋ', '오늘 발표로는 화이자 2000명여분 계약했다고 하는데.. ㅋ 도입 언제할지는 깜깜무소식', '나라 망해간다 진짜..']"
중국어 문법과 작문 권희정교수님,서술형 문제 얼마 정도 써야하나요?? 분량은 말 안하셨죠??,"['근데 분량 별로 많이 안나오는 문제들 많아서 그냥 배운것만 쓰면 ㄱㅊ을듯!', '우악 넵 감사합니다 !!! 시험 공부 파이팅입니다~~', '지금 예상답안 만들어보는데 저도 어디까지 써야할지 모르겠네요.... ㅠㅠ 은근 많은데..?']"
중국을 싫어하는건 ㅇㅈ하는데,인종차별적인 말을 쓰는건 좀 그렇지 않아?,"['고 차이나', '""짱깨""', 'ㅋ']"
역시 중국인들 이구나 싶었다.,"원래 중국인이라고 차별하는 거 안 좋아하는데 실제로 겪어보니까 알겠다.
버스 기다리면 광역 버스는 줄 서서 차례대로 기다리잖아?
그리고 이미 줄이 긴 상태로 내가 줄을 섰고 그 뒤로 중국인 커플 둘이 섰어. 그리고 나서 버스가 왔는데 그 버스 전에 다른 버스가 와서 선 상태라 기사 아저씨가 문을 안 열고 버스가 사람들 줄 서 있는 곳에 올 때까지 기다리고 있었어.
다른 사람들은 다 줄 기다리고 있었고
근데 그 중국인 커플이 ㅋㅋㅋㅋㅋㅋㅋ 줄 나와서 버스 타러 뛰어감ㅋㅋㅋㅋㅋㅋ
지금도 타서 계속 중국말로 떠드는 중 제발 한국 오지 말고 너네 나라에서 살아라","['소수를 일반화하는게 아니라 진짜 살면서 본 모든 중국인들 하나같이 다 예의없고 시끄럽고 뻔뻔함. ㄹㅇ 민족 자체가 혐오스러워', 'ㅁ모..ㄹㄹ르...겠ㅅ...수웁..니..다..겨수우님.....', '중국은 교육부터가 엉망임', '좋게 볼래야 좋게볼 수가 없음 ㄹㅇ', '서양베이스든 뭐든 이제 그게 우리나라 예의인데 로마에선 로마법 따르는 시늉이라도 해야지.. 다는 아니어도 전반적으로 그런 거 맞음. 프레임화 대해서도 남의나라 문화 훔쳐오는 중국은 할 말 없다고 생각', '일부가 아니라 한 90퍼가 그럼', '혹짱?', '잡았다 요놈', '새치기하고 코시국에 밀폐된 장소에서 떠드는게 어느나라에서 용인됨?', '-짱-', ""개웃기네 ㅋㅋㅋㅋㅋㅋㅋㅋ 야 또라이 익 3아 이거는 '상식'이야. 줄 다 서고 있는데 호다닥 호다닥 새치기하는게 느그 나라에선 옳바름이니? 하긴 그 능지니까 코로나도 이사단 났겠지 의자 책상 빼고 다리 달린건 다 쳐먹는 미개한 인종이라"", '赞成维吾尔族人独立,欢迎啊', '존중? 존중도 사람이나 동물한테나 쓰는말이지 벌레한텐 안통해', '버스 줄선대로 타는게 틀린 법이니? 못배운거 티내지 말고 느그 나라로 좀 가라', '상식에 대해 얘기하고 있는데 웬 미국의 프레임화에 의한 어쩌고 저쩌고,,,, 상식을 얘기하는 중입니다 상식ㅋㅋㅋㅋㅋ 줄 설때 줄 잘 서고 코시국에 떠들지 않고 이게 미국 어쩌구 그겁니까 선생님,,,, 상식이지,,,,', '아득바득 중국 옹호하는게 짱퀴벌레 냄새나ㄷㄷㄷ', '아니 서양베이스든 말든 전세계에서 보편적으로 추구하고 통용되는 에티켓을 왜 중국인들은 안지키고 니들 방식대로 하는 거? 고집을 버리고 존중해야될 건 다른 나라에서 본인들 생활방식대로 행동하면서 민폐끼치는 중국인들이야;;', '아니 댓글 쓰는거 몇 번 보면 견적이 나오는데 뭘 자꾸 반박하려고 들어요ㅋㅋㅋ 그냥 저런 생각을 가지는 인간도 있구나 하면서 지나가세요 그냥', '서양의 시각이고 나발이고 문명 사회 구성원으로써 지켜야할 보편적인 룰에 대해서 말을 하는건데 저런 헛소리하는 헛똑똑이 상대로 싸우면 손가락이랑 머리만 아파요 뭘 저런 말같지도 않은 소리를 상대하세요ㅋㅋ', '착짱죽짱', '???? 나 광역버스러인데 그러면 버스기사 아저씨가 뒤로가라 그럴텐데 안그랬음?', '?? 과연..?', '너 혹시...', '你用韩文问过""想知道西藏人民是怎么被共产党镇压的吗?""', '이제 조용해졌네', '그놈의 일반화 일반화ㅋㅋㅋ 아니 모든 사람들이 그러는건 다 이유와 충분히 차고 넘치는 사례들이 있는건데 뭘 자꾸 일반화하지말래ㅋㅋ 일반화 외치는 놈들은 보편성이라는걸 모르나?', '어차피 다 자기 나라 이익대로 행동하는거지 세계 정세에 선악의 논리는 없어 명분 싸움과 그를 뒷받침하는 힘의 싸움만 있을 뿐이지 미국은 적어도 중국처럼 대놓고 무시하진 않는다고 체면은 차리려고 함 중국은 그런거도 없는거고', '그리고 혐오스러운 중국인들의 행태에 대해서 말하는건데 미국이 왜 나오는건지 모르겠네', '뭔 헛소린지 원.. 그냥 니 무시할게 뭔 말이 되는 소리를 해야 반박을 하던지 하지', '그래 너 참 많이 아는구나! 세상에는 너같은 사람들도 있다는걸 알려줘서 고맙다~ 많이 참고하고 간다~', '나도 너가 어디 공개적인 자리에서 그런 소리하면 많은 사람들이 널 보고 뭔 헛소리를 저렇게 자신있게 하지라고 측은지심으로 바라볼까봐 걱정이다.. 너도 어느 집 귀한 자식일텐데... 어디서 몇 자 주워 들은걸로 헛똑똑짓 그만하고 더 공부하렴ㅎㅎ', '거의 모든 사람들이 그렇게 말하는건 일반화가 아냐, 경향성이라고 하는거지.', ""중국 문화를 보면 '꽌시'(관계)중심 문화 때문임. 자기랑 관계있는 사람들한테는 한없이 친절하고 예의를 갖추지만 자기랑 관계없고 안볼 사람들은 조금도 신경쓸 필요도 없는거지. 그런 행동을 옹호하는게 절대 아니라, 난 이렇게 생각하면 조금 이해가 되서 내 마음이 조금 낫더라. 나는 그냥 다르구나 라고 최대한 생각했어. 그리고 나랑 관계가 형성된 중국인들 보면 엄청 정내고 친절하고 예의도 바르더라. 이런 관점에서 한번 보면 조금 낫지 않을까 :) (+ 참고로 난 한국사람임ㅋㅋㅋㅋ)"", '그렇다면 관계없는 사람들한테 피해를 주든 말든 내 알바 아님이라는 태도가 기본적으로 있는 족속들이라는거네? 그럼 더더욱 혐오스러운걸', '음.. 전혀 그런 의도의 말은 아니였는데, 그렇게 받아드릴 수도 있구나..🤔 개인적으로 내가 만난 중국인들은 이해를 안갈지라도 한번도 직접적인 피해를 주진 않았어. 그리고 만약 이 사람들한테 예의와 의식 같은 것들이 부족하다면 무작정 혐오하기보다는 우리가 도와줘야하지 않을까? 우리나라에도 분명 시민의식 성장시기가 있었듯이, 중국도 그런 시기가 필요하지 않을까? 그리고 상대가 행동을 잘못했다해서 인종차별을 할정도로 나의 가치와 수준을 떨어뜨릴 필요가 있을까?', ""익3 지는 지 입장에서 미국 하는짓은 깡패야 ㅇㅈㄹ하면서 중국은 그들의 입장이 안돼봤으면 왈가왈부하지 말라는거 존나 모순인거 알지?ㅋㅋㅋ 너가 옹호하는게 사회주의든 핑핑이ㅅㄲ든 상관없는데 짱깨새끼들은 '보편적'가치 조차 무시하는 상황에서 우리한테는 걔네 가치를 존중하라는건 너야말로 그냥 사대주의일뿐임"", '익3은 왜 미국얘기해서 핀트를 어긋나게 하지', 'ㅡ짱깨']"
중국어 배우고 싶은데,외대라서 학원을 다닐까말까 고민중입니다. 외대 2학기 중국어 강의를 들을지 싸관 수업을 들을지 아님 걍 학원이나 외대생에게 과외를 구하는 것중에 뭐가 괜찮을 까요?? 외대강의 중국어 초보자가 하기애 괜찮을까요?? 개인적 스펙용입니다!!,"['ㄴㄴ 학원다니셈 걍', '난 학교수업 들어서 좋앗는뎅 4학점 에이쁠😎', '음 한 학기 투자 대비 실력이 많이 오른 편이신가요?? 단기간 향상을 원하는데 비대면+초급 수업(을 들을 것 같아요)이라 원하는 만큼 실력이 안오를 것 같아 고민이 됩니다', '한자 잘 알고 암기 잘함, 중국어 아예 모름 상태로 초급중국어 수업 들었는데 워낙 재밌고 그때 좀 심적여유가 있던 학기여서 이래저래 잘맞았어요 교수님도 너무 좋앗고 예습복습 많이해서 학기 끝나고 hsk4급 땄습니당 중국가서 택시아저씨랑 수다도 떨엇어용 ㅋㅋㅋ 전 결과가 이래서 만족하긴 합니다! 졸업하면 또 공부해볼 생각도 잇구용 그때 이후로 많이 바빳어서ㅠ', '비대면은 교수님과 흥미가 잘 맞아떨어지면 극복할 수 있을 것 같긴한데 그건 너무 운이라 거기까진 잘 모르겠네용 제가 들었던 교수님도 지금 안계신것같구', '아하 그러시군요!! 답변 감사합니다~', 'ㄴ 무조건 학원']"
네이버 중국,아래 글 보고 못믿겠어서 내눈으로 직접 확인해봤는데 찐이네? 한국도 없는데 왜 ㅈㄱ이? 왜 우리 알빠야?,"['미국도 아니고 중국;;; 소름ㄷㄷ', '포천 이름도 포청천으로 바꿔버리는거 아닌가몰라', '어짜피 한국 길게 몇년 있으면 중국한테 먹힘', '한참 전부터 있었어']"
"정유선 교수님 중국학개론 중개론 영화 감상문이 뭐 보는거였죠,,","조느라 못들었네요,,
아시는분 있으면 알려주세요",[]
중국음식문화 레포트 다들 어케 씀,나 3장은 거의 책내용인데,"['나돈데', '난 거의다 내 경험이라 독후감같지가 않음', '나도 .. 먼가 이상한 느낌', '근데 이런 종류의 책으로는 다른 책읽고 쓴 독후감같이 나올 수가 없는듯', '나도 그래 다들 그런 듯']"
속보)시노백 검토,중국산인듯,"['으...못 미더운데', '진짜 은근슬쩍 중국끼워넣는거 개역겹네', 'ㅋㅋㅋㅋㅋ 빌드업 열심히 하더니만 걸국은', '절대 안맞아', '들여오기만해라 트럭 엎어버린다ㅋㅋㅋ', '이건 진짜 선넘는느낌', '스푸트니크까지는 봐줘서 그러려니 하겠는데 중국산은 좀...;;', '칠레가 쓰는 게 저거임', 'ㅆㅂ사전에 모더나 화이자 안사놓고 뭐함']"
ㄱㅇㅁ 중국영화비평,영화 다들 어디서 다운받으시나요?,['수강생은 아닙니다만 무슨 영화인가요?']
중급중국어강독,작문 망했다 ㅎㅎㅎㅎㅎㅎㅎㅎㅎㅎ,"['작문만 망해서 조켔당ㅎㅎㅎ', '아냐 앞에도 자신 없어 ㅎㅎ', '다같이 망해서 괜찮아', '그치 나만 망한거 아니지', '이쯤되면 교수님도 시험범위에 대해 재고해보셔야하지않을까', '피피티 조금 나온다며....', '작문이 이렇게 배신하네 ㅠㅠ 시험범위 어떻게 좀 안되나..', '진짜 단체로 건의하고 싶다^^', 'ㅋㅋㅋㅋㅋㅋㅋㅋㅋㅋㅋㅋㅋㅋ 나만 아는 단어 쓰다가 나온거 아니지', '哥哥 이런거 씀', '아미친ㅋㅋㅋㅋㅋㅋㅌㅌㅋ 나돜ㅋㅋㅋㅋㅋㅋ', '오바임 ㅋㅋㅋㅋㅋㅋㅋㅋ ㅜㅜ 진짜 이걸 우리가 다 외울 수 있다고 생각하셨구나 교수님께서는 ...', '교수님, 우리 과대평가 멈춰!!!!!!!!', '최대한 점수 주시려고 노력하신대 끝났으니까 너무 걱정말고 !! 고생했어']"
중급중국어강독,~^^,"['~~^^ㅠ', '^^ㅠ', '워크북 포기해서 뒤에 파트 싹 날림 내가 레전드일걸?', '?? 누가 내 얘기 써놨지', '~~~~~^^ㅠㅠ', '*^^*~~', '!^^! ~^^~ ^&^', '^^><>< ya ho~><', '~~~~><^^^^<*****', '정인이형..개빡세..', '~~~~~~~%%^^ㅠ']"
김진형 교수님 중국기업과시장연구,"오늘 시험 아니고,
오늘 수업 없는것 맞지",[]
중국법제도의 이해,중국법제도의 이해 김정애교수님 수업 8주차 강의 녹음이나 필기 녹화본 가지고 계신 분 계신가요? 오늘 웹엑스가 통 먹통이라서 다 끊겨서 망했어요ㅠㅠㅠ 도와주세요 사례는 꼭 드립니다!,[]
엘티 김유미 교수님 중국어,"기다리기 힘들다,,, 어디쯤이야ㅠㅠ","['그니까', '그니까.. 이름순인가..', '맞는듯? 첫번째분이 강씨인가 그랬던거같음', '흐어..오키오키..']"
중국어 질문 하나만요..!,"배열 문제였는데
他锻炼很少，反而身体很健康。
저는 이렇게 썼거든요 ..?
她很少锻炼，反而身体很健康。
근데 답이 이거라는데 왜인지 그 이유를 모르겠어서요ㅜㅜ
혹시 아시는 학우분들 계실까요?","['锻炼이 목적어 인데 他(주어) 뒤에 바로 쓰일 수 없습니다!', '锻炼이 동사로 쓰일 수 없는 건가요..!!', '동사로 사용하려면 锻炼과很少를 이어주는 得를 사용해야합니다 ! 他锻炼得很少', '헉 그렇군요!! 그러네요 ,,, 헝 정말 감사합니다🙏🏻🙏🏻ㅜㅜㅜ!!!']"
엘디티 중국어1,나만 발음 문제들에서 막혔냐...,"['22', '33', '이제 외우기 어떡하냐 ㅋㅋ', '외우기 한줄이 한문장인거죠?', '네', '감사합니다!!', '44', 'ㅠㅜ', '55', '77', '발음 문제 저랑 답 맞춰 보실분 계신가요']"
중국음식문화,오늘 수업 없는거죵,"['네', '감사합니다!']"
중국법제도의 이해,"오늘 쉅 하나????

중간고사라 돼있는데 시험 안보니까 안할라나,,?","['9시에 봐..', '9시에쉅해?', '너도 9시에 봐... 아직도 안자는구나', '으악 수업해????', '저번 수업 때 그러셨는데 혹시 아니면 날 때려줘', '아냐 나 저번주 결석했어 진짜 고마워~~~!!!!!!', '웅ㅋㅋㅋ 이따봐!!', '수업 맞지...????', '대기타는중']"
엘디티 중국어1,미리미리할걸^_^_^_^_^_^,['아 망한듯ㅋㅋㅋㅋㅋㅋㅋㅋㅋ']
중급중국어 ㅇㅈㅇ 교수님,진짜 이거 어떻게해요...?? 답이 없는데 ㅠㅠ 워크북도 다 낸다는건가 진짜 ㅠㅠ,"['포기하고 자면 편해', '난 잔다', '범위 상상초월', '내일아침에 더보ㅓ야지...망했다!', '여러분 믿고 저도 잡니다 ! 다들 시험 잘치세용 ㅎㅎ']"
글캠말고 중국이나 패자,짤은 위구르 여성 잡아다 파는 짱깨,"['우리 학교에 중국인 존나많던데', '짱퀴벌레', '치트키 에바야', '중국대 좀 맞자!!', '2짤은 뭐야?', '위구르여성 잡아다가 인신매매하는 짱깨', 'https://twitter.com/UyghuriyeRP/status/1384339759904997381?s=20', '둘다 패자', '넌 패자 loser.']"
중국 법제도의 이해,"내일 수업 안하는거 맞나...?
기억이 안난다ㅠㅠ",['ㄱㄴㄲ']
혹시 중국 철학과 사상 강의 들으시는분 있으신가요. ㅠㅠ,있으신가요 ㅠㅠ,[]
중급중국어강독 이정인 교수님,"시험 문제 어떻게 보여주신다 하셨지 ..?
화면 공유말고 이클에 올려주시면 핸드폰으로 보면서 풀어도 된다고 하셨나 ..? 내 기억력 ...............","['그 막 페이지당 보여주는 시간 정한다고 하셨나 ..? 확실히 정한 게 기억이 안나..네...ㅎ', 'ㅋㅋ 포기하면 맘편함', '시험 포기했어 ...?', 'ㅇㅇ 중중강 듣는데 걍 대충 눈으로 읽는중 절대 다 못외움 이거 걍 c+ 받는게 맘편할것 같애', '다른시험 다 에이쁠 받는다는 마인드', '아니야 ㅠ 화이팅해바 아직 좀 남았으 충분해~!!!', '너라도 잘쳐 ㅠㅠ 난 글렀어 두고가', '사진찍는거 허용이라 하시지 않았나??', '그치 근데 화면공유를 찍는 거야 아님 이클에서 다운받아서 보는 거야 ..?', '내 생각엔 화면공유일듯', '아아 고마워!ㅎㅎ', '아 진짜 근데 이렇게 보기 싫은 시험은 처음이야.. 하 ㅋㅋ', 'ㅇㄱㄹㅇ', '진짜.. 양 너무 많은데 ㅋㅋㅋㅋㅋ ㅜㅜ 저번 학기 교수님은 딱 본책만 시험범위로 주셨는데', '살려줘 ..', '중간고사 공지사항에 올라온거 4,5번 내용 다시 읽어봐 !!', '헐 내가 공지를 덜 숙지 했네 ..ㅎ 천사야 ㅜㅠ 고마워!!!!!!', '근데 문제가 이번엔 좀 많아서 다같이 사진찍는다고 하시지 않았어...?!', '한번에(?) 다 안나와서!!', '내일 한번더 물어보자 ㅋㅋ 기억이안나']"
중음문 중국음식문화,레포트 다 쓰셨나요?! 시험 보느라 레포트 내일 쓰려고 하는데 하루컷 가능인가요 ㅎㅎ..,['가능해용']
외대가 중국을 빨 수밖에 없는 이유.jpg,차이나코인 달달하다!,"['우한 짜요 ㅋㅋ', '팩트는 공자학원 돈 들어오는 이상 외대는 반중 죽어도 못 외침', '전국 대학교 온곳에 공자학원이 있지만 외대가 그 중에 최대규모임', '23억이면 ㅋㅋ', '10만원은 킹정이지 ㄹㅇㅋㅋ', '에효.. 결국 돈 때문에 수구리다가 먹히는거지 타이완처럼', '중국은 돈이 왜저리 많은거야??? 그 돈들을 어떻게 나서 그 많은 나라들을 다 돈으로 회유하는거지', '시장자체가 존ㄴㅏ커서']"
중급중국어 강독 이정인 교수님,"저번에는 시험 어떻게 나왔나요 ...
이거 어떻게 다 외우지ㅠㅠ","['암기빵 도입 시급..', '있으면 나 좀 주고 가 ..', '나도 구하고 싶음...', 'ㅋㅋㅅㅋㅅㅋㅋㅋㅋㅋ닉네임 넘 웃겨 .. 아 ... 웃 ㄱ ㅑ ......', '아니 일단 그냥 빈칸만 뚫어두시는게 이해가 안되네요... 어캐 다외움 진짜', '그니까요ㅠㅠㅠㅠㅠㅠㅠㅠ 이 문장들을 다 외우는 사람이 존재할까요 .. ㅎㅎ', '한글로 된거 중국어 작문하기 이런것도 아니고 그냥 문장내에서 빈칸만 두시면 어떻게 맞추라는겁니까,,, 저는 그냥 가볍게 공부하고 대충치려구요 ㅠㅠ 절 밟고 가세요', '저두요 .. 저는 기말을 열심히 준비할게요 .. ㅎㅎ 본문이랑 피피티만 외우겠습니다 ........']"
중국소비자경제 과제란에는 안제출해도 되지?,과제란에 서술형 예상문제 제출안하고 시험만 치면 끝 맞지??,"['넵!', '감사합니당']"
엘디 엘티 김유미 교수님 중국어1,19문장 무조건 넘지 않음? 내가 계산을 잘못하고 있나 19문장 나온다는 분들은 뭐지,"['그냥 본문 교체빼고 다 외우는중..', '근데 이거 나도 몰랐었는데 2과라고 치면 공지에 1~2번 본문 각각 2문장씩이라니까 니하오 마 , 워 헌하오 니너 이렇게 두문장 외우면 되는거 아닐까?', '그래도 30문장이긴 한데...', '2문장씩이 뭔말임 도대체']"
중국소비자경제학,6개가 싹다 서술형이었을줄은...,"['계산문제 풀이 서술했어 혹시? ㅠ 나는 그냥 대충 답이랑 특징만 적었는데', '혹시 몰라서 문장으로 풀어쓰긴 했어...근데 오늘 웹엑스 접속하는거 아니었지??', '응! 웹엑스 접속 안하는 대신 타임어택 있을거라고 준비잘하라고 하셨었어!!', '문제 자체는 그렇게 어려운 것 같지는 않았는데 손 느리면 힘들었을 것 같았어ㅋㅋㅋㅋ', '맞아..ㅋㅋㅋ 시험치느라 수고했어ㅎㅎ 올 에이쁠 길만 걷자!ㅋ ㅋ']"
중국소비자,^^...,['시간 안부족했니..']
중국소비자경제학,웹엑스 안들어가도되는거죠?,[]
인신매매 하는 중국인,"위구르 여성을 팔고 있는 중국인
https://twitter.com/UyghuriyeRP/status/1384339759904997381?s=20",['실화야?..']
브릭스 세미나 5번까지 있는 줄 알고,다 썼다고 여유 부리면서 수정하다가 6번 안 쓸 뻔 ㅋㅋㅋㅋㅋ 중국 세미나 듣느라 고생했다 우리 ㅠㅠㅠㅠㅠㅠ,"['엥 시발..? 엥..?', '6번이 서술형..? 그거야??', 'ㅠㅠㅠ6번이 서술형이야? 마지막문제가 서술형 맞아?', '2번 서술형 1,3,4,5,6 약술!', '아 근데 문제 번호 다 다를 수도..??', '아 문제순서가 다 다른가보다 난 마지막이 서술이라서 개놀랬너 ㅠㅠ', '앜ㅋㅋㅋㅋㅋㅋㅋㅋ 고생했어!!', '친구야 그 두개의백년 일대일로 호구제도 한중수교 이거 말고 또 문제 뭐있었지..? 약술형? 나 갑자기 하나 안쓴거같아', '중국 정치제도 약술! 원래 서술로 내시려던거', '아아! ㅠㅠ 맞아 고마워ㅠㅠ흑 다행', '고생했오 다음 교수님은 그저 갓이길 ㅠㅠ', '난 서술도 딱히 내 의견 안 썼는데........ 내 의견 써야 해?', '아 깜짝아 ㅋㅋㅋㅋ 난 안 썼어... 심지어 두 개의 백년은 진짜 네 문장...?']"
중급중국어강독,진심 망했다 어떻게 다 외워 ;,"['오디까지 외워쎠ㅓㅠ', '나 지금 워크북 첨봄..', '워크북에선 많이 안나오나요?', '워크북 아예 안해서 지금 보고있는데 진짜 뭐냐 이거?ㅎㅎ', '혹시 피피티는 진짜 안봐도 될까요 ㅠㅠ']"
중국 역사의 이해 이익희 교수님,지금 준비하는 사람 있냐 ㄹㅇ 이거 어케 해야대냐 ㅋㅋㅋㅋ 오픈북 없이 어떻게 하냐;;;;,"['나;;; 진짜 좃됨', '아무리 1500자 하려고 해도 안되서 걍 요약만 해놓고 끝낸ㄴ다 ㅈ같다 진짜', '계산해보면 1분에 100자 치는거임 진짜 미쳤어 ㅠ 예상문제가 있어도 헬인 시험 오랭만이다', '예상문제도 ㅈ같', '수업도 자기 사진 대강 보여주고 넘 가독성 없어서.. 답은 책 요약하는게 나을듯 ;;', '아니 그리고 노트북애 카메라 달려잇는데 내 얼굴 손 키보드 어케 다 보여주냐 ㅋㅋㅋㅋ', 'ㅋㅋㅋㅋ 걍 첨부터 애초에 다들 이동가능한 캠이 있다고 생각하시거나 폰으로 비추라는거거나 인듯', 'ㄹㅇ 개오바 아 진짜 걍 씨쁠각', '저 이제 시작이여 ㅎ 글고 방금 포기함', '나 이제시작..ㅎ', 'ㄹㅇ 교수님한테 말씀드려야되는거 아니냐?', '그니까', '넘 힘들엇김 ㅜ', '이거ㄹㅇ심각', '다들 공부 잘하고있어??']"
"중중강, 중급중국어강독 이정인 교수님",강의 자료에서 얼마나 나온다고 했는지 아는 사람?,"['적게 나온다고만 얘기하셨던 것 같음', '그럼 과감히 버리겠어', '알려줘서 고마워', '버리지마!!', '외울 게 너무 많아 ㅜ 워크북이랑 본문만 해도 300문장 되던데 ....']"
중국소비자경제학 서술형 답안 다 쓴 사람있니,"다 쓰는데 얼마나 걸렸어?ㅋㅋㅋ
너무 막막하다ㅠㅠㅠㅠㅠㅠ","['아직 시작 안 했능데,,얼마나 걸릴까,,.걍 ..,안 쓰고ㅛㅣㅍㅅ러', '답안썼니?! 나 하나쓰는데 한시간 안걸린거같아 ㅋㅋ ㅠㅠ 근데 두번째게 노답이네..', '1페이지 꽉 채워야되나..? 도저히 한 페이지 분량이 안나오던데...', '굳이 막 엄청 꽉채울 필요는 없을듯.. 나도 그냥 4/5 정도 쓴거같아 ㅋㅋ 이클래스 시험시스템이 한장 다썼는지 안썼는지 잡는것도 아니구..', '오늘 시험 볼 때 웹엑스 접속 안해도 되는거 맞죠...?']"
LT 중국어 1 김유미 교수님,"수업 들으시는 분들
교수님이 19문장을 외우는거라고 하셨는데
교수님이 주신 기준대로 하면 19문장은 무조건 넘지 않나요..?","['그중에서 골라서요!', '자꾸 질문드려서 정말 죄송해요ㅜㅜ 그럼 제가 4과를 아예 안하고 싶다면 안해도 된다는 거죠? 모든 본문을 2문장씩 말해버리니까 19문장이 훌쩍넘어서요', '엥 아니죠!! 각 과마다 최소 2문장을 외워야되는게 포인트에요 계산하면 얼추 19문장 나오던데요?', '‘1~2번 본문 각각 2문장씩’ 이 뜻이 1번 2문장, 2번 2문장이라는 말 아닌가요..? 그럼 총 4문장 외워야하는 건데 이런식으로 계산하다보니까 19이 넘어서요', '제가 이해를 너무 못하네요..죄송합니다 ㅠㅠ', '그럼 5과 1~3번 본문 각각 2문장씩 이렇게 돼있으면 1번이랑 2번만 말해도 된다는 뜻인가요', '저도 이거 엄청 헷갈려요', '본문 각각 두문장이라는게 그 1번 2번 본문에서 각각 두문방이지 아니면 1, 2번 본문 통합해서 2문장인지가 너무 헷갈리네요 ㅠㅠㅠ', '저두 이게 헷갈려요ㅠㅠㅠㅠ근데 후자면 너무 적어지는 것 같아서 전자로 가야할 것 같아요', '근데 쓰니님 진짜 제가 말씀드린대로 후자로 하명 딱 19문장이에요', '1과에서 9문장 외우고 전체를 외우는거니까 2과 2문장 3과 3문장 4과 2문장 5과 3문장', '아 그럼 각각 2문장씩이라는건 본문이 3개일 경우에는 해당 안되는건가요??', '본문이 3개면 한 본문당 문장 1개 아무거나 콕찝어서 외우면 된다는 뜻 아닌가요 그러면 19문장 딱 나와요', '오 그렇군요 감사합니다!', '1과는 5번본문까지 9개 나오고 2과는 본문이 2개니까 문장을 각각 하나씩 외우고 3과는 본문이 3개니까 본문에서 한문장씩 골라 외우면 19개에요!', '중국어를 배우는지 국어 비문학을 푸는지 모르겠군요', 'ㅋㅋㅋㅋㅋㅋㅋㅋㅋㅋㅋ그러게요 정말 감사해요!! 내일 시험 화이팅입니다!! 😊😊', '그쪽도요~!', '여러분..!!! 교수님 오피셜나왓습니다 그냥 다 외우는것 같아요...ㅠㅠㅠㅠ 19문장을 잘못 쓰신것같습니다 다들 주무시지 않기를..ㅠㅠ']"
중국음식문화 중간과제,3장 이내라고 말씀하지 않으셨나요?? 왜 공지에는 4쪽이내라고 쓰여있을까료..ㅠ,"['원래 4쪽이내요', '3-4 쓰면 되지 않아요?']"
중국업무문서작성법,낼 수업 없는 거 맞나요??,['저도 궁금해요ㅠ']
중국어문법작문,웹엑스 시험이라하시는데 왜 암것도 안올라오나요??,"['저도 기달리고있어요', '그니까...']"
jiangzhuhua 교수님 중국업무문서,목요일 3시 수업 내일 휴강인가요??,[]
중국말소리구조 잘봤니....,하 어려워.......,"['답 다 썼니..?', '웅 그럼 뭘 또 해...?', '그것도 뭔가 번역햇는ㄷ 말이 ㅈㄴㅈㄴ어샥함 ㅠ 걍 써서 냄 ㅠㅠ 아 수치스러', '짜증나 문제 왜이래....', '답은다썼어??', '다들 답 다 쓰긴 했어...??????!!! ㅠㅠㅠㅠㅠ', '오늘 웹엑스 들어가는거 아니었지..?', '아니었어!', '그냥 이클로 보는거라고 저번시간에 교수님이 말씀하셨어', '해석하는거 아무말쓰고 못쓴 문제도 있음ㅠㅠ', '아그니까....... 나는 음절은~다 음소는~다 이런거 나올줄 알았는데;;;;;', '뒤에 중요한 배점 큰 부분은 다 앞에 방언 부분에서 나옴 ㅠㅠㅠㅠㅠ', '방언은 또 왜이렇게 헷갈리는지.. 무슨 방언이 그리많야 아우짜증나 ㅜㅜ', 'ㅠㅠㅠㅠ망한듯 ㅜㅜ 아 학점잘받고싶은데']"
중국어과 분들 지금 뭐 배워요??,다른 언어관데 걍 궁금해서...,"['중국어배우는데요..?', '어느 수준의 중국어를 배우는지 궁금해서오..', '과목마다 다른데 어려운 수업은 교재도 중국어고 내용도 어려워서 파파고 없인 절대 못하고 회화같은거는 그냥 일상회화?', '아하! 그러니까 기초부터 시작하지는 않는다는거죠? 감사합니당', '절대 기초부터 안해요 어느정도 배우고 와야지 따라잡아요 ㅠ', '아 그러면 HSK 4급정도면 어떨까요? 그럼 따라갈수있나요?', '처음뱌우는건 한 2급정도수준인 것 같아요 근데 속도가 너무 빠르고 주변에서 다 잘하니까 그거 생각하면 3-4급 수준이고요', '네넵 감사합니당', '파파고 돌리는 법이요', 'ㅋㄱㅋㅋㄱㄱ', '통암기하고 있어요..', 'ㅋㄱㄱㅋ']"
중국소비자경제학,혹시 7주차 강의 녹화본 있는 분 계실까요ㅜㅠㅜ,[]
중국어레토릭 중간고사 보신 분들,"어땠나요... 공부했으면 무리 없이 쓸 수 있는 항목들이긴 했는데 생각보다 되게 타임어택 오지고 초반에 어떤 분 노래? 잡음 너무 나와서 너무 산만했는데....
이렇게 시끄러운 시험은 처음이네요","['맞아요..ㅠㅠ초반에 소음때문에 머리 안 돌아가서 계속 멈칫하게 되고..시간도 넉넉한 느낌은 아니였어요...', 'ㅠㅠ 그러게요 하울링.. 근데 2시8분까지 이멜 제출하고 시험지도 학부에 갖다 줘야된다 그랬죠??']"
중국말소리구조,진짜 책만 보면 되는거겠지,[]
중국도시화 진짜,말도안되게 풀었다 ㅋㅋㅋ 시간 너무 부족해ㅜ,"['저두요 ㅠㅠ', '무슨정신으로 냈는지.. ㅎ 서술형도 ㅠ', '나도..논리적으로 적으라는데 나열하는것 만으로도 부족해']"
중국학개론 ㅈㅂㅇ,분량 어떻게 쓰셨나요,"['한장 좀 넘게 쓴듯요...', '저두 한장 좀 넘게?', '엥? 그거 분량 정해져있어요?']"
최은경 중국학연구방법,웹엑스 주소 아시는 분 ㅠㅠ,"['1주차 강의자료 보시면 돼요', '감사합니다']"
중국대중문화 ㅋㅋㅋ,어떤사람 대놓고 컨닝하던데 ㅋㅋㅋㅋ 교수님 못보신건가,"['신고 ㄱㄱ', '엥 오픈북으로 봤어?', '오픈북 아닌데 책보던겨?', '아니 근데 교수님도 보신거같아 표정 찌뿌리시던데 못볼 수가 없는데 ..', '뭘했길래-지나가던 외통생', '시간이없더라', '어떻게 컨닝함..?', '나 문제보느라 스크롤 두번정도 내렸는데 그정도는 상관없지?', '난 교수님한테 말씀드리고 했어 ㅋㅋ', '계속 쓰다말고 왼쪽 보고 쓰고 왼쪽 보고 쓰고 하던데 ㅋㅋㅋㅋㅋ', '스크롤 아니고 문제보는 느낌이 아니었음 ㄹㅇ 딱봐도 답보고 쓰는 ㅋㅋㅋ 이름 기억하고 있다 처신 잘해잇 ^_^', '아 나도 그분 본 거 같은데 문제를 다른 기기로 틀어놓고 문제 본 거 아님?', '헐 그럼 ㅇ오바네', '엥 진짜????? 핸드폰으로 검색함?!', '나 다른 기기로 틀어놔서 옆에 확인하면서 했는데 .. 설마 나는 아니겠지 ..?? 걱정되네', '엥 너일수도 있겠네', '님 혹시 성별이?', '그 문제지 말이야!! 노트북 옆에 두고 했는데', '저 여자요!!', '혹시 성에 ㅈ 자 들어가시나요', '오 아니요 다행이다', '근데 신기하다 시험 보면서 웹엑스 남의 것도 봐??? 난 긴장돼서 발발 거리느라 남 신경 못씀ㅋㅋㅋㅋㅋㅋㅋㅋㅋㅋㅋ', 'ㄴㄴ ㅋㅋㅋ 한컴파일로 문제 켜놓는데 그 친구 심지어 음소거도 안되서 걔 얼굴만 내 화면에 뜸 나갈때 인사하려고 보니까 계속 그러고 있더라 ㅋㅋㅋ', '그분이 젤 전체화면으로 떠서 나도 보이던데', '익 11 너도 누군지 앎?', '오 시험 방식 특이하네 근데 걔도 참.. 어지간히 정신없었나보다', '악 그수업 전학기에 들었는데 그때도 컨닝존나많앗슴', '컨닝이 난무하는 정다운 한국외대.. 교수님도 알면서 넘어가실거 같다 ㅋㅋㅋ 워낙 착하셔서 ㅠ 어차피 절평이니 뭐', 'ㅇㅇ 저번에도 애들 항의메일보내고 그랬는데 그냥 넘어가심 근데 이번에 또 그런식으로 보네', '엥 사실이면 개억울해..나만 한자 보고 벙쪄서 망한거냐고ㅠㅠ', '그니까........나도ㅜㅜㅜㅜㅜㅜㅜㅜㅜㅜㅜㅜㅜㅜㅜ 하ㅜ', '난 걍 한자보고 아 이건 어쩔수없다 기말에 만회하자..ㅠ 하고 일찍 나와버렸는데...아 진짜 차라리 문제 보고 푼 거얐음 좋겠다 베낀 게 팩트면 너무 화나고 억울해ㅠㅠ', '솔직히 컨닝한 사람 못해도 1/2예상 얼굴도 안보여줘도 되는데 예상문제정돈 해놨겠지 ㅋㅋㅋ', '인정한다 ... 어차피 그런 시험이였던건가봐', '나도 한자만 열라 비워놓음...하 기말에 무조건 그냥 과제 대체 했으면 좋겠는데 ㅜㅠㅠㅠㅠ', 'ㅋㅋㅋㅋㅋ와.. 정직한 게 어쩌다 바보짓이 된거지 화나네..', '이래서 과제대체가 나음 기말엔 과제대체 하자고 말해야지 ㅠㅠㅠㅠㅠㅜㅜㅜㅜㅠ', '오픈북으로 하자해 ,, 그게 더 나음 ㅎㅎㅎ', '아 ㅇㅈ 오픈북만 되어도 괜찮을 거임 진짜', '근데 진짜 오픈북이면 이게 분별력이 있을까싶어서 과제대체가 나은것 같아 ㅠㅠ', '그냥 정직한게 마음 최고 편함 .. 다들 수고하셨어요!!', '나도 한글이랑 줌 켜놓고 옆에 계속 확인하면서 했는데.... 걱ㅈㅕㅇ', '한자 문제는 바이두밖에 못 썼,,,', '한자 몰라서 약술 한자 문제 거의 다 못 썼는데 진짜 이럴거면 오픈북 아닌 수업은 걍 학교 가서 봤으면 좋겠어']"
중국대중문화,"약술형 한자 못읽어서 세개 틀린듯
나머지 다 맞았다고 가정해도 ㅈ된걸까 ㅋ","['에이 , 절대평가인데', '난 제출하고 보니 신원롄바오라고 작성했더라 ... 老三은 틀림', '한자 바이두빼고 다틀렸다 후', '나도 ....', '한자빼고 열심히 공부해서 속상해ㅠ']"
중국대중문화,어떡해,"['ㅋㅋ', '진짜 진심으로 망했어', '양이 많아', '갑자기 오픈북 하라고 하시면 좋겠다', '문제를 줌으로 보여주시는 건가?', '토ㅘㄹ 것 같아 ..', '교수님 누군데', '리민숙교수님']"
이번에 한국인 직원 뺨 때린 벨기에 대사 부인,중국인이라네 ㅅㅂ,"['ㅆㅂ', '벨기에사람이랑 결혼해도 숨길 수 없는 짱깨 핏줄', '짱깨새끼', '중국이 중국했네', '사과도 안한다는데 ㅅㅂ', '이 말이 가장 어울리는 사건임']"
송중기 송혜교 왜 이혼한지 아는 사람?,"송혜교 중국 스폰? 이런 말도 있고


https://youtu.be/jViLc9ZOfyo
결혼식 영상 송중기가 진짜 완전 사랑하는게 느껴져서 이유가 뭘까 궁급함 ㅠ","['아는 사람은 당사자들뿐', '성격차이 아닐까', '애기때문이라고 들었는데 이것도 뭐 카더라지만', '웅 애기때문이라고 나도 들음', '애기 왜?', '나도 궁금하다.. 다른 연예인들보면 성격차이라고 하던데 송중기 송혜교는 그런말도 없었어', '뭐 어쨌든 우리랑 상관은 없는듯함', '스폰 ㅇㅈㄹㅋㅋㅋㅋㅋㅋ']"
이민숙 교수님 들어보신분들,중국대중문화인데 나오는 한자들도 외워야하나여??,"['설마요..', '중국어를 너무 못해서 시경쪽에서 나오거나 그러면 그냥 못풀것같아여', '제발 ㅠㅠ!!!!', '이거 서술형 ppt에 있는 말들 다 끌어와서 써야할까요 ..?! 어떻게 써야할지 고민이네요ㅜㅜ', '음 저도 아직 안씀여 ㅎㅎ', '근데 서술형 미리 종이에 써가도 되는건가요? 아님 시험 시간에 작성해야 하는건가요 ...??', '아이고 준비물이 백지종이였네용 .. 휴 .. ^_^', '공부 많이 하셨나여.........', '아니요ㅋㅋㅋㅋㅋ 선택과 집중 하려고요 다못외울것 같네요', '근데 줌 9:20까지 들어가는거 맞죠?? 왜 8:50이라는 기억이 있는지 모르겠는데 교수님이 바꾸셨나요?', '9시 30분 시험 맞아요', '감사합니당!', '아 막막하다 진짜... 내용 너무 많아', '나 그냥 잘거임 갑자기 생각해보니까 시험 못본다고 죽는것도 아니고 ㅎㅎㅎ 괜찮아!!', '다들 어떠셨나요 한자 나오긴했네요 ㅋㅋㅋ', '..']"
혹시 格局 뜻 아는 사람,"대화 중 A가 상대한테 욕하려고 하니까 A 옆에 있던 사람이 A한테 ""格局""라고 말함
그러니까 A가 ""你们太没有格局了""라고 하거든
저 단어의 뜻은 아는데 뭔 맥락인지 모르겠어
중국어과 아님 걍 딴 영상 보다가 이해 안 돼서 물어봄ㅠㅠ","['뭐보는데 저런게 나옴?', '중국 스트리머 방송']"
중국학연구방법론 준비하는 사람있니,"하기싫다...ㅎ
하기 싫은것도 싫은건데
강의 음질 너무 구려서 잘 안들리는 것도 존많이었고
교수님 자꾸 버벅거려서 필기한걸 보는데도 이게 뭔가싶은게 많넼ㅋㅋ큐ㅠㅠㅠㅠㅠ","['애초에 뭐가 나올지를 모르겠다ㅋㅋㅋ 그냥 아는 거 다 써라 식으로 나오려나', '지난학기 교수님 다른수업 생각하면,,,그러지않을까ㅋㅋㅋ 하 하기싫다,,,', '웹엑스 주소 아시나여?', '첫번째공지사항에 있지않아요?']"
신신방 나타중생 개꿀잼 ㄷㄷ,중국애니 졸잼 ㅁㅊ,"['야 시진핑개새끼 해봐', '어떻게 시진핑개새끼라고 해요ㅜㅜ', '나타지마동강세도 개꿀잼임', '그거 2편인데 ㅈㄴ재밌다진짜']"
중국대중문화,다들 얼만큼 외웠어? 이걸 다 외우고 잘 수 있을까?,"['나 반 포기.........', '나 그냥 깔끔하게 포기하고 지금 잘까 생각 중이야 ^^', '나 이제 3장 공부하는데 ~~족 여기서 진짜 토나올거같아', '그 족 이름 한국어도 아니라 더 안 외워져', '인정... 걍 포기할까', '나 지금 불 끄고 누웠어 포기하려고 ㅎㅎㅎㅎㅎㅎ', '안돼 포기하지말자... 우리 끝까지 해보자구!!!!', '아냐 나 진지하게 자려고 ㅠㅠ 화이팅 해 !!!!!!!!!!', '아랏엉 홧팅홧팅😢', 'ㅋㅋ 나처럼 발컨 연습해야지 뭐하는거야', '발컨이머야??', '180장을 다 외우라는 게 말이 돼??', '이거 진짜 오바임..']"
이정도 언어스펙이면 상경학사 노쓸모?,"영어 토플 120
중국어 HSK 6급 만점
일본어 JLPT N1
스페인어 Dele c2 만점
프랑스어 Delf c2 만점

시켜줘 명예외대생","['뭐야 약간 인간 파파고? 그런거야?', '저기에 본전공이 경영 경제 국통이다? 게임 끝', '그정도 두뇌면 외대에 안있지 않을까?', '수학을 못해서 외대를 오게 되었다고 한다', '저걸로 연고대 어특뚫겠지...', '맥킨지 정문폭파 가능', '그냥 내희망사항 적어본거임', '아...따고 생각하자^_^', '폰스펙 뭔데ㅋㅋㅋ', 'ㅁㅊㅋㅋㅋㅋㅋㅋㅋㅋ']"
중국소비자경제학 서술형,문제당 1페이지가 나와...? 2/3 정도 밖에 안나오는데..,[]
김유미 교수님 중국어,LT) 작년에 발음 시험 1:1 회의실로 방 따로 만들어서 시험 보셨나요??,"['작년에 학생들 나가고 한명씩 원래 웹엑스 주소로 들어가서 쳤어요', '그러면 단체로 필기시험 보고나서 한명씩 발음 시험 보신 건가요?!', '네네 맞아요 한명씩 문자로 들어오라고 알려주시는데 뒷순서면 좀 오래기다려야해요', '네!! 답변감사합니다 :)']"
서한용 중급중국어강독,"캠 끄고 시험보는거 맞지?
지난번에 학생이 질문하니까 캠 끄고 평소 수업처럼 본다 하던데..","['와 개꿀이다', '개부럽다 진심..']"
jiao jingjing 교수님 교양 중국어,2차 과제 새단어랑 단어라고 하셨는데 도대체 그냥 단어는 뭐야...? 새단어는 책에 나와있는거 알겠는데 단어는 뭘 써야될지 모르겠어...,"['새단어와/ 단어의 한국어 해석 이거 아님?', '헐.... 대박 나 한국어 못하나봐', '완전 고마워🥲🥲😆😆', '아니야ㅋㅋㅋㅋ나도 몇번봤어', '최고야.. 고마워 하마터면 못낼뻔 했다ㅠㅠ! 시험 화이팅해!!', '화이팅!']"
hsk,hsk 4급 딴지 1년 정도 됐고 그 이후로 중국어 아예 안봤는데 2달 주 5회 하루 5시간 씩 공부하면 5급 고득점 가능할까???,"['하루에 그렇게 두달 꼬박 할 수 있으면 충분 가능이지 뭘해도 될듯', '쌉가능;']"
중국인터넷플러스 수업 신세리교수님꺼,오픈북이지?,"['ㅋㅋㅋㅋㅋ그놈의 난투장은ㅋㅋㅋㅋ', '나도 그렇게 알고 있음', '고마워 친구야!']"
중국대중문화,다들 잘 하고 있니?,"['영상 안보고 피피티만 외우면 되겠지??', '엉 나도', '밤새야될듯', 'ㅇㅈ ㅜㅜㅜㅜㅜㅜㅜㅜ', '문제가 쉬울거야', '아닌 거 같아ㅝㅜㅜㅜ', '근데 노답이지 ,, 약술형 15문제 ㅋㅋㅋ', '진짜 오픈북 아닌 게 말이 돼?', '누가 메일 좀 드려봐.........', '좀 살려줘 ..', '진짜 쉽지않다']"
중국대중문화,교수님이 공지 올린거에 무조건 댓글 달아야해??,['무조건은 아니야']
중국말소리구조 공부,어떻게하세요 다들?...,"['모르겠어요.... 일단 펴긴 했는데.... ㅠㅠ', '그쵸.. 아니 시험이 도대체 어떻게 나올까요?? ㅜㅜㅜ 양도 많고 ㅜㅜ', '이것도 다 해석하고 읽고 있어야 하나... 싶은게 넘 많아요ㅋㅋㅋㅋ큐ㅠㅠㅠ', '그 뭐지 약간 스토리텔링식?? (Magua 어쩌구..) 이런건 그냥 공부 안해도 되지 않을까요?... 설마 이런것도 문제로 내실까요? 넘 애매하네요', '그러니깐요 ㅠㅠㅠ 이랬는데 낼까봐 막막해요....']"
중국도시화 수강하는 분들,"disloacted peasants 뭐라고 번역하시나요?
대충 도시화 정책으로 도시호구 갖게 된 농민들 느낌으로 받아들이는데 한 단어로 뭐라고 해야할지....",[]
중국현당대산문 김영명,내일 수업 없는거 맞죠??,[]
중급중국어강독 이정인교수님,다들 어떻게 공부하시나요...달달달 외워야하는 것 같은데 범위가...,"['안하고 있습니다.............. 뭘 믿고 이러는진 모르겠지만 전날에 하려구요 .........................', '저는 이제 시작하려는데 막막 그자체네요.......', '혹시 하루의 기적이 가능할까요? 저는 목요일에 시험없고 금요일 시험은 이거뿐이라......', '단어 쪽지시험 잘 공부하셨다면 가능할지도 모르겠네요.. 근데 워크북이랑 피피티까지 봐야돼서 ㅠㅠ 답이 없어요 일단 저는.....', '그래도 희망적인 말씀 감사합니다............저는 피피티는 안보려구요.... 힘냅시다..ㅠㅠ', '화이팅이에요😂😂', '진짜 이거 어캐 외워요??ㅠ노답이에요', '한글 해석도 안주신다고 하지 않았어요? ㅋㅋㅋㅋㅋㅋㅋㅋㅋㅋㅋㅋㅋㅋ 진짜 답 없어요 ㅠㅠ', '저 단어시험 조져서 이번시험 잘 봐야 하는데ㅠ 작문이 걸리네여', '저도..작문 비응용말고 응용문제도 있던데 하하,,,,', '이렇게 난해한 경우 처음이네요 왤케 많지', '그니까요 ㅜㅜ뭐부터 봐야될지 모르겠어요', '여정남 교수님 수업 신청한 나 칭찬해^__^', '^——ㅠ', '아 너무 힘들어요 ..........', '어디까지 하셨나요ㅜㅜ 이걸 어떻게 다 외우져....?^^', 'ㅎㅎ.. 저 아직 1고ㅏ요 오늘 밤 샙니다', '같이 새요ㅠㅠㅠㅠㅠㅠㅠ', '쓴이님은 어디까지 하셨어요????', '저는 본문은 다 외웠고 워크북 보는중입니다ㅠㅠ 댓쓰니님은요??', '전 이제 2과요 .. ㅎㅎ 워크붇까지 달달 완벽하게 외우려는거는 욕심인가바여 ....', '그니까요 ㅠㅠ 워크북 단어, 문법파트만인데도 문장이 왜이렇게 많은지 ㅠㅠ', '저 워크북은 ..ㅎㅎ 그냥 읽으려구요 ... 본문은 무지 오ㅣ우겠습니다ㅠㅠ 휴 ...', '이거 본책 연습문제도 외워야 하는거죠.......본문은 다 외웠는데 범위 진짜 너무 많아요,,,,,,,,,', '그런 것 같아요....워크북 문장도 후덜덜하게 많습니다 ㅠㅠㅠㅠㅠㅠ 밤새야할것같아요', '저도 밤새려구요.... 쓴이님도 화이팅하세요...ㅠㅠ']"
나민구 교수님 중국어 레토릭,"다들 어떻게 공부하고있니...?
시험이 내일인데 큰일났어ㅠㅠ","['헐..나도 궁금해.. ppt 봐도 시험문제 예상이 안 가 ㅠ', 'ㅎ... 수업때 머리에 남는게 없다리ㅠ']"
오늘 ㅇㅎㅈ 교수님 기초중국어,수업했나요????,[]
중국우주과학 시험,다음주임...?,"['다음주인데 오늘 수없 없어??', '그런가보네ㅋㅋㅋ 아 시험다음주구나 멍청하게 밤샜네 ㅌㅌㅋㅋㅋ']"
오늘 중국 우주과학 강의 없나요,제곧내,[]
중국말소리의구조,진짜 책만봐도 되는거겠지...,"['존나게 시끄럽다라고 적어내면 a+가능', '웹엑스 접속아니고 이클래스만']"
브릭스 입문,작년에 수업 들어보신 분들 중국파트 녹강이었나요 실강이었나요??,[]
[개교기념일 특집] 외대 창학사 <1>,"한국전쟁이 한창 중이던 1952년 9월 10일, 사업가 김흥배는 임시 수도였던 부산에 있는 자신의 회사인 한국화재해상보험주식회사 임시본부에서 학교를 세우기 위한 재단법인을 설립하고자 했다. 그는 재단법인 한국육영회(현 동원육영회의 전신)를 만들고 문교부에 재단설립 허가를 요청하는 공문을 보냈다. 이때 문교부에 보낸 공문엔 ‘문과와 이과를 아우르는 종합대학교인 ""한국정경대학""을 설립하고 싶다’는 내용이 담겨 있었다.

설립허가를 받은 한국육영회는 1953년 1월 8일에 있던 이사회에서 1953년 4월에 개교를 결정하고 교명을 ‘동양대학’으로 정했다. 하지만 전쟁 중이었기에 학교 건물을 세울 수 없었다. 이에 대해 서울을 다시 수복하지 못할 시 부산에 가교사를 설치하기로 했다. (당시 부산에서 전시연합대학을 운영하던 서울대, 고려대, 세브란스의과대(현 연세대), 신흥대(현 경희대) 등도 서울을 수복하지 못할 경우에 대비해 부산에 캠퍼스를 알아보고 있었다) 대학에는 우선 3개의 학과를 두기로 했는데 상경학과, 건축공학과, 광산학과였다.

그러나 전쟁이 끝나고 서울로 돌아온 김흥배는 대학 설립 방향을 바꾸기에 이른다. 그 배경에는 이승만 대통령의 영향이 컸다. 휴전협상 조인(1953년 7월 27일) 후 일주일이 채 안 된 31일 이승만 대통령은 백두진 국무총리에게 외국어 전문 교육대학의 설립을 추진하라는 지시를 내렸다. 영어, 중국어, 러시아어 등을 능숙하게 구사하는 인재를 양성하기 위한 ‘외국어대학’이라는 구체적 지시였다.

지시를 받은 문교부에서는 설립계획 수립 및 외국어학교 설립위원회를 설치하는 등 신속하게 준비했다. 학교의 계획된 교명은 ‘국립서울외국어대학’이었다. <계속>",[]
중국말소리의구조,다들 어케 공부하시나요ㅠ,"['오픈북 아니에요? 사실상?', '캠 킨다는 말 없던 것 같은데... 그냥 보는거 아닌가요??', '그냥 보는것 같던데']"
코퍼스 중국어,오늘 수업 없는 건가요 ? 있나 .. 기억이 안 나네요,"['없어용', '앗 감사합니다!!!!!!!!']"
중국고대사와 문화,중고문 7점짜리 날렸는데 에이쁠 못받으려나..,"['나도 ㅠ', '너무 걱정돼 이 과목은 에이쁠 받아야 되는데', '그냥 문제도 뭐였는지 홀랑 까먹음 너무 당황했어서... ㅎㅎ', '나도 ㅋㅋㅋㅋㅋㅋㅋ 7점짜리 문제는 뭐였는지 기억도 안나 ㅋㅋㅋㅋㅋ....', '웅 고마워 ㅠㅠ 너두 파이팅 😊', '죄송하지만 혹시 시험 어떤식으로 보셨나요?? 공지에 이클래스 온라인 시험이라고만 하셔서요ㅠㅠ 웹엑스같은걸로 하는게 아닌거죠??', '점수 잘 받았어?']"
중국대중문화,"ㅇㅁㅅ 교수님 수업 꿀이래서 잡았는데 왤캐 공부할게 많은지 모르겠네,,, 꿀 절대 아님 드랍마렵다 ㄹㅇ","['어차피 얼굴 가라고 상체만 보여주는데 거즌 오픈북 아님?', '양손 다 나와야 된대서 뭘 보진 못함 글구 교수님이 이번에 오픈북 아니라 하셨음', '양손이 다 나와야된다고 공지 하셨음?', 'ㅇㅇ양손 다 나오게끔 하라고 말씀하셨어요', '음 .. ㅋ', '단답형은 어찌저찌 쓸 거 같은데 약술형은 노답인 듯', '레알 노답임 ... 이거 어케 외워']"
(교양 중국어) 신개념 중국어1 새단어 몇장만 알려주실 분 있을까요? 기프티콘 사례 합니다,"교양 중국어 과제해야되는데 교재가 없어졌어요...
내일 당장 서점에 가든해야할 것 같은데ㅠㅠ
1~6과 새단어만 알려주시면 감사하겠습니다.","['신개념중국어1이요?', '넵!', '보내드릴게요']"
에타는 다들 슈퍼리그에 찬성하네....,"지금 선수들도 부정적인 입장 꽤 표명하고. 진짜 ㅋㅋㅋㅋㅋㅋㅋ 놀라운 2020, 2021년이다.

개인적인 생각을 말하자면 나는 좀 반대. 너무 급하게 바뀌는 느낌이야.

유에파나 피파의 권위적인 소통방식 대항하기 위해서라는 명분을 내세우지만, 실제로 가장 큰 이유는 축구판에 흘러들어오는 자금을 독식하고 싶다는 거 같은데.... 축구는 유럽이 하고, 자본을 미국기업이 대주고 그 이익을 먹는 거.

물론 유에파가 그지같이 운영하는 건 맞지만.... 무엇보다 슈퍼리그는 현지팬들을 위한 결정이 아니지 않나. 그동안 클럽을 헌신하고 클럽을 지금의 자리에 있게해 준 팬들에 대한 책임감이 너무 없는 거 같음. 가령 예를 들어, K리그 팀들이 중국 자본으로 운영되는 새로 창설되는 리그에 참여한다고 하면 우리는 그걸 좋게 볼 수 있을까? 훨씬 더 큰 의미지 않나.... 쟤네한텐.... 죽어도 선덜랜드 보면 알 수 있듯이.

유럽 축구 클럽은 그 지역민들을 기반으로 만들어진 팀이 많은데, 그들을 완전히 무시하는 처사고.... (그래서 분데스리가 팀들은 다 거절하는 중인 듯. 거긴 시민구단 베이스가 강하니까....) 거기다 진짜 슈퍼리그가 생기면 재밌을까?라는 생각도 든다.

엘 클라시코가 기대되는 건 정말 리그의 긴 시간 동안 2번(리그 기준) 있어야 말 그대로 빛이 나는건데....

리그도 로테멤버 돌리겠지. 슈퍼리그 돈이 훨씬 크니까.... 그러다보면 또 그 팀들만 자본으로 선수영입 엄청할테고. 격차는 더 심해질 테고. 지금 슈퍼리그 팀 선수는 월드컵 못 뛰게 한다는데 ㅋㅋㅋㅋㅋㅋㅋㅋ 그렇게 되면 진짜 월드컵도 예전같은 의미랑 달라질 테고. 이게 축구판 전체에 좋은 건가? 싶음.

나는 무엇보다 레스터 우승에 열광했던 그런 기적이 이제 없어지거나 의미가 없어질 거 같음....압도적인 자본 때문에.... 나는 이게 우리가 좋아하던 축구인가? 라는 생각이 든다. 무엇보다 돈으로 살 수 없던 스포츠의 가치가 일부 훼손되는 게 아닌가.... 그런 생각이 많이 듬.

근데 유에파 지금 입장표명 보면 지들 그동안 운영방식에 대한 반성 안 하는게 민주당 같음 진짜로 ㅋㅋㅋㅋㅋㅋ.... 어디든 권력을 잡으면 참....","['언더독 보는 재미가 없어진다는게 참 아쉽긴 하죠.. 슈퍼리그 참여한다는 팀들 레전드들, 팬들 다 비난하는 추세긴 하지만 강행할 것 같네요.. 유에파나 각 리그 중계권 수익이 어마어마한건 사실이니 스포츠가 사업이 되는게 참 슬프네요', '이와중에 유에파 챔스 개편안이라고 내놓은 게 가관이네요.... 진짜 한국에서도 이런 기분인데, 현지팬들은 얼마나 슬플지 감이 안 옵니다....', '차라리 유럽 5대 1부리그 모든 팀들이 동참해서 슈퍼리그 1,2,3부 만들고 승강제도 도입하면 좋을듯 합니다', '이렇게 안 하면 그냥 수익 욕심 때문에 리그 만든게 맞는듯..', '뭐 이것도 생각해보니 뭐 같은 방안이긴 하네요..이 사실이 좀 안 받아져서 헛소리가ㅋㅋ', '아마 안 할 겁니다. 지금 보니까 미리 여러 기업들 스폰으로 대출 받아서 수익 나눠갖는 구조로 가더군요. 그런 천문학적인 자본이 몰릴 수 있는게 축구판 스타들 다 모아놨으니.... 애초에 자본유입조건이 스타들 다 모아놓은 판이니까요....', 'Pl팀들 빅6가 전부다 나가는거 보고 좀 놀라긴 함... 빅클럽들의 불만이 여태까지 많이 쌓였던거 같음', '그러니까요. 기존에 계속 일정 너무 무리다 라고 했지만 피파나 유에파나 계속 자기들 돈벌이에 팀들을 운영했으니.... 계속 개편해달라고 했지만 묵묵부답에다가, 지금 나온 개편안은 더 가관입니다 ㅋㅋㅋㅋㅋㅋㅋ. 진짜 팬들이랑 선수들은 뭔 죄인지 하.... ㅠㅠ', '나도 생각보다 찬성 분위기라 당황했어..그 기준도 좀 모호한거 같아 토트넘 팬이긴한데 왜 포함됐는지 모르겠어ㅋㅋㅋ레스터면 이해라도 가는데..', 'ㅋㅋㅋㅋㅋㅋㅋㅋㅋ 아스날 엄청 까이던데요.... ㅋㅋㅋㅋㅋㅋ 게리네빌이 대차게 까더군요....', '존나 반대합니다 저도..스포츠가 줄 수 있는 감동이 반감되는 기분입니다.', '뭔가 한 시대가 저무는 느낌입니다....', 'ㅈㄴ반대임', '어차피 대부분 사람들은 유럽축구 망하든 말든 관심없고 손흥민 해트트릭 했는지가 더 중요하거든. 우리나라 프로스포츠 역사가 아무래도 짧다보니 별로 안 와닿는 거지', '그러게요.... 근데 유럽축구만의 문제가 아니라, 그동안 알던 축구판이 아예 바뀌는 느낌이라.... 얼떨떨하네요', '그쵸 유럽축구가 세계축구의 중심이니까요. 저도 이번에 정 떨어져서 분데스 팀 하나 잡고 팔까봐요ㅋㅋㅋ 아직 현지팬에게도 영향력이라는게 존재하는 동네다보니', '아 진짜 공부하고 왔는데 이게 뭐지 진짜 싶네요', '재밌을거 같긴한데 진짜 축구에 있는 낭만이라는게 없어지는 느낌... 그리고 미국 시장이랑 달라서 잘 유지될지 모르겟네여', '그러게요.... 미국 시장 확대 + 전세계 해축 팬들 더 끌어모으려고 하나봅니다....', '슈퍼리그 하면 그 팀들은 챔스나 유에파 주관 대회 아예 안 나가는 거야??', '피파에서 월드컵 참가 금지 때리고. 슈퍼리그 팀들은 유에파에 반대해서 나온 거라 챔스 불참. 그래서 이대로 가면 이전에 알던 챔스, 월드컵에 스타선수들 대거 빠지는 현상....', 'ㅇㅎ 근데 빅클럽들 다 빠져나가면 자연스럽게 슈퍼리그로 다 쏠릴 수 밖에 없을듯... epl 탑6랑 스페인 프랑스 탑티어 팀들 나오면', ""현지팬들 반발이 심한데다가, 슈퍼리그 창설 의의 자체가 '그들만의 리그'라.... 팀들도 가려서 받을 걸"", '이게 약간 그거 아님? 학교를 비유로 들면 원래 일반학교 다니면서 영재원으로 영재들 뽑아가서 둘다 병행하게 했던거를 아예 영재고를 세우겠다는 걸로 보면 될것 같은데', ""조금 다르다고 생각해요. 단순히 인적자원을 키우는 학교같은 공간이 아니라, 시장+역사+문화라서요. 예를 들면, K팝 가수들은 한국팬들이 지지해서 지금 세계적인 팬덤이 형성됐죠. 근데 한국음원시장 구조가 마음에 안 든다고 그걸 기획사 마음대로 팬들 무시하고 '중국자본'이 만든 음악시장을 베이스로 하는 활동무대로 완전히 옮겨버린다고 생각하시면 더 맞을 겁니다. 예를 들면 그렇다는 겁니다.""]"
아 중국인들 너무싫어 진짜,교양 듣다가도 가끔 중국인 교환학생들 있는거 보이는데 진짜 하나같이 예의?가 없음 ㅜ 교수님이 질문타임 주시거나 수업 끝난 타이밍에 교수님이나 타 학생 말하고 있는데 말끊고 자기 할말만 한다거나... 아 여튼 걍 날이 갈수록 싫다 진심,"['ㄹㅇㅋㅋ', '인종차별은 ㄴ', '댓쓴이 중국인이야? 단순히 국가 사이 안좋은거 때문도 아니고 싫다는 이유 분명히 써놨는데 이게 인종차별?ㅋㅋ', '모든 중국인이 그런거 아니자나 소수의 중국인을 일반화시키지는 말자는 의미였어. 지금 서방국가에서도 아시안헤이츠로 살인사건 일어나고 난리인데..', '대체 서방 국가 아시안헤이츠가 이거랑 무슨 상관인지 모르겠넹ㅠ 소수가 아니라 중국인 대부분이 저따구인거 다들 아는 사실이잖아🤣', '내가 너무 오바해서 생각했나봐 미안해', '글쓴이 좋나 레이시스트 맞는데? 미국학교에서 동양인들 지들끼리만 못 알아듣는 말로 쑥덕댄다고 뒷담까는 현지애들 이상도 이하도 아님', 'ㅁ..모..모르게쑵니다 ㄱ..교수님...', '남 말하고 있는데 지 출석 못했다 지 이거 모르겠다 이딴소리 작작좀 쳐했으면^^😂', 'ㅊㅉㅈㅉ ㄹㅇ']"
현대중국경제론 현중경 오승렬 교수님 들으시는 분!!,시험 답안을 워드파일로 첨부하라는건가요 아니면 과제란에 직접 타이핑하라는건가요ㅠㅠ??? 분량 제한은 없는거 맞죠??,"['오늘 다른 과목 시험봤는데 한글파일 첨부했어요!', '녹음한거 들어봣는데 둘다 상관없을 것 같아여! 최대한 첨부하지 말고 파일로 작성하더라도 복붙해서 과제란에 직접 쓰는게 좋다고 하셧어요']"
중국음식문화 독후감,각주 참고문헌 사진 이런거 없이 순수 독후감처럼 내용+느낀점으로 썼는데 괜찮겠지??!!,['나도 그렇게 씀']
대림동에 있는 한 초등학교,"전교생 70~80%가 조선족이래
2018년 입학생 전부가 조선족이고
조선족 애들이 한국애들한테 왜 중국어 못하냐 한다함 짱개 존나 극혐","['왜 중국어 못하냐 하는게 아니라?', '아 중국어다 ㅋㅋㅋㅋㅋㅋㅋ', '니 내 누긴지 아니?']"
주관적인 외국어 난이도 순서,"모국어는 당연히 한국어. 영어, 일본어, 중국어, 프랑스어, 스페인어 배워봤는데

일본어 -> 영어 -> 스페인어 -> 프랑스어 -> 중국어
순으로 어려워지는 듯

일본어는 한국어랑 비슷한 부분(조사, 한자어, 문장구조 등등)이 많아서 웬만하면 한국어에서 직역하면 되니까 회화하기엔 정말 편함

영어는 어렸을 때부터 많이 접해와서 익숙하지만 일본어에 밀림

스페인어는 쉽진 않지만 적어도 불어 중어보다는 쉬운 듯.. 발음도 R만 빼면 단순한 편이고. 근데 동사변형과 명사 성별이라는 함정이 존재 ㅠ

프랑스어는 스페인어랑 비슷한 부분이 많지만 발음이 더 애매한 게 많고 뭔가 예외가 너무 많은 느낌?

중국어는 문법은 비교적 단순한 거 같았지만 성조 때문에 포기 ㅠㅠ 한어병음 발음은 기억이 나는데 맨날 성조가 기억이 안 나서 결국 놓아버림..","['일본어가 젤 어렵다는거야 중국어가 젤 어렵다는거야 ㅋㅋㅋ', '중국어요..', '좀 이해하기 어렵게 썼네요 수정했어용', '오...난 문법이 젤 약해서 그런지 중국어가 프랑스어보다 더 쉽더라구 ㅠ..', '어우...... 대단하십니다', '둘다 단어를 외우는거 까진 괜찮은데 문장 만드는게 중국어가 훨씬 쉬웠던거 같앜ㅋㅌㅋㅋ 딱 이거다! 라는 느낌이 있는데 프랑스어는 그냥 말하는 감자가 된거 같은.....', '뭔지 알 거 겉네여.. 중국어는 한글자 한글자 배치하면 되니깐', '교포인데도 고급으로 가면 갈수록 영어가 너무 중의적이고 예외가 많아서 가장 오래했지만 잘하는 건 되게 힘든 언어인 것 같아. 스페인어랑 불어는 문법은 영어보다도 훨씬 복합적이지만 명확해지는 게 눈에 보여서 일정 학습 기간을 지나니까 뭔가 더 마음이 편해지는 느낌?ㅋㅋㅋㅋ', '오호.. 맞아요 영어랑 불어 서어 문법 차이 많이 느낌', '엥 영어보다 스페인어가 쉽지 않아?', '제 주관적인 의견..! 입니다! 솔직히 영어는 서어보단 짬바가 있으니,,,,, 서어 배운 지 얼마 안 됐', '근데 그렇게 배우고 다 자격증 땄어?', '중국어 빼고는 열심히 공부중 ^_^', '순서 ㅇㅈ', 'Wow 인정받아따', '난 고등학교 3년내내 일본어했는데 단어하나 아무리써도 못외우고 너무안맞아서.. 하나도못함 아직 ㅜㅜㅜ 영어 좀 익숙하면 스페인어가 진입장벽 수월한듯', '하긴.. 일어는 문자 체계가 우리말이랑 완전 다르긴 하네...', '한자랑 히라가나 같이?쓰니까 뇌가 둘이 섞질 못함ㅋㅋㅋㅠ 갠적으로 비효율..적인 언어라 생각했음 히라가나+가타카나+한자..', '언어 자체는 괜찮은데 문자 체계가 너무 비효율적이긴 함.. ㅠ']"
일본어 노베 일본어 공부하면,"n3부터 딴다고 생각하면 될까? 아니면 바로 n2?
중국어 전공이라 한자는 어느정도 알아!!!","['서점가서 n3 독해책 보고 한자 꽤 읽을 만하면 n2부터 시작해도 괜찮앙 대신 n3문법만 제대로 잡고 가기!', '오 지금 봤는데 중국어랑 일본어 간체자 좀 다른거 빼면 n3 한자는 읽을만 한데(물론 히라가나 가타카나도 아직 잘 모름) 그럼 히라가나/가타카나+ n3 문법인강 이렇게 듣고 n2로 바로 가도될까???', '단기간에 자격증 따는게 목표라면 그렇게 해도 ㄱㅊ 책에 나오는 단어들 다 외우면 자격증 따는데 무리는 없을거구 일본어를 제대로 하고 싶다하면 기초책 하구 자격증 들어가는거 추천행', '헉 음 자격증도 목표지만 일본어 제대로 하고싶기두 해ㅠㅠㅠ근데 그냥 단기간에 성과내는게 목표라 그런것 같아,,, 기초책이면 혹시 뭐 추천해?!?!', '자격증 급하면 먼저 자격증 공부하고 시간여유 있을때 차근차근 기초 잡아가도 괜찮징 기초책은 그냥 우리 전공책도 괜찮아 ‘현대일본어첫걸음’ 서점에서보면 스쿠스쿠 페라페라 두개가 공부하기 쉽고 재밌게 잘 나와있는 것 같앙 문법은 파고다 좋구 어휘독해는 시나공', '고마워❤️ 그럼 일단은 빠르게 가타카나 히라가나, 뭐 숫자읽기 시간읽기 이정도 개념만 하고 n3 문법 듣고! N2로 들어갈게~~~ 혹시 회화 공부 추천해줄만한것 있어?전공생인것 같아서!!!', '회화공부는 말 많이하는게 제일 좋긴한데ㅠㅠ 독학할 생각인거지?', '웅 전공어도 아니구 그래서...인강 정두?ㅜㅜㅜ', '난 일본어공부를 인강으로 해본 적은 없어가지고 좋은지 어떨지 모르겠당 ㅜㅜ 싸게 과외 소개해줄 수는 있는데! 약간 일본어가 뉘앙스차이로 변하는게 좀 많아서 그런걸 잘 설명해주는 쌤이 있는게 좋긴하거든 아니면 그냥 드라마나 애니메이션으로 익숙해지는거?', '헉 ㅠㅠ고마워....!! 과외비 혹시 얼마정도야? 그리구 jlpt 말구 jpt 문법 강의 들어도 괜찮으려나...? jlpt 시험이 너무 멀리있네ㅠㅠㅠ 범용성이 있을까?', '넣으려는 인턴때문에ㅠㅠ빨리 필요한 상황이거든 지격증이,,,', '쪽지보낼게!', '헐,,,고마워! ㅠㅠㅠ!!! 기다릴게❤️🙏🏻', '혹시 저도 보내주실 수 있으신가요?ㅠㅠ']"
중국문명과세계문명,중복되는 답변 들어가는데 저만 그런가요?? 특히 중국 관련된 질문들은 애매한 부분도 있고 그러네요,"['저도 그래요 최대한 안겹치게했어요..', 'ㅠㅠ 꿀인줄 알았는데 어려움 ㅠㅠㅋㅋ', '그니까요 ..ㅋㅋ 꿀인줄 알았는데 쓸 말이 없어서 분량이 안나와요..', '한 문제당 얼마 쓰셧나요', '제시 분량이 반 페이지에서 한 페이지 사이 아닌가요..?']"
중국집 볶음밥마렵네,배달의민족 주문~,[]
중국학개론 정보은 교수님,혹시 장쩌민 부분 강의 녹화하신 분 있으실까요!!ㅠㅠㅠ,[]
고급중국어,오늘 수업 안하나요?,[]
김영명 교수님 중국영화,초반에 안내사항 말씀해주실때 뭐 말하셨나요??,"['헉 감사합니다ㅜㅠㅠ 다른 전달사항은 없었죠??', '감사합니다ㅠㅠ!!']"
너네 미국시민권있으면,미국취업 노려보냐? 사촌이 미국한국 이중국적자,"['ㅇㅇ', '몰라', 'ㄴ 인종차별 크다', '미국 살다온 입장으로서 절대 놉. 한국만큼 살기좋은 나라 없음. 진심으로', '오 왜왜?? 진짜 궁금해서!!!']"