중통 이중 어떻게 생각해,"본전공 언어고 중국어 전에 했다가 지금 다 까먹어서 노베나 다름없음
상경은 학점 딸려서 못 함",0,"['언어+언어라...리스크 좀 클텐데...', '그건 인정 그래서 부전공이라도 해야 하나 고민 중', '국제대야', '왜 중국어를 하려고행?', '중국어가 그냥 좋아서 ..']"
중국문학사..,목56 수업 온라인강의 올라왔나요. ?,0,[]
이번엔 중국인들 세종시냐...,제주도 다음은 세종...,0,"['중국인 땅 못사게 하면 안되나...', '와 진짜 싫다 그만 좀 사']"
영통 분들중에,"중통 이중 하시는 분들 있나용? 어떤가요??
중국어 잘 하는 편은 아닌데 대학중국어 강의 큰 문제 없이 따라가고 흥미있어 하는 정도입니다!
상경 계열은 정말 흥미가 없어서요 ㅠㅠ",0,"['하는애들 봤는데 보통 외고 중국어과 출신이거나 중국 살다왔거나 해서 중통애들만큼 잘하는 애들이에요.. 교양정도 따라가는걸로는 턱없이 부족해요 하기나름이지만', '헉 그렇군요 ㅠㅠㅠ 감사합니다...ㅠㅠ', '비추', '관심이나 흥미만으로는 따라가기 힘들까요ㅠㅠ']"
중통 이중,많이 힘든가요..? 베이스 거의 없는데 따라가기 어려울까요?? 그리고 중국어는 능력자가 많을 것 같은데 학점따기 많이 어렵겠죠ㅜㅜㅜ?,0,"['저학년때는 괜츈한데 점점 썰려요', '으악...ㅠㅠㅠㅠ']"
동아시아와 중국문화,"ㅇㅎ교수님 삼풍정돈 과제 하신 분 있나요?
질문이 있어서요ㅜㅜ",0,[]
아주 쉬운 중국어 질문 !!,"과제 준비로 언어 비교하려는데 은근 정확한 답을 찾기가 어려워서 이렇게 질문합니다 ㅜ

중국어는 각각 어떤 조수사(양사)를 쓰나요?

1. 사람을 셀 때 (한국 : 명)
2. 종이 셀 때 (한국 : 장)
3. 자동차 셀 때 (한국 : 대)",0,"['와 복받으세요 🙏', '추가 설명까지 넘 감사합니다 !', '와 감사합니다!!']"
중국 문학사,또늦네...,0,[]
중국어 문법 박창수 교수님,이중전공반 다음주 월요일에 부사 부분 쪽지시험 보나요?? 이번 주에 결석해서..,0,"['넵 대체사 부분이요', '감사합니다!!']"
중국고중세,오늘 피드백 마감이던데..보내셨나요... 저는 포기했습니다....,0,"['감삼다!!!!감삼다!!!! 댓글 위로 짱짱,,, 눈물 찔찔 흘리고 잇어요,,,,,,,,,,,,,,,,너무 어려워서,,,,,', '감삼다!!ㅠㅠㅠㅜㅜㅜㅜㅜㅠㅠ', '그으렇습니다,,,, 과제 너무 많아서 미루다보니까 결국엔 피드백 못 받았네요,,,', '나두 안냈오..ㅎㅎ 이제 시작한다..']"
동아시아와 중국문화,중간대체 분량 5장에서 6장 맞죠?? 55개 소수민족 다 조사하는 거,0,"['분량 정해져 있었나요???', '5장이에요', '혹시 분량 얘기 어디 나오나요??ㅍ', '강의 찾아보면 나옵니다']"
혹시 중국과자중에 피칸에 달달한 코팅있는거 아는사람...,예전에 캐나다 유학갔을때 중국 친구들이 줬던건데 갑자기 먹고싶다.. 피칸에 달달한코팅있고 투명한 봉지에 양끝이 주황색인 포장지였어! 제발 아는사람ㅠㅜㅠ,0,"['세상에... 구글 쳐보니까 이거 맞아... 고마워ㅠㅠ', '네이버 필기인식기에 써서 복사하면된당']"
아 진짜 중국,"진짜 맑은 하늘 좋았는데 또 시작이네..
뛰러 나가야 되는데 진짜 짜증나🤬",0,['ㄹㅇ 미세먼지 무슨일']
중국어 한어병음 질문 4개,중국어 초보 병음 좀 알려주세요 ㅎㅎ,0,"['zhe/dei/dei/le', '감사합니다!!', 'zhe/dei/dei(그 윗줄에 있는 de는 경성)/le', '감사합니다 ㅎㅎ']"
팀플 일본인이랑 하는데,얘도 중국인 못지않은 빌런이네 ㅅㅂ ㅋㅋㅋ,0,['왜']
중국학입문78,"오늘 수업 안하나요...?
왜 웹엑스에 미팅룸이 안만들어져 있죠?ㅠㅜ",0,"['오늘 영상 올린댔어요', '아 녹강인건가요??', '넹 근데 영상은 언제 올리실지^^;', '앗 감사합니다!!']"
중국고중세,다덜 중간 과제 잘 하고 계십니까? 저는 엄두도 못 냈는데 슬슬 불안감이 커지고 있습니다......,0,"['하나도 안 했습니다!', '동지!!!! 반가워요!! 계획이 있습니까??', 'ㅋㅋㅋㅋ 전.. 마감 2주전부터 시작하려구요! ㅠㅠ', '아앗 그렇군요... 아자아자..퐛팅...^^^! 담주 수업도 잘 듣자구용!!!!', 'ㅋㅋㅋㅋㅋㅋ 저두... 이제 해야할 것 같아요...', 'ㅠㅠㅠㅠㅠㅠㅜ 준논문 수준이라니 넘 부담스럽고 어렵잖아요 교수님ㅜㅜㅜㅠㅜ 크아악']"
중국학 입문,오늘 박홍서 교수님 78교시 수업 온라인 강의 대체 맞나요..?,0,['넹 파일 업로드 하신다고 합니당 나중에']
중국: 코로나!!! BTS개새끼!!! 한복은한푸!!! 이래도 혐중안해!?,"???: 훠훠훠, 사랑합니다 중궈",0,['훠훠~ 햑생 글 내려~']
✨헌법 번역 프로젝트✨마지막 1개 언어 구합니다‼️,"👉안녕하세요 저희는 한국외대 스스로 만드는 비교과 프로그램 BYOI에 참가한 L.A.W.S(Laws always with us)입니다.

❣헌법 번역 프로젝트
우리나라의 헌법을 다양한 외국어로 번역함으로써 학생들의 헌법의 가치와 중요성에 대해 다시 생각해볼 수 있는 기회 제공 및 외국인 학생들에게도 대한민국 헌법에 대한 관심 제고를 위하여 프로그램을 기획하였습니다.

*자세한 사항은 hufs 교육선진화센터 http://eac.hufs.ac.kr/ 공지 참고 부탁드립니다❗️

👉모집 기간: 11월 11일 자정부터 선착순 마감 방식으로 진행 중
(*현재 16개 언어가 신청 완료되어 4개 언어 모집 후 최종 마감합니다!)
👉지원 방법: 카카오톡 kimdayeon98로 연락
성함, 학과, 학번, 번역하실 언어와 함께 연락주시면 됩니다:)
👉상품: 참여해주신 모든 분에게 치킨 기프티콘 증정 예정
👉선착순으로 신청해주신 분들께 헌법 약 6-7조정도 되는 분량을 배정할 예정입니다. 각자 신청하신 언어로 번역하신 뒤 11월 22일 자정까지 ktjdus619@naver.com으로 파일을 보내주시면 됩니다. 보내주신 번역본은 추후 교수님께 검토를 요청드릴 예정입니다. 완성된 번역본은 다양한 장소에 전시될 예정입니다.
*언어당 1명(팀)을 모집할 예정입니다.

*마감된 언어 안내😊
포르투갈어, 스페인어, 일본어, 프랑스어, 인도네시아어, 폴란드어, 영어, 루마니아어, 중국어, 독일어, 아랍어, 힌디어, 이탈리아어, 세르비아어, 베트남어, 러시아어

❣궁금한 점은 kimdayeon98로 언제든지 연락주세요! 많은 참여 부탁드립니다!!

앞으로 인스타그램을 통해 게시될 다른 활동에도 많은 관심 부탁드립니다💕
https://instagram.com/lawsalwayswithus?igshid=p3b3am3qgqm5",12,"['네덜란드어 마감입니다❗️', '스웨덴어 마감입니다🙌🏻', '태국어 마감입니다☺️', '말레이시아어 마감으로 신청 마감입니다!', '각 학과의 내국인 교수님께 문의드릴 예정입니다❗️', '마감됐나요..?ㅠ', '몽골어 가능자인데ㅠㅜ', '죄송합니다! 저희 전체 마감되어 감수 진행중입니다']"
백년관 413호에서 미네르바 보카책과 노란 연습장 보신분,"11월 9일 월요일 6교시 한승훈교수님 대영시간에 실수로 책상밑에 놓고 갔습니다.
오늘 다시 와보니 단어책은 온데간데 없고 제 노란 연습장은 원래 자리가 아니라 다른자리에 옮겨져서 웬 중국어 단어가 잔뜩 쓰여있는 종이와 함께 있더군요.
혹시 보신분...연락주세요 제발...기다리고 있겠습니다...",0,['에휴...중국어 공부하면서 중국의 거지근성 까지 답습한건가... 남의 물건을 함부로 사용한 것만으로도 짜증나는데 이게 뭔일이냐...']
중국문학사 ㄱㅎㅈ,이번주도 늦으시는건가;;,0,"['웹엑스 비밀번호 입력하시는 중입니다..', '감사합니다']"
생각해보니까,"중국이 우리나라 문화를 자기들 거로 둔갑하는 거, 그거 혹시 북한 나중에 망할 때 명분 만들려고 그러는 거 아닐까? 북한 망하고 땅 처분할 때 자기네 문화권이었으니 달라고 하고, 중국의 평생 소원인 태평양 진출까지 하려고.

어차피 남한은 저렇게 문화 둔갑 같은 거 국력이 세니 타격도 안 받으니 상관 없는데 북한이라면 타격이 더 클 듯 함.",0,[]
중국과 세계,나만 안들어가짐..??,0,"['ㄴㅈㅎ?', '야스야스']"
ㅇㅎ 교수님 동아시아중국문화,이번에 내준 이메일 과제까지 총2개 맞나요??,0,[]
flex 중국어,다들 어땠어? 본 사람,0,['책에서 푼 모의고사보다는 쉬웠던 거 같움 ..']
중국 문학과 인문지리 질문,"정광훈 교수님 수업 과제가 모든 학생이 발표하는 건가요? 제 기억에는 발표하는 인원은 신청해서 하는 걸로 기억하는데 이클레스 공지를 보니 형식을 pdf로 하라고 하셔서 ㅠ 기억이 잘 안납니다 ㅠㅠ
알려주실 수 있는 분 계신가요?ㅠ
모든학생이 발표로 준비하면 되는 건가요?",0,['교수님이 몇명은 시키시고 몇명은 지원받아서 8-10팀정도 발표한다고 하셨어요']
중국 문학과 인문 ㅈㄹ,과제가 발표할 사람아니어도 전체 학생 모두 과제하는 것 맞나요?,0,"['네에', '혹시 정광훈교수님 수업 맞으시죠? 모든학생이 발표하는 건가요? ppt형식으로 내라고 하셔서 ㅠ', '네 근데 주제 겹치면 교수님이 조정하시는 거 같은데 아마 다 하는 거 같아요', 'ㅠㅠ감사합니다!']"
나 중통인데,갑자기 든 생각인데 중국 정부에서 외국인도 검열이나 감시 하나...? 혹시라도 가게 됐을 때 쥐도 새도 모르게 사라지거나 추방 당하는 일은 없겠지?,0,"['중국가서 경찰서앞에서 타이완남바완 외치고 안댕기면됨. 그리고 일개 외머 학생한텐 관심없음', 'ㅋㅋㅋㅋㅋㅋㅋ하긴', '위그르인 게시물 보니까 외국인 남편도 구속됐다고 그러길래ㅋㅋㅋ', '위그르분이랑 결혼했어?', 'ㄴㄴ 그냥 이집트 국적인 인간도 잡혀들어갔다길래 허걱 이거 중국 공산당이랑 조금만 엮여도 잡혀 가는거 아냐?? 싶어서 물어본거야ㅋㅋㅋ 아무리 봐도 위그르인하고 결혼했다는 사실만으로, 그것도 다른 국적 사람을 구속했다는 게 상식적으로는 이해가 안가잖아.', '위챗쓰는데 어쩌다 한번씩 정보동의? 같은거 하라고 알람 뜸 그냥 업뎃같은거 말고 글고 그거 동의 안하면 사용 못함. 위챗은 검열한다고 공공연하게 알고 있음', '글고 중국 입국심사할때 그 지문인식인가 생체인식 ? 그거 무조건 해야 입국 가능하다고 알고 있는데 아닌가', 'ㅇㅇ맞아. 중국 앵간하면 죄다 검열하는데 뭐. 나 어렸을 때 아무것도 모르고 바이두 클라우드 쓰다가 자료 반이상 날라갔잖냐...', '그건 위구르족 탄압땜에 그런거고 우리나라 사람한테는 그럴 일 없어', '한복 한국 꺼라고 외치고 다닌다고 저렇게 되진 않겠지ㅋㅋㅋ']"
짜장면 먹고 싶은데,"어디다 시키면 되나요?
아님 근처에 중국집 있나요?
배달 시키면 그릇은 일회용이죠?",0,"['7080 고고 배민에 잇어요', '혹시 몇동이세요??', '전 국사원이요. 왜요?', '아ㅠㅠ 같은 동이면 같이 시키자구 하려했는데 아쉽네요', '같이 시키면 되죠!', '방법 없을까요?', '쪽지드렸어요!', '장강 ㄱㄱ', '어디에 있나요?', '배민에도 있고, 직접 가시려면 롯데리아 건너면 골목으로 들어가시면 있어요~ 날으는 김밥 옆에요', ""오우 머네요'. 감사합니다!"", '짜장면은 7080이 제일 마싰어ㅠㅠ']"
중국학입문 박홍서교수님,매주 비대면 맞죠?!,0,"['따로 공지 없으시면 비대면', '감삼니다~~']"
나 중통인데,"유럽어 할 걸.
ㅅㅂ 중국 개 싫다. 우리 과 중에 나만 그러냐",0,"['혐중하니까 중국어도 재미 없어짐. 배워봤자 중국인 똥꼬 빠는데나 쓸일밖에 없고.', '워 쉬 중궈런', '시진핑핑이 핑피리핑핑핑', '솔직히 학교 유학온 중국 친구들은 ㄱㅊ은거같은데 역사왜곡 한복도 자기의복이라하고 6.25전쟁 개입한게 미국의 침략으로부터 북한 지키려고한다 이런 개소리하는거 보면 싸다구마려움', '난 솔직히 우리학교 유학온 애들도 의구심 듦;;; ㅅㅂ 중공 망해라', '난 중국을 사랑해서 중국이 한 20개로 분할되었으면 좋겠어', '난 그냥 공중에서 분할되었으면 좋겠어. 아, 미세먼지 되려나', '취업할때되면 감사할거다..', '분위기 못 읽지?']"
중국게임 샤이닝니키 한국서비스 종료,"한복이 중국 옷이라는 주장으로 한국 서버에서 한복 없애더니 한국인들이 한복은 한국거라고 하니까 중국을 모욕했다면서 한국서비스 종료해버리네..;;
게다가 공지에 링크로 한복이 중국 전통의상인 이유를 설명해놨음 자세한 건 사진에 있지만 요약하자면 한국은 조선과 그 이전부터 중국의 속국이었고, 조선은 중국에 하사받은 복식을 모방한 것이기 때문에 한복은 중국 복식이다라고 주장 중.",45,"['ㄸ 이정도면 회사 입장이 아니라 사장이 잡혀갈까봐 올린 글 같은데...? “우리의 입장은 항상 조국과 일치한다는 점을 거듭 강조하고 싶습니다” 이부분도 그렇고', '고조선, 삼국시대부터 입던 걸 거듭 개량되면서 입어온 건데 먼 개솔이래', '짱개', '개소리를 존나 길게 쓰네ㅡㅡ', '아 미치놈들 무식을 티내고있네', '종료안하면 직원들 인체신비전되서그럼ㅋㅋㅋㅋㅋㅋㅋㅋ', '중국 시발놈', '그리고 얘네 러브앤프로듀서라는 다른 게임의 캐릭터 계정으로 한국 유저들 저격함ㅋㅋㅋㅋㅋㅋ', 'ㅅㅂ 이만원 썼는데 개빡치네 애플인데 환불 신청은 했는데 해줄지 모르겠다', '10만원 이내는 원래 수월하게 되지 않아? 애플응ㄴ 좀 다른가...?', '내친구 환불신청 승인됐대!', '헉 혹시 사유 뭐라고 썼대...??? 환불까지 얼마나 걸렸대...?ㅠㅜㅠㅠ', '어제 신청해서 오늘 바로 됐어 사유는 모르겠다', '사유 친구나 가족 어쩌고가 젤 빨라', '13억 떼쟁이들 ㅋㅋ', '미국옷을 입고, 미국의 기계를 사용하고, 미국의 국제기구인 UN에 가입한, 미국의 속국=중국', '치파오인가하는 뭔가는 버렸나', 'ㅅㅂ 얘네 지금 조직적으로 한복 뺏기 들어갔음', '내용은 빡치긴 한데.. 뭔가 저 살고싶어요 하고 쓰는 글 같긴 하다', '유튜브 광고 짜증났는데', '근데 이런 게임 재밌음? 존나 오글거리는데 많이들 하나봐 게다가 중국 게임인데 왜 해...??', '지금 한국 운영진이 전액 환불 해드리겠다고 공지 올렸는데 그 공지 올라온지 10분만에 지워지고 카페에 게시글 작성 불가하게 막힘+올라온 게시글들 nn개 단위로 삭제되고 있는 상태...', '맞아; 나 닠 유저인데 너무 짜증나', '요약) 중국의 속국이 될 너그들이 감히 우리말 안듣고 욕해서 괘씸해서 서비스중단합니다']"
최은경 교수님 현대중국정치의 이해,만점받은 사람 있긴한가요... 쁠제로 기준 겁나 빡세네여ㅠㅠㅠㅠㅠㅠㅠㅠㅠㅠ,0,[]
중국인들 ㄹㅇ 미친것같음,"샤이닝니키라는 중국산 게임있는데
그 게임에서 한복 의상 게임에 내놓고 한국의상이라고 표기했는데
이거에 중국인들이 ""중국소수민족인 조선족의 옷인데 왜 한국으로 표기하냐""고 따지고 게임삭제 인증까지 올리면서 난리남
근데 더 웃긴건 게임회사가 그거 받아들이고 사과문 올리고 중국섭에서 한복 국적 표기수정하고,
또 한국섭에선 한국현지화 차원에서 한복은 중국옷이라 부적절하다며 아예 삭제해버림
일부의 분탕이 ㅈㄹ하는거면 모르겠는데 국민과 기업과 나라가 모두 한통속으로 저러니까 ㄹㅇ답이없음 당하는 나라는 국력 차가 나니까 제대로된 항의도 못하고 그냥 중국 전체가 민족주의에 미쳐있다. 마치 세계대전 터뜨리기 직전 나치같아",41,"['그니까 ㅅㅂ지금 중국 동북공정 다시하는것같음', '착짱죽짱이라구!!', '동북공정 우리나라 역사연구소에서도 거든다는 말을 들은 거 같기도 한데', '저 기업은ㅋㅋㅋㅋ그렇게 안하면 아예 없어져버림ㅋㅋㅋㅋㅋ살기 위해서 아닌거 알아도 국가에 순응해야 하는거ㅋㅋㅋㅋ그래서 중국 공산당이 쓰레기들인거야.', '일본불매말고 중국불매나 좀 하자 일본보다 더 ㅈ같음', '아 근데 일본도 싫어ㅋㅋㅋㅋㅋㅋㅋ 하.. 주변에 쓸모있는 나라가 없네 증말', '지금 중국자본이 점점 한국 부동산 잠식중인거 알아야함.. 구로 대림쪽은 중국인건물 천지임. 미래에는 중국인한테 월세내고 살 수도 있다', '내말이... 제주도는 이제 거의 짱깨가 점령함...', '우리나라는 외국인들 부동산 거래에 제재가 없어???? 외국은 다 있잖아.', '섭종 레전드 ㅋㅋㅋㅋㅋㅋㅋㅋ', '나 니키 골수유저인데 너무 짜증나..;', '섭종공지 레전드 진짜 유사국가 수준', '섭종공지 원ㄴ래 글 안 쓰던 스탭이 갑자기 나타나서 썼는데 누가봐도 중국인이 쓴 글이어서 더 화나']"
요즘 중국,동북공정 다시시작함??? 한복 지들거라 우기는거 개에반데,2,['두루마기랑 갓도 중국거래 미친거 아니냐ㅔ']
중국지역문화 축제,과제 인상깊은점 쓰면되는건가요??,0,['오연 교수님이요']
중국지역축제와 문화,10주차 오늘 어떤 거 쓰는 건가요?? 이미지 활용 방법 인가요??,0,[]
중통분들 도와주세요..ㅠ,제가 미니어처 집만들기를 하고있는데 중국어로 적혀있어서 뭔지 잘모르겠네요ㅠㅠㅠ,0,"['위에 3개 쿠션천, 아래 왼쪽부터 세면대, 가스렌지대, 냄비손잡이 같아..!', '아 냄비가 아니라 후라이팬', '감사합니다!!!ㅠ']"
중국과 세계,"도대체 1과 2는 무엇이 다른 거
1학기에 배운 거 재수강 하는 기분이네",0,"['전 이 수업에서 뭘 어떻게 해야될지 모르겠네요ㅠㅠ 시험은 어떻게 나오나요ㅠㅠ??', '리포트도 수업 내용과 거의 무관하고 허허... 1학기 기말 시험은 쉽게 나왔어요. 복잡하게 암기할 것까진 없고, 이해하면 쓸 수 있는 문제들이었는데 이번엔 어떨지...', '아 그렇군요ㅠㅠㅠㅠ 공부를 어찌하면 좋을까요ㅠㅠ?? 책을 반복해서 읽으면 될까요ㅠㅠ??', '나중에 나갈 진도는 한국어인데 그거만 몇 번 읽고 나머진 교수님 말씀 정리한 거 바탕으로 했어요. 중국어 솔직히 그거 못 읽어요 ㅎㅎ...', '와~~ 교수님말씀정리도 하시고!! 대단하시네요!! 사실 수업을 들어도 무슨 소린지 잘 모르겠더라고요 ㅋㅋ 너무 친절하세요~!! 감사해요^^']"
중국과세계,강의실 강의계획서 대로 2503 맞나요?ㅠ,0,[]
오늘 중국 인문지리 수업을 못들었는데,혹시 교수님이 과제 관련으로 말씀해주신게 있었나요?,0,['걍 기간 내에 제출하시믄 될 거 같아요 별다른 건 말씀 안 하셨네요']
중국어통번역 학우님들 하나만 더 도와주세요,해석 부탁드릴게요,0,"['아 지금 겜 시작햐서ㅠ 다른분이 해주세용', '이판하고 옶으면 해드릴게여', '네 감사합니다!', '아 ㅋㅋ 우선 칠줄알아야지 ㅋㅋㅋㅋㅋㅋㅋㅋ']"
중국어통번역과 학우님들 도와주세요!,해석좀 부탁드릴 수 있을까요??,0,"['전원 공급 장치 조건 : 220V-50HZ-5W 제품 원리 : 1. 업그레이드 및 강화 된 구충제는 물리적 원리를 사용하여 모기, 생쥐, 파리, 바퀴벌레, 박쥐 및 기타 곤충을 격퇴합니다. 2. 모기, 생쥐, 파리, 바퀴벌레, 박쥐 및 기타 곤충은 신경계 및 청각 계에 민감하며, 본 제품은 저주파 음파 및 전자파에 의해 자극을 받으면 제품이 위치한 방에서 탈출 할 수 없습니다. 3. 모기, 생쥐, 파리, 바퀴벌레, 박쥐 및 기타 곤충은 특정 공간에 일정량의 산소를 가지고 있으며, 한 마리가 죽으면 새 것이 태어나거나 침입하게되며 전통적인 살인 방법은 할 수 없습니다. 예, 어느 정도의 해가 있습니다. 지능형 전자 기피제는 번식을 억제하고 신경계와 청각 계를 파괴하며 모기, 생쥐, 파리, 바퀴벌레, 박쥐 및 기타 곤충을 퇴치 할 수 있습니다. 애플리케이션 : 주택, 쇼핑몰, 호텔, 창고, 전자 시스템, 공장 애플리케이션 등', '감사합니다ㅠㅠ', '와우..', '멋있어요!!', '파파고 쓰삼...']"
중국어통번역기초,다들 잘봤겠죠..?? 몇점이세요??,0,"['95인데 만점많을거같아요', '구럴 것 같네요ㅠㅠ', '몇점이세요?', '99요', '전기말고사더열심히해야겠네요ㅜㅜ', '기말에는 오픈북이 아니겠죠..??', '넹 ㅎㅎ']"
실크로드,"중국편도 다소 어렵네ㅋㅋㅋㅋㅜ
다들 고생 많았어~~ 드디어 시험 끝😭😭😭",0,['점수 공유하자~!']
현대중국경제 뭐야????? 저번주꺼 나만 지금 열린거아니지?,???,0,"['내일수업 미리 올리신듯', '9주차,10주차 같이 지금 올라왔는데 9주차가 2일 11시59분까진디,,,?', '엥? 난 저번주에 9주차꺼 들었는데', '엥????????!!?!', '나도임 갑자기 올라와서 보니까 출석기간 지남;;;', '뭐지..ㅜㅜ', '나 일단 메일 드려봄,,,ㅜㅜ', '헉 ㅠㅠ 답장오면 나도 좀 알려주라 ㅠㅠ', '하나는 잘못된거니까 10주차 들으면 됩니다 이렇게 왔는데 이게 무슨 말씀이시지,,,?', '나도 9주차 저번주에 들었는데?? 원래 어제까지였는데', '영상이 안떴었으,,,없었음ㅠ', '나도 이런데 이게 뭐지... 누구는 들었고 누구는 못 들었다는게', '메일 보냈는데 답장이 딱 [하나는 잘못된거니까 10주차 들으면 됩니다] 이렇게 옴... 이게 무슨 말씀이시지..?']"
취업은 했는데 졸업요건 못맞출까봐 걱정인 사람 있어?,"전공공부 포기한지 너무오래됐는데 전공언어 플렉스 600점 어떻게넘지ㅠ
학과 졸업요건엔 대체논문같은거 없이 저거 하나만 있고 영어 중국어 일본어가 아니라서 인강도 얼마없네",0,"['ㅇㄷ??', '9급 ㅠ', '언제욥', '비밀이에욥', '취업 어디로 했어요?', '9급이요ㅜ', '와 대박...ㅠㅠ', '감사합니다ㅠ', '저 .. 실례지만 9급 어느정도 기간으로 준비하셨나요? 저도 전공이 안맞아서 고민중이거든여 ㅠㅠ..... 축하드려요', '감사합니다ㅠ 필기시험까지 9~10달정도 걸렸네요']"
마라만두 한봉지 가져갈 사람있음?,"중국음식 고수향, 향신료향 있는거 못먹어서 도저히 못먹겠음...
고기만두사고 랜덤 사은품으로 2봉지 받은건데 한봉지는 꾸역꾸역먹었는데 한팩더 먹기는 도저히 무리다
위치는 국사원 살고있음",0,"['그냥 전자렌지에만 돌리면 돼요?!?', '네', '긱사 사는데 받을 수 있을까요?', '저요..']"
미디어중국어,내일 구술평가 읽는거 맞나요?? 외우는거 아니죠??,0,['보고 읽는거라고 알고있어요 !']
돈도 없으면서 자꾸 시켜먹고 싶다,"오늘은 뭐 먹을까?

메뉴 정해도

중국음식말고!",0,"['난 지금 순대국!!', '시킬 수 있는 곳이 없다...ㅠ', '그럼 든든한 한식 먹자', '한식 보고 하 저거 내가 해먹으면 얼만데...생각나서 도저히 못 시키겠어...ㅠ 미안해..', '오늘 바른치킨 3천원쿠폰이 있어 바른치킨으로 하까...?!', '치킨에 맥주 얹자!!', '술찐데 내일 비대면이니까 할까!!', '나도 마시는 중이야 가즈아아아아아ㅏㅇ', '너 밑에 글쓴 쓴이지!', '들켯다!!! 빤스런 하자', '나는 익3인데..? 가긴 어딜 가~~ 쪽지로 갈까?', 'ㅁㅋㅋㅋㅋㅋ 나 그정도로 취하지 안ㄹ았어', '아니? 말 잘못하는 거 보면 취했다 언능 집이나 가래도~ 버스 언제 오는데 아직도 거깄어!!', '아닙니다. 저는 아직 멀쩡해. 전혀 취하지 않았고 평소에는 사실 이것보다 훨씬 많이 마셔 그냥 좀 오랜만에 마시니까 기분이 좋아졌어. 누나가 심부름으로 시킨 스프라이트, 두통약, 비비빅도 사갈거야', '저는 아직 멀쩡해 에서 기각이야 누나 심부름이나 해', 'ㅠㅠㅠㅠㅠㅠㅠ 사실 나도 알아 누나 올때까지 기다려야햄', '누나가 오늘따라 왜캬 늦게 오는거야. 빨리 와서 취한 애 채가지...ㅠㅠ', '아냐 나는 멀쩡한 척 할끄야', '둘 다 넘 귀엽다', '에타만 하면 맨날 듣는 것 같단 말이야,,', '나능 왜 남자답지 못하징 ㅠㅠㅠㅠㅠ', '아무렴 어때~ 귀여우면 남자 아닌가~', '여기 근처 화쟝실 없나 ㅠㅠㅠ', '거기가 어딘지 알고 알려줘~ 가게 사장님께 여쭤봐', '헤헷 가게 나왓지롱~~', '노상방뇨는 하디마', '평의점 알바느님한테 물어봐거 쌋어', '잘했어', '이제 집강다 워후~~~ 너는 뭐 먹엉?', '치킨+떡볶이!!', '잘해써 ㅎㅎㅎㅎ']"
중국고중세철학사,웹엑스 왜 안열리죠..?ㅠㅠ,0,[]
대학중국어,홀짝 관계없이 2주 중에 1주만 대면 출석하면 되는거죠??,0,[]
동아시아와 중국문화 과제,이메일로 제출하는 과제 있었음??ㅋㅋㅋㅋㅈ됐다,0,"['그거 기한 좀 지난지 오래돼지 않았어 쓰니야..?', '짜피 안할건데 그거 뭐였어?? 몇주차??', '근데 이거 질의응답 올라온거 보니깐 11월 30일까지라는데 지금 내도 되는건가?', '그거는 중간고사 대체 리포트고 5주차 쯤에 메일로 제출하는 거 하나 있었어!', '웅웅 근데 질의응답에 질문하신분이 이메일로 제출하는 과제라고 하셨는데 교수님이 11월 30일까지라고 하셔성']"
중국어 공부하려는데 학원들이 기초만 4개월을 잡던데,"중국어 기초는 학원에서 다지는게 좋대서 알아보고 있는데요..
대형어학원들 대부분 기초를 1~4단계로 잡고 4개월 커리로 해놓던데 정말 4개월 다들어야하나요?ㅜ
저는 진짜 필요한 부분만 다지고(뭐 들어보니 성조? 발음? 그게 꼭 잡아야한다더라구요) hsk 4급부터 독학 바로 시작하려했는데, 그 기초가 4개월 정도 걸릴 양인가요?",0,"['저 기초반 다들었었는데 도움 많이 됐다고 생각해서 추천해요~ 쓸모없지 않았고 4급은 독학으로 할수있을정도로 기초 쌓을수있었다고 생각해요', '그렇군요.. 그럼 들어가면서 성조같은 필요한 부분 다진 뒤 혼자 4급 독학하며 기초수강해도 괜찮겠죠??', '너무 길다 생각하시면 2달코스까지만 하고 독학하셔도 괜찮을거같아요!', '감사합니당', '흠 발음하는것만 4개월은 좀 긴것 같네요.. 전대형학원말고 동네 중국어 학원에서 중국인 선생님한테 배웠는데 괜찮았어요!', '저희근처에 딱히동네학원이 잘 안보이더라구요 ㅜㅜ 감사합니다', '아니면 병음 읽는거랑 성조 잘 지켜서 말하는것까지만 배우고 그 이후에는 독학으로 해도될것 같아요!! 성조랑 병음은 진짜 초기에 잡아놔야해서ㅠㅠ', '아하..감사합니다 ㅜㅜ']"
중국 도시를 문학과 관련해 찾아보려는데,다들 어케 찾고 있나엽 .. 저만 자료가 없는곤지 .. 휴휴,0,[]
교환학생,중국으로 가고 싶은데 안되겠죠??ㅠㅠ 혹시 신청은 언제 하는 지 아시는 분 계세요??,0,[]
중국문학사,저만 아직 못들어갔나요?,0,"['교수님 웹엑스에 문제생겨서 오프라인도 수업대기중입니다..ㅠ', '감사합니다 ㅠ', '넵 감사해요 ㅠ', '아직도?? 이러다가 수업못하고 그냥 지나가겠네요;;;']"
중회작 장전팅 교수님 내일 수업,뭐 숙제 들고가야한다거나 하는 특별사항 있었나요..? 중국어를 잘 못해서 놓친부분이 있을 것 같아서요 ㅜ,0,[]
중국과 세계 해석본 있으신분..,"절 살려주세요,,,",0,"['있으면 저도 좀 주세요...', 'ㅠㅠㅠㅠ 수업 너무 빡센 것 같아요ㅠㅠ 수업도 안들리고....']"
중국과세계 왜 시작을 안하시죠..??,ㅈㄱㄴ,1,"['오 동지', '오늘 짝수는 웹 수업하는거 맞죠??', '넹 그렇게 알고 있어요 공지가 그렇게 올라왔으니까...', '근데 왜 어직 이러는걸까요ㅠㅠㅠㅠㅠㅠㅠ', '그러게여 ㅎㅎ 저희를 잊으신 건지... 조작 미숙인 건지 😂', 'ㅋㅋㅋㅋㅋㅋ ㅠㅠㅠㅠㅠㅠ', '열렸다!', '아직 방 열리지도 않은 거 맞죠?', '하울링 심하네요..', '이게 뭐하는건지...']"
중국어 난이도가 어떤가요?,"어순이 다르다는데 전 일단 어순 다르면 너무 어려워서..
본전공은 일통이고 한자2급베이스라 조금 아는수준인데 중국어는 어차피 한자가 좀 다른거로 알아서.. 취미 겸 시작해볼만할까요?",0,"['어순은 영어랑 비슷하고 사실 어순이나 한자보다는 억양이 굉장히 어려워요', '아.. 적어도 저는 그랬어요', '간체 쓰긴하지만 한자 알고있으면 확실히 습득이 빨라여 어순이 다르긴 하지만 중국어는 일단 단어끼리만 붙여도 어느정도 말이돼서 오히려 입문이 쉽달까여!', '한자 잘 알면 해볼만함', '다들 감사합니다']"
중국어 발음 질문,"마지막 글자 了 le liao 중에 뭐라고 읽나요?
이유도 설명해주시면 감사하겠습니다!",0,"['마지막줄 해석은 혹시 아나요', '그러지않으면, 당신은 제 말을 들으셔야해요 (말인지 다른건지는 내용이 불충분해서 추측이에요~!)', 'le 발음은 러', '러~~~', '다들 감사합니다!', '앗 감사합니다!']"
중통 중에 진커중 교수님,"수 34 비즈니스 중국어 수업 들으시는 분 계시나요??
12 수업은 강의실이 안바겼는데 34는 바꼈다고 들어서요... 혹시 어디로 바꼈는지 알려주실수 있을까요?",0,[]
흔한 채용조건,베트남에서 근무가능한 일본어 능통한 중국인 모집공고가 한국어로 올라옴,31,"['ㅋㅋㅋㅋㅋㅋㅋㅋㅋㅋ 이게 뭐얔ㅋㅋㅋㅋㅋㅋㅋㅋ', '말세네', 'ㅈㄴ 웃기넼ㅋㅋㅋㅋㅋㅋㅋㅋㅋㅋ', '그니까 한국어 중국어 베트남어 일본어 다 해야한다는거잖아........ 어렵게도 써놨네 ㅅㅂ ㅋㅋㅋㅋ', 'ㅇ거 전에 봤는데 ㅋㅋㅋㅋ사실 외대에는 있을거 아냐 저런 사람.', '중국인이 굳이 일본어학과를 외대에서 수업듣지만 관심은 베트남에 있는 사람이 외대에 있다면 미친거 아닐까,,,?', '중국인들 굳이 다른 언어를 한국어로 배우려는 애들 많이 봄. 그런 경우 한국어가 완벽하지도 않지만... 베트남 가고싶을 수도 있지.']"
중국지역문화와축제 안ㅇㅇ교수님,중국지역문화와축제 안ㅇㅇ교수님 오늘 홀수학번 대면수업 실시 맞죠? 이클래스나 오픈톡에 따로 아무 말씀이 없으셔서요..!,0,"['안교수님 미중 듣는데 저희는 홀수 대면이에여', '단톡에 여쭤봐']"
교환학생,중국어 진짜 옹알이 수준으로 할 줄 아는데 중국으로 교환학생 가고 싶어 ㅜ 지금 1학년이고 3학년 1학기나 2학기때 쯤에..! 비전공생이여도 hsk랑 면접이랑 요구하는 거 채우면 갈 수 있는 거지?,0,[]
중국과 세계 레포트,너무 어렵당 ㅠㅠㅠ,0,[]
임미나교수님 중국어초강,1시간동안 오픈북으로 시험을 보면 뭘...문제가 어떤 방식으로 나오나요? 부사형용사 이런거 물어보시나?,0,"['초강독 1학기 오픈북 시험 봤었는디 그냥 책 내용이 없다고 보시면 돼요 전 그냥 중작했음 ㅋㅋㅋㅋ', '예....?ㅠㅜ', '한글주고? 번역같은거?', '그냥 별 유형이 다 나와~~ 정신없어서 기억도 안나네', '아 혹시 우리 몇 문제인지 알려주셨어??', '작문...? 문제가 나온다는 소리인가??', '그렇쿠만.. 고마워유~', '재수강인데 도와주겠나 그대들', '이 말투 누굴까 다 만나네 에타 재미있네']"
중국과세계 레포트 다 씀?,내일까진데 내일 시험도 있고 ㅋㅋ 돌겠네,0,"['나도 낼 셤 끝나고서 시작임 ㅋㅋㅋ', '내일 시험끝나고 쓸려고?? 10장을?', '어쩔수가 없음 시험 4개 치는데 전부 개오바거든', '파이팅.. 시험 끝내고 후딱 내자 난 결국 10장 못채우고 그냥 냄', 'ㄷㅈ거같다.....하', 'ㄹㅇ 더이상 쓸 말 없', '몇장썼어??? 나도 그냥 낼까.... 진짜 꾸역꾸역 하는 중 이거 비율 몇이야?', '나 표지, 참고문헌 포함 9장 실질 7장이지 뭐.. 원래 중간 비율은 40인데 원래 시험본다고 했다가 레포트로 바뀐거여서.. 그대로 40이려나?', '공지가 없네ㅠㅜㅜ 제발 아니였으면... 진ㅋ자 발로 썼다^_^', '난 이제 시작한다~!']"
박창수 교수님 중국어 문법,시험 시간 1시반 시작 맞나요?!,0,[]
중국학입문 금 78,10월 30일에 비대면 수업 맞나요?,0,"['네!', '감사합니당']"
나 이중때문에 진짜 고민된다 지금 융소인데,본전공 중국어고 지금 이중 융소거든? 융소한지 첫해인데 솔직히 내가 융소 공부에 재능이 있는진 모르겠는데 재미는 너무 있어 경영 과목 들어봤는데 너무 재미가 없었고.. 그런데 내가 만약에 컴퓨터쪽으로 진지하게 갈 수 있는지? 많은시간들여 거기서 전문가가 될 수있다는 확신은 부족한데 그렇다고 해서 컴퓨터를 안하기에는 너무 재밌어.. 그래서 이번 이중변경 기간에 컴전으로 변경할지 경영 쪽으로 변경할지 너무 고민된다.. 중국어랑 컴전 이렇게 가지고 졸업했을때 내가 그냥 문과 직렬에 취업하려면 중국어로만 가능할까? 이중변경은 한번뿐인데 컴전 못하겠으면 어쩌지? 이런것들.. 너네가 나라면 어떻게할거같아 안전빵 or 도전,1,"['우리과 선배 이중으로 융소해서 이번에 계발자 취업함', '너처럼 본전공 통대야', '아진짜? ㅜㅜ', '웅 재능이 어느정도를 말하는건지는 모르겠는제 너가 어렵더라도 흥미가 있고 힘들어도 재미있다고 느끼면 난 충분히 가능하다고 봐 울과 선배도 수업들을땐 되게 힘들어했어', 'ㅜㅜ 그렇구나 나도 중국어나 경영 들을땐 하나도 재미없었는데 이건 재밌었거든 ㅜㅜ 고마워 ㅜㅜ', '학점 채울거 채우고 4학년때나 3학년때 이중전공 컴전으로 바꾸는 건 어때?', '왜?? 나지금 2-2인디', '융소가 더 학점따기 쉬워서 그러는겨??', '난 경영에서 융소로 바꾸려고 하는데 괜찮겠지?', '왜?', '해보거싶기도하고 경영이 별론거같아서']"
국내 중국계 아이돌 좋아하는 애들은,자기가 좋아하는 아이돌이 sns로 6.25전쟁에서의 중국희생 기억해라 캠페인 같은 거 참여하면 어떤 기분임?,0,"['중국아이돌 그냥 지네 나라에서 활동했으면....', '좆같음 총구 들이밀고 시진핑이 은연중에 강요하는 거 알고 있고 쟤네 중국 활동이 달려있는 거 알아도 좆같음..내가 좋아하는 애가 중연인 건 맞아도 머리까지 빨간 사상인 건 아니니까... 그냥 여권좆나 패서 빨간색 빼내고 싶음....', '진짜 중국이 미쳐돌아가는 듯... 외교분쟁 제 3국가 입장에서 해외활동 땜에 편들어주는 거면 백보양보해서 가능하다쳐도 공산권의 남침으로 시작된 전쟁을 피해자국가한테 자기네들의 희생운운 강요하는 건 선넘음', '아 한국돌인데 중국멤 말하는 거구나 나는 아예 중국연예인이라 자국 활동이 걸려있는 거거든(ㅅㅂ)... 아니 어느쪽이든 좆같네... 그냥 내년까지 안보고 살고싶음....', '중국인이면 당연한거아님? 긍데 송키안이 누구임?', '송치엔인듯 빅토리아', '남침으로 시작된 전쟁에서 침략당한 쪽한테 침략한 쪽인 자기네들의 희생을 기억하라 이거 우기는 건 정상적인 국가라면 자기네들끼리도 정당화하면 안됨 더구나 명분있는 미국, 소련도 아닌 중국이면', '진심 ㅈ같음. 일단 최애는 안그랬는데 제발 계속 글 안올렸으면 좋겠고 호감이었던 애들은 정뗐어 정부의 압박도 있는건 알긴 하지만 ㅅㅂ 그래도 싫어', '억장 와르르맨션임']"
중국고중세사 철학사,26일에 학교 가는건가요?,0,['26일은 휴강입니당!!']
대학중국어,이번주는 녹음 과제 없는 거 맞나용..!,0,"['네!', '감사합니다!!']"
중국어 잘알들아,"언어 비전공자인데 중국어 넘 매력적이라 배워보고ㅠ싶어... 근데 궁금한게 중국어는 영어나 한글처럼 뭐 알파벳이 있는게 아니잖아.. 그럼 평생 한자 외워야 하는거임..?

예를들어 영어나 한국어는 모르는 단어 나와도 발음은 할수있잖아.. 중국어는 그런거 자체가 안되니까 영어에 비해 익히는데 시간 오래 걸리려나ㅜㅜ?",0,"['안녕 난 중통 한자 외울때마다 환멸 오짐 외워도 까먹고 외워도 까먹고 후...........', '앗 답변 고마웡.. 그럼 소통할 수 있을 정도로 하려면 진짜 무지하게 공부해야겠네.... 간단한거만 알아들어도 너무 행복할것같은데ㅠㅠ', '근데 어렵긴 해두 재밌졍 배우고 싶으면 배워보는 거 추천이얌', '중국인도 중국어 헷갈려함 평생 외워야지', '헐 진짜? 중국어 엄청 어려운 언어구나...ㅠㅠ 도전하기 무섭다..', '그래도 기초적인 거는 취미로 할 만해', '으음 그러면 간단한 대화... 정도까지 배워보고 결정해야겠다... 알려줘서 고마워 😊😊', '맞아 ... 한자 외우는 것도 어렵고 한어병음도 어려운데 꽤 매력적인 것 같기도 해 !!', '오오... 한어병음..? 발음 얘기하는건가! 맞아 매력적이지ㅠㅠㅠ 그거에 빠져서 지금 취미로라도 배울까 생각중!!', '어려운 언어는 아닌 것 같아', '앗 그래..? 그럼 너무너무 다행이지ㅠㅠㅠ 열심히 해야겠다', '무조건 한자 외워야함...! 근데 솔직히 한자랑 성조만 외우면 문법이라던가 다른 부가적 부분은 안 어려운거같아ㅋㅋㅋ 그래서 중국어 실력은 솔직히 어휘력 영향을 많이 받는다고 생각해', '흐하헣... 나 시험없으면 외우는거 잘 못하는데... 잘 해낼수 있을가ㅠㅠ 어휘가 많이 중요하다니까.. 잘 해볼게 고마우ㅏ', '단어만 외우면 문법이나 그런건 쉬워 ㅋㅋㅋㅋㅋ', '그거 정말 반가운 소리다!! 안그래도 영문법만해도 너무 짜증나서 싫었는데... 문법이 괜찮다니ㅠㅠㅠ 고마워!']"
중강독 중간 시험,"ㅇㅇㅈ교수님 중급중국어 강독 11과
본문 전체가 아니라, 수업 때 다룬 부분만 시험 범위 인거죠..?",0,[]
초급중국어강독 초중강,임미나 교수님 노트필기 과제 7과 대화 3까지 전부 다 해야해?,0,"['ㅇㅇ', '고마웡']"
대학중국어 ㅇㅂㅊ 교수님한테 쌍욕한 새끼,"이름이랑 학과랑 다 까버리고 싶누;;
사과는 드렸냐?",1,"['까자 ㄱ ㄱ ㄱ ㄱ ㄱ. ㄱ', 'ㅇㅇ', '인문대임 일단', '버슼허버슼허', '고피자 먹고 싶다', '가랏! 버스커버스커!']"
대학중국어 시험 빌런 에반데,"20학번이신거같은데
마이크 켠 상태로
000(교수님 성함) ^ㅣ발년아 내가 이렇게까지 시험을 봐야해 ^ㅣ발 박으시면 곤란하죠

교수님 표정도 안 좋아지시고
시험 전에 제가 다 소름돋네요
다 있는 곳인데.. 심지어 시험 ㅋㅋ

시험은 긴장되지 않는데 빌런님 덕에 긴장 오지게 하고 봤습니다.",168,"['갑분싸를 이럴때 쓰는건가?', '이름 까면 안되냐?', 'ㅋㅋ 울반 학생덜은 알거여~', '와 오바다... 인성 그지같은 애들 왜이렇게 많음..?', '교수님 처음에 시험 욕하는거는 말 이어가면서 넘기려고 했는데 본인 욕 나오니까 대처 못하고 순간 굳으시는거 진짜... 보는 내가 마음이 너무 불편하더라. 꼭 사과했으면.', ""아니 근데 애초에 마이크가 켜져있든 꺼져있든 교수님한테 'ㅅㅂ' 언급하면서 욕하는게 정상? 진짜 인성 미쳤다 ㄷㄷ;;"", 'ㅋㅋㅋㅋㅋㅋㅋㅋㄹㅇ 싸이코야', '일부러 들으라고 그런거야 모르고 그런거야? 에반디', '모르고..', '아 빌런님 애니프사...', '싸이언스 킹니프사....', ""ㅋㅋ 하여간 애니프사도 '과학'이야"", '갓니프사는 ㅇㅈ이지', '레전드..미쳤네 그냥', '학과 어딘데', '그러게...애니프사 범준이인것만 아넹 ㅋㅋ', 'ㅇㅁㄷ', 'ㅋㅋㅌ미쳤나 진짜;;개념없네', '와 에바다,,,', '킹니갓사..', '애초에 수업시간에 질문/답변 외에 말하는 것 주터 잘못됨', '헐 이름도 말햇다고? 개오바데스네', '....? 와 ㅁㅊ놈이네', '진짜 왜 사냐 그런놈들은,, 같이 마시는 산소가 아깝다', 'Aㅏ...', '진짜 내가 다 빡치네ㅡㅡ 교수님 얼마나 상처받으셨을까 진짜 미친놈 그냥 공개처형하면 안돼요?', '미친 도대체 집에서 무슨 교육을 받았길래 저렇게 사는거?', 'F 입니다 ^^', '....? ㄹㅇ....?', '이거 형사처벌 가능한거 아닌가요...?', '진짜 뭐야...대학 어떻게 왔지', '고 의로 그런건 아니지 범준 아? 생각있으면 사과드려', '대학와서 중국어 배울게 아니라 유치원에서 예절교육부터 받고 와야겠다', '또라이;', '와 가정교육 어떻게 받은거니', '미친거 아니냐 진짜... 고의로 했다고 해도 에바고 실수로 했다고 해도 에바야...', '모욕죄로 형사고소 가능', '진짜 내가 교수 였으면 안 참고 신고 박을거임,,, 장난하나 진짜 저 학생 벌 받게 할 거임 나는', '인성 무슨일이야 ;;;;', '븅신ㅋㅋ', '병먹금', '이딴댓글에 좋아요 23개달린게 착잡하다 ^^..', '이 글쓰는 사람도 어메이징... ㄷㄷ', '역시 중국어 ㅋㅋ', '병먹금', '와우.', '목소리 안들리는줄 알고 욕한거 아니야? 없는데서는 나랏님 욕도 하는데 뭐', '당연히 잘못 맞아 맞는데 다른 댓글들 보니까 뭐 인성 어쩌고 하는데 솔직히 안들린다는 가정하에 할수도있는말 아닌가 싶어서', '안 들린다고 혼잣말로 교수님 성함에다가 쌍시옷 욕 박음? ㅋㅋㅋㅋㅋㅋㅋㅋㅋㅋㅋ어떻게 그게 별 문제 아냐', '꺄울... 친구 없는데서 안들린다고 ""ㅅㅂ"" 들어간 욕하구 손절당하길...ㅠㅠㅠㅠㅠㅠㅠㅠ', '교수님 누구셔?', 'ㅇㅂㅊ 교수님', 'ㅁㅊ', '미친..', '대학중국어면 영통인가..', 'ㅇㅁㄷ', 'ㄴㄴ 공대임', '미친ㄴㅋㅋㅋㅋㅋㅋㅋ 교수님들은 학생을 위해서 수업 하고 시험 짜고 공정하게 채점하기 위해 그러시는건데 학생이란 놈이 저딴 식이냐,,, 저학생은 학교 자퇴해라 진짜', '와 글캠게 였네 ㅋㅋㅋ', '——병먹금——', '시험 시작 전에 나의 귀를 의심함 저게 학생 입에서 나올 소리인가 교수님 당황하시는게 화면을 통해서도 느껴질 정도임 마이크가 켜져 있는지 모르고한 실수였다면 빠른 시일내에 사과했으면 좋겠음 심적으로 가장 힘드셨을 교수님과 욕설을 듣고 불쾌했을 학우들에게 사과했으면.,,', '이름까자', '댓글들 잘보셈', '헐..', '녹화뜬사람 있으면 신고하면 안되나?', '에휴진짜... 쪽팔린 줄을 알아야지', '익67 니나 쟤나 ; 사회성결핍은 매한가지', '지랄 났네', '미친ㅋㅋ 이름뭐냐', '댓글에 진짜 등신같은 애들 많네..나도 핫게 떠서 본 건데 설캠이라고 등신이 없냐..어디든 있는거지..한심함..', '걍 캠으로 일반화하는애들 먹이주지 말고 신고 ㄱ ㄱ', '저런 애들은 설캠인데도 불구하고 ㅋㅋ 열등감에 똘똘 뭉쳐서 까내릴 대상을 찾지 못하면 자신의 자존감을 지키지 못하고 부들부들대는게 일베충이랑 행동이 똑같네~', '조만간 자퇴하겠네 ㅋㅋㅋㅋ', '와진짜대학왜왔냐 걍 고졸로살지']"
중국어강독,오늘 수업 없나요??!,0,[]
중국학입문,답 준비해놓은거 복붙하고 끝내려고했더니 복붙 불가능하게 해놨네 떼잉,0,[]
중국고,"요번주 중간고사라 수업 없다 하셨나요..?
너무 정신이 없어서 기억이 가물하네요
죄송합니다",0,[]
한류와중국대중문화,내일 수업 하시나요?,0,[]
중국문학사,레포트 뭐써야해요?,0,[]
중국학입문 수34 시험,분량 얼마나 써야돼요?ㅜㅜ,0,['500자 이상이요~']
나만 중국과 세계 레포트 막막하냐고,그대로 베껴쓰시 밖에 안됨ㅅㅂ,0,['뒤질긋']
중국어통번역기초,"번역하는데 뜻을 모르면 어떡하죠..??
인터넷 찾아도 되는건가요??",0,"['이나현 교슈님이면 수옵에서 한 자료에서만 나올걸용?', '감사합니다~~~']"
현대중국경제의 이해 강준영교수님,"이번 중간 레포트 대체라고 들었는데, 이 내용 어디에 나와있나요??ㅠㅠ
찾아보는데 없어가지고...",0,['저만 못들은거아니죠? 아직 말씀없으셨던거 맞죠?ㅜ']
중국어통번역연습 오늘 시험 아니죠??,순간 불안해서..ㅜㅜ,0,"['냉 오늘 복습해요!', '감사합니다!!!❤']"
국리분들 !,법률중국어 중간 없는거 맞죠 ?,0,[]
월34 초급중국어강독,비대면 수업 맞죠?,0,[]
초급중국어 강독,안연진 교수님 초급중국어 강독 중간고사 공지 주셨었나요??,0,[]
중국중세사 중간 보는거였나,기억이안나네,0,"['안보는 걸로 알고있습니다', '고마워요', '수업 내일비대면 맞나요???', '아마도?']"
중급 중국어 강독 이은주 교수님,시험 공부하는데 본문 뒤 문제들 다 풀어봐야하나요...?,0,[]
중국어 고수분들!,저기서 zongtai가 프런트입니다. 이런 뜻인가요?,0,"['‘프런트입니다’ 하는 거에여', '‘네 여보세요,프론트입니다.’', '감사합니다!! 혹시 하나만 더 여쭤봐두 될까용??']"
중국지역문화와 축제 요번주 과제 뭐쓰는거야..?,...?,0,"['걍 똑같이 인상깊은거', '교수님 누구야??']"
플렉스중국어,"문제유형 따로 말씀안해주셨죠?
빈칸, 해석말고,,",0,"['그런거같아요..', '저는 읽기문제유형. 어휘교체. 괄호넣기. 해석. 오답정정 이렇게로 알고있어요 수업시간에 다 말씀해 주시지않았나???', '지난시간에 그렇게 말씀해주셨었나요..?? 왜 못들었제..ㅠㅠ 감사합니다 .. 읽기문제유형은 어떤걸 말하는건지 혹시 아시나요??', '독해 문제요!! 근데 혹시 복습과제하는데 답지에 나온 어휘 다 정리하시나요?!?!? 저는 수업시간에 밑줄 쳐주신 부분만하는데 갑자기 공부하다가 혼란스러워서..', '독해가 해석이랑 같은건가요?? 다 주관식이라고 하셔서 독해문제랑 같은 유형으로는 안나올거같은데... 저는 수업시간에 말씀해주신 부분만 정리하고있습니다!', '지문읽고 주관식으로 답하는 형식으로 나올거같아요!!', '앗 그렇군요!!! 감사합니다😀']"
수12 미디어중국어ㅠ,"미디중국어 수12
셤범위 unit 12부터 14까지 맞나요ㅠㅜ",0,['저도 궁금해요... 유일한 대면 시험인데 뭐준비해야지']
윤혜지교수님,중국문화와 인문지리 수업 듣는 사람 ㅠㅠ,0,"['나ㅠㅜ', '저용', '혹시 ㅜㅜㅜ 쪽지보내도ㅠ됳까요?', '넹']"
중국과세계 레포트,표지 포함해서 10장임? 그 기준은 안말해주셔서.. 아무말씀 없으시면 그렇게 해도되는거 아닌가??(애써 희망가져봄,0,"['분량 안나오면 그럴려고...', '중국과 세계는 주제가 뭐예요??']"
중국과 세계 대체 레포트,다들 어떻게 쓸거야?? 감이 안오네ㅠㅠ 10페이지씩이나 쓸게 있나요ㅠㅠ??,0,[]
수 56 중국지역문화와축제,"다음주 과제는 뭐고
발표 주제랑 조는 언제 정하는 건지
정리가 안되는데
좀 알려주실분..",0,"['그럼 중간고사는 없는거에요??', '아ㅠㅠ 감사합니다!!', '혹시 발표 주제이런건 1주차 수업때 다 정했나요?', '발표주제는 조 나오면 그 때 조끼리 제대로 정하면 될 것 같아요. 1주차때 중국지역 혹은 미디어에 둘중에 뭐 하고싶은지 물어봤고 지역하고싶은 사람은 비슷한 지역끼리 묶어서 조 짜주시고 미디어도 조짤거라고 하셨어요', '와..진짜 감사합니다 복 받으세여 ㅠ']"
중국은 경제대국이라는 나라국민이 어떻게 저모양인지 신기함,"자기네들한테 불리하거나 최고존엄 건드리는 말 조금이라도 하면 바로 얼굴색 싹 바꾸고 애국심으로 포장해서 떼거지로 들고일어나서 중국만세! 이러니까
21세기에, 그것도 미국하고 견주는 대국이 저꼴이라는 게 너무 무서움",1,"['문혁으로 자기들 좋은 문화 다 박살내놓고 이제는 중국이 최고지 ㅇㅈㄹ', '착짱죽짱 .....꼭 외워두자....진리다..', '공산국가니까 그렇지 머', '방탄 소년단가지고 지랄하는거 보면 진짜 기가막혀 대한민국 국민이 그럼 북한군이랑 같이 싸운 중국 군인 희생을 감사하냐']"
중국이 또..,🤷🏻‍♀️,1,"['아니 이거 진짜 뭔 개소리야? 그럼 대한민국 국민이 중공군 참전한걸 애도해주냐 뭐 어쩌라는거야', '진짜 왜저래 이기사읽고 피꺼솟했다 진짜', '진짜 맥아더 형님 ㅠㅠㅠ왜 중국 본토에 핵을 안 내려꼽으셨나요 ㅠㅠㅠ', 'ㅋㅋㅋ 진짜 기가막힌다 살다살다 대한민국이 중국 군인의 희생을 감사해야한다는 별 개소리를 다들어본다']"
중국어통번역연습(2) 한정은 교수님,이중전공반 다음 주 19일 수업 대면인가요 비대면인가요?,0,['네 맞아요 감사합니다!']
학교 근처 짱개집 중에 1인분 배달해주는데 있나?,"아니면 걸어서 갈만한 중국집 있음??
화석이라 옛날에 다래원 있던거밖에 모름...",0,"['장강해주던디', '장강이랑 쌍용각 됐던 거 같은데', '두곳 다 1인분도 배달해준다구??', '기억 안 나ㅠㅠ 장강은 확실해', '거맙띠 ^^', '정 뭐하면 배달음식 게시판 써봐! 다같이 시키고 각자 가져가면 최소주문금액 맞잖아', '긱사가 아니라 밑에 살고 있어서 같이 시키기가 좀 뭐함', '요즘 장강 1인분 배달안해주던데']"
ㄱㅎㅈ 교수님 중국문학사,수업 시간에 피시 카톡 알림 끄는 법도 모르시구... 단체카톡방 만드는 법도 모르시고 컴퓨터 자체를 잘 못다루시는 분인데... 동시송출 잘 하시려나.... 걱정된다 걱정돼....................................,0,"['너무 화가 남', '미안한데 혹시 우리 중간고사 레포트는 뭐 쓰는거지??', '아직 안알려주신거아녀..?', '그지?? 아니 시험 끝났는데도 안알려주길래 혹시 나만 모르는건가 해서;;;', '뭐하는 분일까 대체..? 생각 할 수록 화나', '수업도 그냥 그렇고;;; 뭔지 모르겠네;;;']"
현대중국경제의 이해,중간고사 있나요??,0,"['아뇨 레퐅대체', '아직 주제 안나왔죠?', '넹']"
중국고중세철학사 수시과제,오늘까지인 수시과제 자세한 설명이 4주차 강의에 있다는데 4강 어느정도 시간대에 나오나요..??,0,[]
중국지역문화와 축제,중간고사는 대면인거죠?,0,"['발표가 중간 아니예요?', '다른 교수님인가', 'wu juan교수님이요!']"
제자백가 7주 8주 비대면 맞나요?,쪽지 이제 봤는데 중국문학사로 헷갈리신 것 같은데 제자백가도 맞나요?,0,"['제자백가도 비대면인것같아요', '감사합니다ㅠㅠ', '제자백가는 시험 얘기 있으셨나요?ㅠ', '네 녹화 강의에서 말씀해주셨는데 온라인으로 본다고 하시네요', '저희도 그렇게는 말씀하셨는데 자세한 공지 금토일내로 올려주시겠다고 한건 아직 안 올라왔네용 ㅠㅠ 감사합니다!']"
이근명 교수님 중국중세사 수업 대면인가요?,제가 타 과 학생이라 여쭤볼 곳이 없어서 여기 남겨봅니다 ㅠㅠ,0,"['엇 저도 지금 너무.. 궁금해요...ㅠㅠ 당장 내일부터 대면인가요ㅠㅠㅠㅠㅠ???', '내일은 비대면으로 하고 다음주부터 대면하신다고 했는데 내일 또 다시 공지해주실 것 같아요!', '말씀을 안하셔서 사학과여도 잘 모르겠습니다...', '알려주셔서 감사합니다!!']"
중국과 세계 중간고사 치는거야??,중통 ㄴㅈㅎ 교수님 중국과세계 중간고사 치는거??? ㅜㅜㅜ,0,"['나두 궁금하당', '난 중간 치고싶은데 기말 70%감당안됨', 'ㅇㅈㅇㅈㅇㅈ', '나나난..싫어..', '시험 범위 많아지고 레포트 쓸바에 두번 나눠서 보는게 낫지 않아?ㅠ', '근데 저번학기 중국과세계 중간 레포트였는데 기말 할만했음,, 참고로 나 학점 걍 중간임', '맞음 나도 이틀공부하고 에이플받음 근데 중간안친대', 'ㅇㅇ시토중 시중입은 외울게 많아서 빡센데 중세는 70퍼여도 공부할거많이 없고 절평이라 성적 잘주심', '근데 그 진나라였나 한자나왓자나..개어이업슴', '아맞아.. ㅋㅋㅋㅋㅋ개당황']"
중국고 논어 우리가 희망 에세이 과제,"서본결 주석 출처 형식 지켜 써야하나요
자유롭게 써도 되나요?
알려주시면 감사합니당ㅜㅠㅠㅠ",0,"['올해는 아니라 들어본 사람인데 웬만하면 서본결 지키시고 뭐 참고 이런 거 한 거 있으면 다 표기하세요', '도움 주셔서 감사합니다ㅜㅠ🙏 혹시 에시이 쓸 때 개요도 작성하셨나용??', '요약 같은 거 말씀하시는 거죠?? 에세이정도면 그렇게 안하셔도 될거 같아요. 저는 중간대체레포트 쓸 때도 개요는 안 썼어용...', '헐 제가 깨운 걸까영?!?! 죄송합니당ㅠㅠㅠㅠ 답변 정말 감사합니다! 말씀해주신대로 반영하겠습니당~', 'ㅋㅋㅋ아녜여... 원래 부엉이에여.....!! 파이팅!! 홍교수님 원래 열심히 자기생각 쓰고 과제 제때제때 내면 잘 주셔요', '넵 선배님이신 것 같은뎅 감사합니당ㅠㅠㅠㅠ!!!', '네엥 파이팅😊😊😊']"
*무역/구사 외국어에 관심있는 외대학우분을 모집합니다*,"★외대(캠퍼스 무관) 내 구사하는 외국어와 국가별 마케팅 및 글로벌무역에 관심이 있는 학우분들을 구합니다★

★기본요건: 한국어 외 한 개 이상 언어를 구사하시는 학우 분(일상적인 대화가 가능한 수준),
상호신뢰 가능한 외국인 친구, 지인이 있는 학우 분, 한국제품 등 진출하면 좋을 타켓국가를 생각하시는 학우 분

★지원 시 아래와 같은 형식에 맞춰 쪽지 또는 카카오톡(아이디: dlwodnjs9612)으로
보내주세요! (활동에 관한 질문도 좋습니다♥)
1. 구사 언어(친구or지인or가족의 거주국) ex) 영어(캐나다) → 영어를 구사하면서 캐나다에 소통을 할 수 있는 친구나 가족, 지인이 있는 경우에 해당합니다!
2. 학년/학과

★모집언어(국가): 영어(미국, 영국, 캐나다, 호주, 아일랜드), 일본어(일본), 터키어(터키), 베트남어(베트남), 인도어(인도), 아랍어(사우디아라비아, 아랍에미리트, 카타르, 쿠웨이트, 오만, 바레인), 중국어(대만, 중국), 인도어(인도), EU해당국언어 또는 영어(벨기에ㆍ프랑스ㆍ독일ㆍ이탈리아ㆍ룩셈부르크ㆍ네덜란드ㆍ덴마크ㆍ아일랜드ㆍ영국ㆍ그리스ㆍ포르투갈ㆍ스페인ㆍ오스트리아ㆍ핀란드ㆍ스웨덴ㆍ키프로스ㆍ체코ㆍ에스토니아ㆍ헝가리ㆍ라트비아ㆍ리투아니아ㆍ몰타ㆍ폴란드ㆍ슬로바키아ㆍ슬로베니아ㆍ루마니아ㆍ불가리아ㆍ크로아티아)


★마케팅,유튜브&틱톡영상제작,세일즈,글로벌무역,웹및어플제작 등 어느 하나에라도 관심 있는 학우분은 쪽지 또는 카카오톡(아이디: dlwodnjs9612)로 연락주세요★",2,"['오잇 필리핀은 안되는군요ㅜㅠ', '아쉽게도ㅜㅜ 그러나 위 나와있는 국가에 컨택이 가능한 사람이 있다면 괜찮습니다!', '홍보게로', '모집만하고 뭐하는건진 안알려주나..?', '문의 감사합니다. 특허받은 물품을 해외에(본인이 컨택할 수 있는 지인 또는 친구가 있는 나라) 3자물류를 활용하여 판매하는 데 그 목적이 있습니다. 해당국가의 총판을 갖게 되는겁니다. 자본이 필요한 것이 아니라, 실무무역 경험을 얻고, 자기사업, 아이디어를 확장시킬 수 있다는 가능성, 또 판매 로얄티를 가져가는 활동입니다. 추가로 궁금하신 것이 있다면 쪽지로 문의주세요^^']"
모현 중국집,용문 vs 장강 어디가 더 나음?,0,['거기서거기']
중국어기초고문(2) 이은주교수님,"4주차 온라인 강의 사정이 있어서 못들었는데 지금 들으려고 하니 막혔습니다 ,,
혹시 수업 녹화나 녹음 하신 분 있나요 ?
작게나마 성의표시하겠습니다 도와주세요 ㅠㅠㅠㅠ",0,[]
요리하는 이중생 마파두부 만들었어!,:> 집앞에 중국 식품점에서 화자오 가루를 샀어! 처음 써보는 재료여서 뭔가 싶었는데 불에 볶으니까 익숙한 마라향이 나더라구! 닭 에어프라이어에 구워서 점심으로 먹었어 :>,16,"['맛있겠다', '오리지널 중국의 맛인거같아!', '진짜 글캠게는 일상 너무귀여워 ㅋㅋㅋㅋㅋ', ':> 오늘 강의 아직 안올라와서 이제 설거지도 하려구', '우왕', ':>', '지나가는 설캠생인데 참 평화롭구만,,,,', ':>', '고마워요!', ':> 네 수업때 알아봐 주시면 요리 추천도 받을게요!', '두부 어떤 두부써야해요??!', '집에있는 찌개두부 썼는데 연두부가 제일 좋아요 :>', '답변 감사해요❤️❤️❤️']"
중국경제 이교슈는,시⃫발⃫ ppt도 안쳐올리냐 진짜 짜증난다,1,['현대중국경제 이해 맞음?']
^^..,플렉스 중국어.... 드랍ㅎㅏㄹ걸 과제하다가 종이찢은적은 처음이야..,0,"['와우 드랍하길 잘해따,,,']"
남자 오버핏 셔츠/남자 청바지/기초 중국어 인강+교재,팔고있는데 혹 관심 있으시면 장터게시판 와주세요ㅎㅎ!,0,[]
중국과세계 ㄴㅈㅎ겨수님꺼,과사에 연락해라는게 무슨말일까?ㅠㅠㅠ연락해보는게 낫겠지.?ㅠㅠㅠ,0,[]
남종호 교수님 중국과세계,과제 언제까지여??,0,"['그 그 강의계획서에는 잇길래.. 나만 모르나해서', '아직 오늘 수업안올라왓어영']"
중국고 알림 다들 받으셨나요?,"저 종정시에 번호 등록해놨는데 알림 못 받았어요ㅠㅠ
놓친 수업 내용 어떻게 하죠..ㅠㅠ
1시 5분경부터 수업 참여했습니다",1,['저도요ㅠㅠㅜㅜㅜ']
과제 너무 짜증나 ㅋㅋㅋㅋ,"확통 과제 하는데 모르겠어서 짜증나고
고딩때 수학 열심히 안한 나한테 짜증나고
캠스캐너 중국꺼래서 오피스렌즈 쓰려는데 이걸로 피디엪 변환하면 자꾸 기울어져서 스캔돼서 짜증나고
저장 위치도 뭔놈의 원드라이브라 짜증나고
하... 걍 다시 캠스캐너 쓸까",0,"['나도 오피스렌즈 쓰다가 어도비스캔 쓰는데 함 써봐! 나는 갠적으로 오피스렌즈보다 편하더랑', '오 ㄱㅅ 담엔 그거 써볼게', '설마 산공?']"
중국중세사,보고서 과제 오늘 아니고 내일 제출 맞죠? ㅇ ㅣ 근 며 ㅇ 겨수님!!,0,"['네 10월 5일까지요~', '으악감사합니다!!', '어디 주제 쓰세요??', '3번 주자학이랑 양명학으로 쓰는중이에여!', '아아 화이팅하세요!!']"
중국고중세철학사 ㅎ교수님,"질문하면 추가 점수 있다고 말씀하셨나요..?
질문 필수였나요..?ㅠㅠㅠㅠ
제가 너무 대충 들은 것 같아요..후회되네요ㅠㅠ
혹시 아시는 분 댓글 주시면 감사하겠습니다ㅠㅠ",0,['핑프인 것 같아 죄송합니다ㅠㅠ 댓글 주셔서 진심으로 감사합니다ㅠㅠㅠㅠ']
아직 중국 못들어가나?,입국금지 풀렸나,0,[]
중국어 처음 시작하시는 분 중에 트렌디한 인강 듣고싶으시다고 하시면,"장터게시판에 <차이티> 검색해보셔요~

중궈 기초 인강+교재 판매하고있습니당!",0,[]
ㅂㅎㅅ 중국학 입문,수업 있었나요??,0,[]
롯데리아 건너편 중국집,오늘 여는지 아시는분,0,"['장강?', '이름몰겠네 맞을걸']"
중국문학과인문지리,혹시 낼 휴강인가요..? 기억이 안나서 ㅠㅠ,0,"['ㅇ네', '감사합니다!!!!', '아 근데 운혜지 교슈님이시죠?']"
이중전공,제가 지금 상경계열 학생인데 중국어 이중전공하고 싶어요!! 혹시 상경계열 선배님들 중에 중국어 이중전공 하시는 분들 계신가요?? 따라가기 많이 힘든지 궁금합니다ㅠㅠ,1,[]
중국어 처음 시작하시는 분 중에 트렌디한 인강 듣고싶으시다고 하시면,"장터게시판 가셔서
'차이티' 검색해보세요!

유튜브에서 강의 찍으시다가 유료 강의도 내신 분인데 교재+인강 판매하고있습니당!

맨 처음 성조부터 시작하는 수업이라 초보자 용이에요!",0,"['외대는 외댄데 북경외대요', '아 제가 그 인강+교재를 판매하는거에용!']"
윤비취교수님 대학중국어,이번주에 녹음과제 보내야돼?,0,"['허거걱 나 교재가 아직 안와서 그런데 혹시 녹음해야하는 부분 좀 찍어줄 수 있어...?ㅠㅠㅠ 깊티로 사례할게ㅜㅜ', '교재 사진 받았어?? 아직 못 받았으면 찍어줄까?', '응ㅠㅠㅠㅠㅠㅠ완전 고마워 ㅠㅠㅠㅠ', '뭘로 보내야되지??']"
진짜 ㅅㅂ 친북은 아니다,"반미고 중국몽이고 뭐고 관심 없고,
친북은 아니지 않냐??
나는 북한을 우리나라 땅에 사는 무고한 사람들을 진짜 맥락도 없이 죽인 '테러집단'이라고 생각하는데, 그곳을 옹호해? 하 이런 표현을 인터넷에 쓰면 또 검열할까봐 무서워 해야하는 나라가 진정한 자유민주주의인가?
하 씨ㅂ
이민이 답이다 진짜
절이 싫으면 중이 떠나야지
군대는 왜 갔다왔을까 ㅆ발 ㅈ같은 나라",47,"['현실에서 친북소리하면 욕 먹음ㄱㅋㅋㅋ나 고딩때 학교쌤이 나랑 정치얘기하다가 요즘 시대에 색깔론 안통한다고하면서 막상 나한테 일베같은건 안하지?이럼ㅋㅋㅋ색깔론 하지말라면서 지들이 젤 많이함', '맞긴한대.. 욕은 지웡 신고당해', '5252 조심하라구 전에 대통령 팔당댐에 가두고 싶다 했다가 정지먹고 왔었어🥰', '아개웃곀ㅋㅋㅋㅋㅋㅋㅋㅋㅋㅋㅋㅋㅋㅋㅋㅋㅋ', '수질오염아니냐구~~~~']"
하나의 중국,"방금 수업 들었는데 이해가 안가서
하나의 중국은 무조건 찬성해야되는 거야?
(원래 정치 잘 몰라서 바보같은 질문이라도 이해좀)",0,"['찬반이 아니라 그냥 그게 중국의 공식 입장임', '중국 눈치보느라 찬성하게 되는 거지..', '읏긴건 대만도 하나의중국을지지하는거지. 문제는 그 주체가 중공이 아니라 자유중국 대만을 뜻하는거니', '중국학입문?', 'ㅇㅇ', '과목 이름이 하나의 중국임? 쇼름', '나는 실강수업하는데 개인의 정치적 견해 물어보는거 개인적으로 별로였음..', '긍까 글고 답은 정해져있었어', '중국인학생한테 대놓고 물어보고 순간 갑분싸였던 분위기.. 난 잊지못할거야..', '나 쪽지 좀 봐줘!']"
그나마 고르라고 한다면,일본 노래 vs 중국 노래,0,"['일본', '닥 일본 시티팝 개죠음', '중국도 뭔가 그 구수한 맛이 있음', '쭝', '일본 노래 개조아', '중']"
똑똑이 외대친구들아,"부탁하나만 할개

한국 = 대한민국
일본 = 日本
중국 = 中国
미국 = United states of america
영국 = united of kingdom

서양어대
스페인 = España
프랑스 = France
독일 = Германия
러시아 = Россия
포르투갈 = Portugal
이탈리아 = italiano
네덜란드 =
스칸디나비아=


베트남 = Việt Nam
태국 = ประเทศไทย
말레이인도네시아 = Indonésia
인도=
터키아제르바이잔=
이란=
몽골=
체코=
아랍=


루마니아=
세르비아크로아티아=
우쿠라이나=
헝가리=
폴란드=
그리스불가리아?=
아프리카?=

이거 채우고 싶은데 도와줄수있어??",1,"['공부 똑바로 안했네... Magyarország다...', '노무하노', '엥 독일 왜 저러누 Deutschland', 'ㅇㅈ 완전 잘못됐어~~~', '우크라이나 Україна', '우크라이나/ 아프리카는 여러 국가 모여있어서', '동아프리카 -Afrika ya Mashariki', 'România', 'Česká republika 체코', 'Česko도 됨', '이탈리아 italia인디 italiano눈 이탈리아 사람임', '고마눠ㅓ!! 정리하느라 정신럾네', '크로아티아 : Hrvatska 터키 : Türkiye 네덜란드 : Nederland 크로아티아와 세르비아, 불가리아 그리스는 각각 다른 국가야 분리 바람', '터키/ 아제르바이잔도 다른 국가임. 모르고 쓴건지 그냥 학과명에서 긁어온건진 모르겠지만 ㅋㅋㅋ 아제르바이잔은 Azərbaycan', '인도네시아 e에 , 찍는건가요? 인니어에는 저런 표시 없는데 국가 이름 쓸때만 예외인가..', '불가리아 България', '폴란드 Polska', '정정: 말레이시아 Malaysia 인도네시아 Republik Indonesia', '네덜란드 Nederland', '폴란드 추가하자면 공식 명칭은 rzeczpospolita polska 이거야', '음 여기에는 안 써져 있지만 우즈베키스탄=O’zbekiston', '루마니아 = România', '그리스 Ελλάδα', '아랍세계']"
중국어 잘하는 사람 도와줘ㅠ,"중국어에서 致라는 글자 말이야
致ㅇㅇ 라고 하면 ㅇㅇ에게 라는 뜻인거야, 아니면 ㅇㅇ를 준다는 뜻인거야??
영화보다가 나왔는데 상황상 편지 마지막 줄에 써있었어..!
네이버 사전에 致를 검색해보니까 致ㅇㅇ 이렇게 썼으면 ㅇㅇ를 주다라고 해석하는게 맞는 것 같던데 자막에는 ㅇㅇ에게 라고 적혀있었어서ㅠ

편지가

ㅁㅁ予ㅂㅂ
~~~본문 내용~~~
致ㅇㅇ

이렇게 되어있었거든....
그러면 ㅁㅁ가 ㅂㅂ한테 보내는 편지인거고 ㅇㅇ는 한국어로도 편지쓸 때 사랑을 담아서 보냅니다 이런 식으로 말미에 적는 것처럼 ㅇㅇ를 보낸다는 뜻인거지....?

이 장면이 마음에 들었는데 내가 중국어를 잘 모르니 정확한 의미가 파악이 안돼서 속상하네ㅠㅠ",0,"['앗 그렇구나... 고마워ㅠㅠ 그럼 저 편지는 ㅁㅁ가 ㅂㅂ에게 보내는 편지이면서 동시에 ㅇㅇ에게 라는 말도 들어가있는거야....?', 'ㅠㅜㅜㅠ 정말 고마워~~~!!!!!😭😭']"
스페인어 질문,"저 학생들은 중국어를 배우지만 아직 말은 잘 못한다
Aquellos estudiantes aprender chino, pero aun no hablar bien이라는데
학생들은 3인칭 복수니까 동사가 aprenden hablan 되어야 하는거 아닌가욤....?
공부를 이학기 되어서야 시작해서ㅜㅜㅜ 아시는 분 있으시면 부탁드릴게요....",0,"['맞아유 저건 동사원형', '아 감사합니당!!! 제가 답을 이상하게 써놨나 봐요ㅜㅜ 그럼 혹시 많은 사람들이 공원에서 뛴다 Mucha gente corren en el parque에서 corren이 맞는건가용?', '그건 corre에요 gente는 3인칭단수로봐서']"
견자단이 사람이름이였어?,"저 밑에 뮬란 어쩌구 글땜에 먼가하고 봤는데 배우중에 견자단이 있네
난 무슨 중국 무술같은거 이름인줄 알고있었는데 ㄷ",0,"['ㅋㅋㅋ', 'ㅋㅋㅋㅋ엽문', '로그원에도 나왔었음ㅋㅋㅋㅋㅋㅋㅋ']"
법률중국어,"나만 강의내용 못 알아들어..?ㅠㅠ
필기하다가 돌겠음",0,"['차라리 피피티에 다 써주셨음 좋겠어...', '우리 1주차 때 교수님께서 중간 안 본다고 하셨었나,,,? 다른 과목이랑 기억 조작된 건지 순간 헷갈리네ㅜㅜ', '나도 중간은 안 보는걸로 알고있어!', '그치그치 고마워!!']"
중국스페인어문법 이거 어떻게 하는거야?,어렵다...,0,"['숙제야?', 'ㅇㅇㅇㅇㅠㅠㅠ', '김준한 교수님!', '이거 7과 문제 모두를 푸는 거야?', 'ㅇㅇㅇ오늘까지야', '오늘 첫번째 영상에서 31-40번은 과제는 아니라고 들었어서 헷갈려서ㅠ', '혹시 과제가 정확히 어디였는지 알려줄수있어? 나 영상 재생이 계속 안되고있어', '영상 아직 다 못봤는데 일단 104쪽!', '그럼????']"
중국어 단어 600개 암기,"내일 저녁까지 암기 쌉가능?
하 hsk 공부좀 할걸..",0,"['ㅆㅂㄱㄴ', '...아는거 200개정도라고 치면..?참고로 4급단어임', '4급정도 단어면 가능할듯', '4급 맞음ㅠ', '난 불가능...영어 600개도 힘든데 중국어는 한자외워 병음외워..사실상 1200개 분량 아니냐구..', '나친구도 낼모레 보던뎅', '미르스띤ㅋㅋㅋㅋ', '4급은 쌉가능', '내 여친 중국인', 'ㅈㄴㅋㅋㅋㅋㅋㅋㅋㅋㅋㅋㅋ', 'ㅋㅋㅋㅋㅋㅋㅋㅋㅋㅋ그래서 여친한테 중국어 배우려다가 포기함 ㅌㅋㅋㅋㅋㅋㅋㅋ']"
중국에 또 전염병 터짐,3200명 확진 ㄹㅈㄷㅋㅋ,0,"['그거 아닐까 뭔가 사회불만세력이 우한 연구소를 털어버렸다던가.', '이거도 코로롱마냥 퍼지면 올타임레전드', '아안돼 ㄹㅇ 3차대전날거같아', '사실 내가 학교가기 싫어서 사주한거임', '임마가 찐이네', '글쓴이 뭐임??', '나 밥 먹는중', '이거 그 백신만들다가 직원들 걸린거 아님 ? 아닌가 뉴스에서 잠깐 봤는데', 'ㅇㅇ', '근데 이건 백신이 있어서..', '있대?', '백신연구소에서 관리 잘못해서 걸린거니까 거기 백신 쓰면 괜찮지 않을까']"
중국어 인강 추천 부탁드립니다,중국어 수준은 초보단계이고 hsk6급까지 딸 생각인데 학원은 지금 상황때문에 다니기 좀 그렇고 커리큘럼 괜찮고 잘 가르치는 인강사이트 추천해주실 학우분 계시나요? 부탁드립니다,0,[]
Flex 중국어 ㄱㅇㅇ교수님,"단어 20개 정리하는거 범위 어떻게되는지 아는사람,,?",0,"['범위 안 정해주시고 매주25문제씩 진도 나간다고 알려주셨어요', '헉 감사합니다!! 🙏🏻', '화이팅 하세요,, 저는 포강 갈깁니다,,, 총총👣👣', '아 저도 포강 하고싶어요..ㅠㅠ']"
현대중국어문법,강의 내용 요약하는 거 언제까지 내야하나요?,0,['일요일아닌가요??']
웹엑스 사용하실때,제발 마이크 좀 꺼주세요ㅠㅠㅠ타자 치는 소리까지 다 들립니다. 그리고 중국인분들 마이크 꺼주세요ㅠㅠ부탁드릴게요,0,[]
한류와 중국 대중문화,저만 수업 안 들어가지나요..?ㅠㅠ,0,"['저두요', '이제 돼요!!']"
현대중국경제의이해,강준영 교수님 그냥 이클에 올라온 영상 보면 되는 거죠?,0,['네']
중국문학사,ㄱㅎㅈ교수님 수업 듣는 사람?,0,[]
위챗 쓰는데,가끔씩 모르는 중국인한테서 톡 오는데 원래 그럼?,0,"['어떻게 그래? 위챗은 친구 추가 된 사람만 톡 올 수 있는디', '나를 친추 추가 했다고 뜨면서 톡 오던데??', '해킹 당한거 아니야..? 글쓴이 아이디를 어떻게 알고 추가 하는건지.. 난 한번도 그런적 없어서 잘 모르겟다', '일단 땡큐']"
핵인기 동아시아근현대사 과제,"1주차 때 무슨 중국에 대한 견해 에이포 한 장으로 정리하란 거
그거 아직 내란 말씀 없으셨죠? 제출하라고 따로 말씀을 해주시는지 아니면 알아서 제출하란 건지 모르겠네요..",0,"['1주차에 뭔 견해를 정리하고 제출하라고 이야기할 때 내라고 말씀하시긴 하셨는데.. 아직 제출하란 말씀이 없으셨어요', '과제 있었슴요?', '1주차에 뭔 견해를 정리하고 제출하라고 이야기할 때 내라고 말씀하시긴 하셨는데.. 아직 제출하란 말씀이 없으셨어요', '과제 공지 어디 떠있나요?!', '1주차에 뭔 견해를 정리하고 제출하라고 이야기할 때 내라고 말씀하시긴 하셨는데.. 아직 제출하란 말씀이 없으셨어요']"
회화반에 잇는 외국학생 궁금한 점,예를 둘어 중국인인데 중국어초급반에 있는 걸 왤까 나 한국인인데 한국어초급반 듣는 느낌인데 왜 듣는 걸까,0,"['어차피 외국인은 점수 따로니까 신경안써도되', '돈 안 아깝나? 나 같으면 딴 거 듣겠는데..', '개빡쳐..', '왜 잇는 거야']"
미디어중국어,"1학기때 안영은교수님 미디어 중국어 어땠나요?
시험도요!",0,[]
대학중국어,"윤비취 교수님 지금 나만 잘 안 들려..?
잘 들렸다 안 들렸다 해",0,[]
대학중국어,ot랑 오늘 강의만 실강일까요??,0,[]
이근명 교수님 중국중세사 웹엑스 링크 올라옴?,안보이는데,0,"['메일 ㄲ', '혹시 무슨메일말씀하시는거예요?? 아무 메일도 안왔는데요?ㅠㅠ', '아아 메일 보내보세용 교수님 이런거 잘 몰라해서 하나하나 알려줘야해요;', '시간 닥쳐서 알려주실거에옹', '아직 안올라오는데요??', '링크 올라온게 없는데 ㅠ', '실화냐..', '이클래스 글 댓글로 올라왔어요 ㄱㄱ']"
중국문학사,ㄱㅎㅈ 교수님 수업듣는 사람?,0,[]
중국어통번역기초 - 이나현교수님,"받아쓰기 과제 중국어만 써서 제출하면 되는건가요?
아니면 해석도 해야하나요??",0,"['감사합니다 !! ☺️☺️', '안녕하세요~~~ 저는 이번 학기 수강생인데 혹시 받아쓰기 병음도 써야하나요? 아니면 한자만 쓰면 될까요?', '한자만 쓰면 돼요!', '감사합니다~!!!']"
중국학입문(금78)듣는 분들,"https://hufs.webex.com/meet/hongseo

웹엑스 주소 찾아왔습니다:)",0,"['감삼다ㅜ', '오 감사합니다ㅠㅠㅠㅠ']"
중국학입문,"오늘 수업하려나?...78인데
56한 사람들 알려주시면 감사하겠습니다..",0,"['오티 하겠지', '간단하게 수업방식, 앞으로의 수업내용 등에 대해서 설명하고 금방 끝났습니다!', '오오오 감사합니다!']"
중국과 세계 그제 오티,"어제 주워서 못 들었습니다...
내용 알려 주시거나 녹화 영상 보내주실 분...",0,"['이클래쓰에 매주 영상으로 올려주시는데 교재는 학과홈피에 들어가서 교재를 신청해야 하고, 저번학기에 들은 학생꺼 빌려도 괜춘 그래도 미처교재준비를 못했으면 과단톡에 sos를 요청하라고 하셨어!! 1학기 때에 비해 조금 심화된 내용인데, 예습해오면 좋고 중간, 기말 필기시험 있고', '감사... 압도적 감사...!! 혹시 과제 얘기 있었어?', '음.. 내가 안 적은거 보니까 없지 않을까 기대해본다 ㅎㅎㅎㅎ', '정말 고마워ㅜㅜ', '아냥 ㅎㅎ 도움이 되었다면 내가 영광이지 ㅎㅎㅎ']"
시사토론중국어,"남종호 교수님 수업 교재 필요해?...
수업시간에 읽는거 시키시나?
교재 사야하나 말아야하나 고민중인데..",0,"['필요행ㅅ', '사야됨']"
일본 단기연수,"우리학교 일본 여름단기연수 있어?? 국제교류 홈페이지 찾아봐도 잘 모르겠어서ㅠㅠ겨울에 대만 중국 미국 가는것만 보이네,,ㅠㅠ",0,"['그 예전에 일통 홈페이지보니까 있던데 지금은 모르게따', '그건 일통만 갈 수 있는거겟지..? ㅠㅠ여튼 알려줘서 고마워']"
중국학입문 웹엑스,"종정시 -> 수업/수강 관리 -> 실시간원격강의
들어가면 된다",2,"['한국외대 앱 깔어', '감사합니당!', '비싼 돈 내고 듣는데 못 들으면 억울하자너 다 같이 듣자', '첨딱 들어가면 수신메시지 뜨지? 거기서 내려가면 있어', '굳굳', '그거로 못찾겠으면 상단에 오른쪽 두번째 칠판보고 있는거 클릭하면 뜰거야', '와 ㄱㅅ', '감사합니다ㅠㅠㅠ']"
중국학 입문,"뭐 아는 거 있는 사람 없음?
이거 오늘 휴강이여?",0,"['ㄱㄴㄲ 아직도 안올라오면 어쩌자는거', '수업을 할꺼면 뭐라도 제대로 알려주든가 휴강이면 휴강이라고 알려주든가', '종~정~시~', '종정시?', '종정시에 뭐 있음?', '오우야 땡큐', '종정시에 수업/수강관리 -> 실시간원격강의 ㄱㄱ', '감사합니다 행님', '따봉이라도 받으십시오', '아이구 뭘 이런걸다']"
중통 중국 문학사 교수님,김현주 교수님이랑 문승용 교수님 중에서 어떤 분을 추천해주시나요?,0,"['문승용 교수님 다른 수업들었는데 전 너무 졸리고 듣기 힘들었어요 ,...', '그렇다고 김현주는 에바,,,']"
법률 중국어,"중국어 하나도 모르는데 들어도 되는걸까..
중국법률 용어나 계약서 쓰는법 가르친다는데
진짜 어떡하지 이거 듣는 친구들 다 중통이야..?",0,"['저도 중국어 하나도 모르는데 이번에 들어요ㅜㅜ', 'ㅠㅠㅠ저두 진짜 니하오 밖에 모르는데 화이팅해보아요...', '오늘 강의 다 들어보셨나요? 마지막에 본인 중국어 실력이 어느정도다,, 간단하게 교수님 메일로 보내라는 거 맞죠?ㅠㅠ', '네ㅠㅠ메일로 중국어 단 한마디도 못한다고 솔직하게 말씀드렸어요ㅠㅠㅠ', '교수님목소리너무작음..', '진짜 컴터 소리 최대한 켜고 동영상 소리 제일 높게 올려도 웅얼웅얼 소리밖에 안들려서ㅠㅠㅠ 메일 보내면서 소리가 잘 들리지 않는다고 말씀도 같이 드렸어요ㅜㅜ', '감사해용']"
미디어중국어,혹시 드랍하실 분 계신가요...?,0,[]
현대중국의경제이해,1학기때 팀플이나 발표 있었나요??,0,[]
나 중국어 작문이나 독해만 잘하고싶음,"그냥취미로 공부하려하는데
발음 회화 공부 1도안할거고 오직 단어랑 문법만 하고싶음..
그냥 글보면 읽진못해도 해석할수만 있게끔..


내가생각해도 뭐지싶긴한뎈ㅋㅋㅋㅋㅋ 이렇게 해도 할수 있겠지..? ㅋㅋㅋ",0,"['중국어 전공인데 나도 작문이랑 독해만이라도 잘하고 싶엉', '진짜 회화너무어려워보여ㅠㅠㅡ 전공자님 화이팅!!', '작문이랑 독해잘함 = 중국어 잘함', '옼ㄴㅋㅋㅋㅋㅋ회화는..?', '솔직히 독해 작문 잘하면 회화도 금방할걸 ..? 성조만 잘 익힌다면', '그런가..? ㅠㅠㅠㅜ', '난 오히려 회화가 제일 어려워서.. 중국어에 자주 노출 시켜주고 단어랑 문법만 좀 공부하면 해석은 가능할 것 같아', '진짜 성조 발음하는것도 구분하는것도 넘어려워ㅠㅠㅜ 헉그렇구나 열심히해보께~~!', '뭐든 꾸준히 하면 된다고 생각해! 취미로 공부하려는 마음가짐 넘 멋지고 화이팅이야!!']"
중국문학사,ㄱㅎㅈ 교수님 3시부터 웹엑스아님?,0,"['그니가 뭐지;;;', '맞는것 같은데, 왜 안오실까요ㅠㅠ', '강의평보니까 평소에도 늦게들어오신대', '지금 7분;;; 계속 기다려야하는건가']"
김현주 교수님 중국문학사,오늘 웹엑스로 오티 안 하나요??,0,[]
중국과 세계 수78,"방금 주웠는데
어제 오티 내용 뭐였나요?",0,"['중국에는 역시 세계수가 자라는군', '🤨']"
중급중국어강독,혹시 이중전공반 윤혜지 교수님 중급중국어강독 오티 들으신분 있나요..? 제가 수강변경으로 새로 신청할 예정이라서 어제 수업을 못 들었어요ㅠㅠ,0,[]
초급중국어강독 교재,내일 아침 수업인데 교재가 아직 안와서 혹시 1과만 사진찍어 보내주실 수 있는 분 있을까요...??ㅠㅜ,0,"['오카방 파세요', 'https://open.kakao.com/o/sXRcF4tc 감사합니다ㅜ', '혹시 저한테도 공유해줄수 있나요?']"
중국 칠쁠일도 플렉스 필요해?,HSK만 있으면 되는 거 아니었나..?,0,[]
중국어..,"'중요한 자원으로서'를 중국어로 어떻게 써??
~으로서를 어떻게 나타내야 하는지 모르겟네",0,"['중표통이다!', '응...미리 준비해가야할거같은데 ~으로서가 중국어로 뭔지 모르겟어ㅠㅠ....', '목요일 반이구낭 난 화욜 수업 했는데 그거 교수님이 잘 알려주심!! ~으로서를 따로 해석하지 않고 번역하시더라! 그냥 한 번 읽고 수업 들으면 되더라고 !! 아마 낼 수업 들으면 뭔 말인지 알거야!', '헐 고마워!!!', '혹시 웨벡스 할때 사람들 전부 다 얼굴 공개하고 해?....', '응응 카메라 켜라고 말씀하시고 교수님이 돌아가면서 이름 호명하고 한 번씩 읽어보라고 시키셔! 그것도 발음 틀리면 교수님이 자세히 알려주시더라 걱정마!! 그럼 낼 수업 잘 들어!', '응응! 고마워!', '웅ㄴ호..']"
중국어표현과통역 교재,"같이 구매하실 분?? 301구로 끝내는 중국어 회화 상&하 합쳐진 교재요.
제가 구매해서 1/n으로 나누고 공부할 과들을 스캔해서 이메일로 보내드릴게요.",0,[]
중통,미디어중국어 안영은 교수님 시험 어떤식으로 보나요?? 1학기때 들어보신분들 알려주세요ㅠㅠ 다른과목이랑 고민중이어서요...할만 한가요??,0,"['30분인가 짧은 시간 안에 교수님이 보여주시는 한국어 문장보고 중국어로 바꿔써야해요 예문은 다 범위 내에서 나와요!', '앗...아무도 안알려주셔서 포기하구있었는데 감사합니다!!! 근데...혹시 싸강으로도 수시테스트 같은거했나요??', '아 지금 봤어요ㅠㅠ 원래 대면이면 교수님이 올려주시는 자료 암기테스트 한다고 하시는데 웹엑스로 수업해서 그냥 읽기만 하는걸로 시험쳤어요! 그런데 시험 때문에 이왕이면 암기하시는게 나중을 위해 좋으실거에요!!', '네~감사합니다!!']"
중국학입문 김인식 교수님,"갑자기 다른 교수님으로 바뀌어져있고..
바뀐 교수님은 실시간 강의시네..
저번학기에 김인식 교수님 강의 올려주신거 보면 되서 편해서 신청했는데..

근데 당장 11시반 수업인데 이클래스 개설 왜 안되어있냐",0,"['마자 그냥 계속 기다리고 있어야하나..', '아직도 아무것도 안올리심 근데 이렇게 갑자기 교수님 바뀌는건 아니지 않냐...어이없어', '중통 학과 홈페이지 들어가니까 웹엑스 주소 올라와있어!!', '헉 고마워요!!']"
현대중국경제의이해,오늘 12교신데 이클도 개설안돼있으면 어쩌란말인가~!,0,"['지금 올라왔는데 우선 실강은 아닌가봐..', '오늘 강의안만 올리고 끝인듯?!']"
고급중국어회화작문,"zhangzhenting 교수님 첫날부터 수업하실까?
아직 교재준비 못했는데,,",0,"['나는 중회작인데 교재 아직 안ㅇ왔어...ㅠ', '당장 내일 수업인데 강의계획서 보니까 1과 나간다고 해서 걱정이네', 'ㅜㅜㅜ 나도ㅜㅜㅠ', '쨩쪈팅~', '헐 나도 교재.....', '학생들 책없다해서. 걍 안할그야 걱정마']"
중국어 잘하시는 분,이거 한자좀 알려주세요!!,0,"['감사합니당', '영어로 타이완 블랙 티라고 써 있는데..?', '아 저는 무슨 한자인지 궁금해가지고..ㅜㅜ', '御藏(황제에게 조공을할만큼 진귀한) 品香(품질이 좋으며 향기롭고) 著美天下(아름다움으로 천하에 유명한) 바로 그!!!!! 台湾红茶(대 만 홍 차) 무친~ 한입만~', '아 헐 대박 감사합니다ㅜㅜ']"
중국어통번역 프리젠테이션,"장빈교수님 수업 조원 구해요!!
한국인 구해요. 이중분들도 괜찮아요. 😊",0,"['아뇨... ㅠㅠ 고학년 수업이요', '한국인이신가용?!', '네!!']"
중통,"중통연 월34있는분
중국과세계 수78이랑 바꿀사람있나여?.",0,[]
중국학입문,박홍서 교수님 어때요?,0,[]
중통 현대중국경제 수12드랍 있으신가여,중중강 월12랑 교환가능할까여..?ㅜ,0,[]
"중통 전공 교환해요ㅠㅠ 중국문학과공연 , 지역문화와 축제 > 미디어 중국어, 중국어통번역기초","중표통 목 12
중회작 금34
중국지역문화와 축제 화78
중국문학과 공연 수56
중급중국어강독 이은주 월 12

이게 제가 있는 과목이고요

미디어 중국어
통번역기초
로 교환원해요ㅠㅜ",0,"['미중 어느 교수님 꺼요??', '안영은 교수님이요', '아그럼 안되겠네요ㅠㅠ']"
중통 수업 교환/ 미디어->지역축제,중통 미디어 중국어 화34랑 지역축제 화78이랑 교환할사람 있으신가요 교수는 똑같이 안영은교수님이요,0,[]
동아시아와 중국문화,왜 방을 안 만드셨을까...? 교수님 혹시 아프신걸까? 혹시 型冠肺炎!?,0,[]
질문 아직도 이클레스에 안올라오면 전어케요,?? 어디서 확인해야 하는거지 대체.. 중국어 표현과 통역 이중전공 수업인데 혹시 아시나요 ㅠㅠ,0,"['기다려야죠ㅠㅠ', '전학기 휴학해서 모르는데 이렇게 늦게 뜨나요? ㅠㅠ 뜨기는 뜨죠?ㅠㅠ', '아까부턴 이클래스 앱 알람 오는 것 같으니깐 교수님께서 공지 올리시면 알람 올거에요!', '감사합니다 비대면 첫경험이라 후달달해서요 ㅠ', '장빈교수님이요', '휴 저만그런게 아니군요 안심이 되었습니다 감사함다 ㅋㅋㅋ :)', '환장하겠네유..', '엥 웹엑스 주소 어디에 올라와있어요????', '아구 넘나감사합니다 ㅠㅠ']"
현재까지 국리 녹강인지 웹엑스인지 여부,"(전공)
국가조직과법질서 : 실강
행정과권리 : 녹강
행정조직과절차 : 녹강
범죄와형벌 : 녹강
헌법소송론 : 녹강
지식재산의 보호와 활용 : 웹엑스(실강)
부동산과규범 : 녹강
법률중국어 : 녹강

(교양)
부동산과법 : 녹강
계약과법 : 녹강
헌법과국가 : 웹엑스(실강)
상인과법 : 웹엑스(실강)
기업과법 : ?

-----------------------------
혹시 다른강의도 알려주실 분 계신가요?!",7,"['webex주소 뜨지 않았나요?', '실강이네요,,', '실강이에요? ㅠㅠ 왜 주소 안올라오지ㅠ', '감사해요 추가햇습니다!', '헌법과국가 실강 여부 나왔나요 ?', '정재도교수님 실강이라고 뜨는거같아요', '법률중국어 아마 녹강인듯?', '녹강인가요? 추가하겟습니다', '부동산은 어떻게 되는것인지.....', '그러게요 아직도 안나오네욤..', '감사합니다 엔젤이여,,,', '아닙니다 ㅠㅡㅠ 국리여러분 모두 수강신청 잘짜자고요!', '감사합니다..']"
박홍서 교수님 중국학입문,"금요일 56 78 상관없는데 드랍하실분 계세요,,?",0,['헉 ! 혹시 하시게 되면 쪽지부탁드려도 될까요-?']
