중국어과 애들아,너넨 중국 좋아해?,0,"['절반이 중국인이란 소문이..', 'ㄹㅇ 수업때 마이크 켜져있고 시끄러우면 중국인이더라 ㅠㅠ', '난 대만 좋아해..', '고마워요 좋아해줘서ㅠㅠ', '좋아하겠냐', '아니 싫어함', '근데 이거 덕분에 먹고산다', 'ㅠㅠ 딜레마임 국제사회의 중국은 싫은데 중국 문화는 좋아함', '아니 공부하면 할수록 더 근거 있게 싫어짐 ㅋㅋ', '아니 중국 공산당 극혐임']"
중국음식문화 과제 있었어?,)...ㅎ?,0,"['?? 언제..?', '저번주 ? 교수님이 금방 수업에서 뭐 요리 하나해서 하는거 그냥 이클에ㅜ안올렸다하지않았어?', '교수님이 걍 애매하다고 과제란 안올리셔서 안하는거 아니였나', '엥 언제..?']"
아니 인철이 형님. 개혁 확 좀 해주세요.,"이 사진 보니까 20년 넘게 임용고시로 프랑스어 독일어 교사
단 한명도 안 뽑았다는데...
대체 왜 유지하는 겁니까!!!!
이미 제2외국어 교육은 중국어 일본어로 전국통일 수준인데..ㅜㅜ

원래 인철형님 성격대로 퐉 개혁하라고요!!!
이제 연임하려고 교수들 눈치 안봐도 되잖아요ㅜㅜ

구성원들 의견들 다 들어주다보면 학교가 산으로 갑니다",36,"['인철이형이 딱 박정희나 이명박 스타일의 리더 같음. 근데 난 조아❤', '나 독프굔데 폐과는 거진 확정났는데 기존 재학생들은 전과라도 시켜줘야 되는거 아니냐.... 밀어붙이는거는 알겠는데 기존 재학생들 피해는 막아야지 왜 하나도 논의가 없냐', '독교 프교를 하고 싶어서 들어온거고 재학생들은 졸업장에 자기 전공 살려서 적어주겠다고 했는데 왜 전과를 하려는거야...?', '그만큼 폐과 된 학과 나오기 싫으신거지...나같아도 그러겠다', '1. 프독교를 선택한거는 맞지만 -> ‘폐과된 프독교’를 선택하진 않았으니깐 2. 너가 사회나가거나 아니면은 앞으로 잔여학기가 꽤나 남았는데 너희 동문들은 더이상 없을 거고, 너가 앞으로 들어야 할 수업들은 인원부족으로 그리고 학과 폐과 명분으로 재대로 운용안되거나 사라진다고 처봐봐 3. 타 학교들도 이런 경우 꽤많은데 전과는 사실상 당연히 해준다고 하더라고 그래서 주변을 봐도 그렇게 해주는게 당연하다고 생각했지', '난 찬성이긴 한데 그러면 지금 독프교 3,4학년 애들 12학기 내로 졸업 가능함...?', '짜피 50학점인데 빡시게 들으면은 4학기내로는 충분히 가능 그리고 교직+ 개 같은 졸시 + 교육봉사 + n개영역 n학점 이수 필수 이런거 다 합치면은 차라리 낫지', '독프교 폐과가 아니라 통합되는거 아니야?', '독일어 프랑스어 중국어 교육과 -> 사실상 폐과 / 외국어교육학부 ->통합된과 만약에 통합이면은 우리도 학적이 변경될수 있게 해야되고 폐과가 아니라고 명명해도 ‘사실상 폐과’인데... 수업 커리도 다바뀌고 행정도 바뀌고 하는건데...', '그렇게 따지면 계열모집하는 대학교는 학교에 학과 전체가 없어진건데ㅋㅋ 외국어교육학부에 프교전공 이렇게 찍히는거고 이름도 남아있는거고...', '1. 그니까 그러면은 우리도 외국어교육학부 - 독일어/프랑스어전공이라고 기존 재학생도 바뀌어야 되는데 그러지 않는다고 못박음 2. 그리고 계열모집은 2학년때 학과가 정해지는데?우리는 2학년에 학과가 계열화된거고 순서가 바뀐거 같은데? 3. 그리고 통합이다 폐과이다를 떠나서 우리의 학적이 새로운 과에 편입이 되는가 or 아예 다르게 학적이 구분되는가에 따라서 학생들 학적 문제가 발생한다 아니다가 결정되는거잖아', '화는 날때로 다 나서 지금은 그렇게 안나는데 사범대가 그당시 얘기한거는 그때 그사람들이고 지금은 우리가 말하는 이 논리로 얘기해야지 ㅋㅋㅋ 얼굴도 모르는 그분들 얘기하면서 너희도 그냥 귀찮으니깐은 폐과된 과로 졸업해라 라고 이야기하는거는 설득력이 떨어지지...', '앗 댓 잘못 달았다 밑에 참고', '너네 그렇게 시켜줄거면 당장 글캠에 있는 아통, 영통도 시켜줬어야지 거긴 당장 21학번부터 신입생도 안받았어', '아통은 21학번 신입생이 없었다는 소리야 융인인가 그거 뭐 하느라.', '다음 총장 후보는 일단 어문 사범은 걸러야된다', '상경계열 그동안 어문교수들 등쌀에 밀려서 성장 못한거 많았을텐데 이번에 상경계열에서 총장 나와서 어문 고인물들 한번 싹 밀었으면 좋겠음', '그래 효율성 좋은데 사회 구미대로 학교 바꿔나가다보면 외대도 결국 아이덴티티 잃을 것 같은 느낌', '아니면 침몰하는 배 붙잡고 현악 4중주나 연주하시던지', '“전하..! 저 서양 오랑캐들과 화의를 하여서는 아니 될 것입니다..!” 그리고 조선은 망했다.', '졸업 시점에서는 4학기는 엄청 긴 거지; 등록금은 또 어쩌고 1,2는 그렇게하고 3,4는 나머지 학점을 대체를 하던지 아무튼 대안이 필요하다는 건 동의']"
20년 동안 프어/독어 임용고시 채용 '0',"2021년 2월자 기사로,
내년에 공립학교에 남아있는 프랑스어 교사는 단 1명.

프랑스어교육과 독일어교육과의 존속이 아직까지 필요한지.
심각하게 고민해봐야 할 시간입니다...ㅜㅜ

기사도 ""마지막 프랑스어, 독일어 수업이 온다"" 죠...
교육과정에서 제2외국어는 중국어, 일본어로 자연스럽게 거의 통일되다시피 했습니다.
이제는... 프교과와 독교과는 보내줘야 할 때가 아닌가 싶네요..

제목에 20년 동안이라 했지만, 20년 넘게 임용고시로 프랑스어/독일어 채용은 없었다고 합니다..",8,"['관련 과는 아닌데 요새 프랑스어랑 독일어가 그렇게까지 쓸모가 없나? 그정도야?', '한국에서 수요가 적은거지 프랑스어는 꽤 중요할걸', 'EU공식언어로 그 위상은 대단하지만, 제2외국어 교육을 위해서는 정말로 입지가 없어지다시피 한 것 같네요...', '그놈의 eu공식 ㅋㅋ', '우리학교 한문선생님이 외대 독일어교육과 출신이셨어! 그분 19년에 은퇴하심ㅠㅠㅠ', '공립도 사립도 기존의 고인물들이 퇴직해야 새로 뽑는 거지.. 저분들이 퇴직하면 또 도는 거야', '저분들 퇴직하고 일본어 중국어 뽑으니까 그동안 티오가 수직하락했겎지', '그 사이에 학령인구 폭발 감소함...', '기사를 읽어보시는게...']"
중국말소리의구조 그러니까 온강도 진행하고 실강도 매주 하신다는 건가요?,ㅎㄷㄷ....? ㅠ 물어보고 싶었는데 뭔가 실례될 거 같아서 안 물어봤는데,0,"['하....', '네 ..', '성적 잘 주시겠죠?', '진짜 노답이네요 하 ㅎ...', '이번주 과제 1/2 둘다 쓰는거죠...?', '실강한단거조?']"
중국몽 실현을,알아서 돕네 ㅁㅊ 진짜 짜증나,0,"['?', '지금 논란되는 드라마랑 ppl 등등 보고 너무 빡쳐서ㅠ 드라마 재밌다고 걍 보다가 나중에 후손들한테는 저게 동북공정의 증거처럼 될 수도 있으니까', '어떤드라마가??', '조선구마사! 근데 이 작가가 얼마전에도 철인왕후 라는 드라마를 쓴 작간데 이때도 문화왜곡 논란이 있었어. 그때도 그런 논란 불구하고 시청률이 꽤 높게 나오기도 했고... 이거 말고도 여신강림이나 그 송중기 나오는 드라마는 ppl 문제가 있음']"
사범대 사가 관련 팩트 정리.txt,"[2014년]
- 불어, 독어 교육 임용TO 줄어듬에 따라 외국어교육을 중점으로 하는 외대 사범대의 인기가 처지기 시작. 이에 학교는 사범대학 통폐합을 위한 가안을 먼저 이사회에 제출한 뒤 승인을 얻어내고 발표는 그로부터 3일 뒤에 해버리는 졸속행정을 저지름. (자유전공학부 폐과하고 LD학부 만들 때 워낙 큰 반대를 겪어서 이렇게 한 것으로 추정됨)

<학교에서 내건 통폐합안>
각 25명인 프교와 독교에서 각 5명씩, 그리고 영어교육과에서 5명씩 인원을 감축해 중국어교육 전공을 신설하고, 프랑스어교육전공, 독일어교육전공, 신설될 중국어교육전공을 통합해 '제2외국어교육학부'를 만드는 것

- 이에 사범대 학생회에서는 ‘일방적인 구조조정 반대’, ‘사범대 학생들의 요구안 수용’ 등을 주장하며 학교 정문, 교내, 전체 교수 회의실 등에서 침묵 피케팅을 진행함
-> 이 때 흔히 사범대 학생회가 반발한 이유가 '일방적 사안 진행'에 있다고 알려져 있으나, 사실 더 근본적인 원인은 전공격하 자체에 반대했기 때문임
: 당시 사범대장 인터뷰
“당장 학교가 일방적으로 이번 사안을 진행했기 때문에 이를 반대해야 하는 이유도 있겠지만, 가장 먼저 학과 존속을 해야 했기 때문에 시위를 진행한 것입니다. 시위가 대화, 소통의 수단까지는 아니더라도 학교가 저희에게 반응할만한 역할은 해 주었던 것 같습니다”


- 사범대가 반발하자 학교 측에서는 ‘학과별 정원이 20명 미만이라 학과 유지엔 너무 적은 수’라며 ‘사범대학 내부에서 각 학과의 입학정원을 줄여 중국어교육학과의 정원 20명을 맞추면 각 학과 존속을 약속하겠다.’고 밝힘
-> 이에 사범대학 학생들과 교수진이 자체 회의를 거쳐 프교, 독교, 영교, 한교에서 각각 5명의 인원 감축안을 도출해 학교 측에 각 학과 유지를 요구
-> 그러나 학교 측은 높은 입시 결과를 자랑하는 한국어교육학과와 영어교육학과의 정원 감축은 불가능하다는 이유로 이 요구를 받아들이지 않았음

[2015년]
- 결국 학교 측은 중국어교육과 17명에 프교, 독교에서도 5명을 감축한 20명을 정원으로 하기로 마무리.

[2020년]
교원양성기관 역량진단(교원양성진단평가와는 다른 평가이니 주의!!!)가 진행됨. 중국어교육과는 신설이라 제외됐고 영교, 한교, 프교, 독교 대상으로 평가가 진행된 결과 우리가 아는 그 충격적인 결과인 C등급이 떠버림.
4-5개 중 하나, 혹은 인서울 중 혼자 C등급 이런 게 아니라 전국 사범대 중 혼자 최하 등급인 C등급(!!!)에 해당해 더 충격적.

참고로 이 등급산출은
△교육여건(350점) △교육과정(500점) △성과(150점) 도합 1000점 만점으로 산출됨.
-> 주요 감점 항목 및 영역은 수업 규모의 적절성이나 재학생 만족도 등이었다고 함.
평가지표는 1년 전에 미리 알려줬지만 상세 배점 내역은 끝까지 드러나지 않았는데, 이 때문에 사범대에서는 상당히 당황한 것으로 보임

<TV조선 기사>
'행정지원의 충실성' 부분에서 한국외대는 20점 만점인 정량평가에서는 만점을 받았지만, 10점 만점인 정성 평가는 5.8점을 받았고, 40점이 걸린 '역량 제고 노력' 항목에서도 정량평가는 10점 만점을 받았지만, 정성평가에 30점 만점 중 17.3점을 받았다. 김태영 한국외대 사범대학장은 “각 대학마다 항목별로 잘한 부분, 부족한 부분이 있을 수 있는데, 우리의 경우 정성 평가의 모든 항목에서 56%~68% 점수가 나온 것이 이해가 되지 않는다”며 “무엇이 부족했던 것인지, 감점 요인이 무엇인지에 대한 기준도 알려주지 않아 더욱 납득하기 힘들다”고 말했다.

- 사범대는 교육부에 이의제기 서한을 보냈으나, 일부만 받아들여졌을 뿐 C등급이라는 결과 자체에는 변화가 없었음.
-> 사범대를 계속 끌고 가기 위해서는 C등급 결과에 따라 입학정원 중 30%에 해당하는 30명의 인원감축 필요

- 사범대학 기초 회의에서는 입학 정원을 유지하기 위해 ‘사범대학’이 아닌 ‘사범대학 미설치대학’으로 변경하는, 사실상 사범대를 폐지하는 결정이 내려졌으나, 막판 학과장 회의에서 영어교육과가 강력하게 반대함으로 인해 무산됨.

- 중국어교육과는 신설 학과라서 이 모든 사단과 관련이 거의 없었지만, 사범대 구성원들을 위해 '도의적인 책임을 지고' 대승적 차원에서 대책 마련을 돕겠다는 입장을 표명

- 사범대 내에서도 의견이 왔다갔다하자 결국 김인철 총장은 3개의 최후통첩안을 날림
ⅰ. 2020년 12월 말까지 사범대학 차원의 자체 개혁안을 마련
ⅱ. 5개 전공 유지는 가능하지만, 5개 학과 체제 유지는 불가
ⅲ. 감축되는 입학 정원 30명에 대한 운영 및 관리는 사범대학이 주관

[2021년]
- 우리가 아는 '외국어교육학부'로의 체제 변경이 이루어짐.(융합심리교육학부 신설은 공지가 올라왔다가 내려갔으므로 지켜봐야 됨) 사범대 학생회는 또 한번 의견수렴 없이 이루어진 학칙개정을 비판하는 성명을 게재.




<개인적 평가>
- 사범대 C등급은 근본적으로 그 원인이 교육과정과 교육여건에 미비했던 학교 측에 있으나, 사범대의 존속주의에 책임이 아주 없다고 보기도 힘듬.
- 번번이 구성원 의견 수렴 없이 넘어갔다는 사실이 제일 크게 비판받아야겠으나, 하려면 아예 강단있게 처리하지 못하고 이리 가고 저리 가다 이 사태를 만든 학교의 미온적인 태도에도 속이 터짐",20,"['뱁새 아니고 흰머리오목눈이. 뱁새는 붉은머리오목눈이의 이명이고 둘은 다른 새임', '수정함', 'ㄱㅅㄱㅅ', '난 c등급이라 해서 그냥 몇몇학교 중 하나에 속했구나 생각했는데 전국 유일 최하위라는거 오늘 처음 알음.. 상황 심각한데..', '나 몰라서 그런데 얼마전에 막 심리교육 얘기나오고 그랬잖아 그거 이미 프독교 없애고 그 인원+알파 해서 만들기로 결정난거 아니었음? 그거랑 이거랑 다른 얘긴가...?', '그런데 도대체 왜 C등급이 뜬 건지 잘 모르겠다 아니 외대 커리큘럼이 그렇게 별로야...?', '어....사대생인데 개별로..', '진짜? 혹시 어떻게 별로인지 말해줄 수 있어...? 나는 사대생이 아니라 막연히 외대 하면 엄청 좋을 거라 생각했어...!', '와...그럼 학교 측에서는 이 지경이 될 때까지 뭘 한거야? 솔직히 외대 정도의 인프라면 대회도 열고 이것저것 할 수 있을 거라 생각하는데ㅠㅠ', '음 나도 사대생인데 언어 커리큘럼 자체는 진짜 좋은데 교직쪽이 별로야,,', '대회나 행사를 사대차원에서 자체 진행하긴 했지 학교가 신경쓰진 않았지만', '애초에 만들어진게 아녔어 지금 감축해서 빼낸 인원을 모을만한 무언가가 필요한 건 맞는데 심리 그것도 그냥 그 공지에서 처음 등장한 말이었어 원래 선택지가 뭐얐는지 지금 논의가 어떻게 되고 있는지 학교만 앎', '헐 뭐야 그럼 심리어쩌고는 확정이나 계획이 아니라 아이디어 중 하나? 이런거야?', '몰라 .... 나는 일개 사범대학생인데 따로 과 하나 만들어서 인원모은다고 까지만 알고있었고 그 공지에서 처음 봤어 그 과 커리큘럼이나 교수진도 모르고 .. 그만큼 확정된게 아녔나봐 공지에 사라졌다니.. 이젠 모르겠다', '와 유일한 c등급ㅋㅋㅋㅋㅋㅋㅋㅋㅋ 존나 부끄럽다', '좋은 글', '주요 감점 항목 및 영역은 수업 규모의 적절성이나 재학생 만족도 등이었다고 함. <<- 이 부분에서 공식적인 입장으로 재학생 만족도가 주요 감점 항목이라고 말하는 것도 솔직히 이해안된다. 1000점 만점인 시험에서 c등급 컷트라인이 600점만 넘기면 되는거고, 평가에서 재학생 만족도가 차지하는 비율은 40점 밖에 안됨 40점 다깎여도 다른데서 학교 지원이 미흡했던 탓에 350점 넘도록 까인건데 굳이 재학생 만족도 들먹이는건 학교뿐만 아니라 학생에게도 책임있다고 떠넘기는 거 같음 (글쓴이한테 뭐라 하는 거 아님)', '재학생 만족도가 낮으면 재학생탓이 아니라 교수랑 강의 탓 아니야 ? 웃기다', '프교 독교 없애고 영한중일교로 가는게 낫지 않나?? 일교는 인서울에 건대 밖에 없대매', '서울에 이미 건대일교 있어서 신설 안될걸', '왜 신설이 안되는지 혹시 설명 ㄱㄴ??', '일교를 굳이 만든다고? 건대밖에 없는 이유가 있지 않을까...??', '중교랑 일교 둘 중에 하나만 있어야 하고 둘 다 있는 게 안 되는 걸로 알고 있음', '유일한 c등급.. 창피하다', '저 장은영 교수님 사과문 멋지다 근데 글에 나와있는 다른 사범대 교수들의 태도와 행동으로 봤을때 장 교수님의 사과문 게재도 사범내 내부에서 엄청 안좋게 볼 것 같아서 걱정됨', '중교과는 사범대 C등급 평가에 포함 안된건데 돌맞은격..... 중교 학과장님도 참 마음고생 많이 하셨음 ㅠ ㅠ.....', '그냥 사범대에서 3년 동안있었는데 개노답이었다 ㄹㅇ 교수들도 아무런 대책도 노력도 커리큘럼의 변화도 없었고 애들한테도 취업인지 임용인지 확실하게 가이드 라인을 줄 환경도 안됬음 사대 폐쇄적인 분위기도 이번 결과에 한몫했다고 봄 비단 학생뿐만 아니라 교수들도 그냥 ‘사범대에 갇힌 인간군’ 같았음 바깥이 어째 돌아가든 교수들은 ‘애들 임용 자격증만 주면 되는거 아닌가’ 학생들은 ‘ ㅈ같아도 임용자격증만 받으면 된다’ 이러니 개선이라는게 하나도 없었음 사범대 사람으로 개 화나는 거는 6-7년 전에도 데자뷰 2년전에 사범대 역량평가 하는 것 알았지만 안일하게 대처한 것도 데자뷰 ‘사범대가 대안 만들어봐라’ 총장이 말해도 그저 지과 정원 안뺏길려고 싸우고 끝나고 신설학부 논의 일도 안하고 넋놓고 앉아있는거 ( 사범대 학생회도 솔직히 계속 규탄 밖에 안했지 대안이라는게 없었음 그저 반대를 위한 반대인 것 같았음)', '프교 독교 20명 아니라 18명으로 감축일껄']"
"진짜 중국자본, 중국 컨텐츠 경계해야됨",이러다가 대만처럼 잠식당하는거 한순간임 ㄹㅇ,3,['ㅇㅋ']
홍콩 민주화 운동때,총학 중국 대사관 갔었음?,0,[]
이번에 외국어교육학부 진짜 잘 합친 이유!! ㄹㅇㄹㅇ,"“중경외시 죽어도 가려면 외대 낮은과 엄청 많으니까 가면 되잖어”
“엌ㅋㅋ 그런 학과들 왜감”

이 대화는 내가 고딩때 실제로 들은 대화임..
(그때는 학과명도 막 말하면서 얘기했지만 학과명 말하진 않겠음)
비인기 학과들이 많은 외대..
학과제 모집으로 온갖 굴욕 다 당하던 외대가 학부제 모집 시작...

외국어교육학부 -> 중교, 독교, 프교
들어와서 1-1한 이후 전부 2학기에 학과배정
1학기엔 필수교양들 많이 듣게할듯
입결표에도 늘어지는게 조금 줄어들듯

이러면 학과내에서 중국어교육으로 가기위해서는 학점을 잘 따야하므로 학생들 실력도 배양될것 같음ㅇㅇ

학부제의 장점은 많음ㅇㅇ
어차피 외대 비인기학과 1지망으로 오는 학생들 드무니까 학부제 모집하면 일부라도 적성 따라 보낼수도 있고..
1-1을 날려보내지 않고 알차게 보낸다는 점도 있고..
다양한 사람들을 만나면서 폐쇄적인 학과 중심 문화에 빠지지 않게 되고..
융합형 인재 양성에도 도움이 된다고 봄..

이걸 필두로 잘 해봤으면...",25,"['스트레스 많이 받겠다 ㅠ 애들', '이미 성대나 중대 이대는 전부 하고있는것ㅇㅇ 스트레스 안 받으면서 학교 망하는것보다 100배 나음', '교육청 지시일거다', '이 학교는 개혁의지 거의 없엌ㅋㅋ', 'ㄴㄴ 서양어 아언문 통합모집은 학교에서도 하려는데 해당 학과 교수들이 싫어해서 지금 의견분분한거임', '교수들이 반대하는 이유는 뭐래? 진짜 답답하네 언어학과 노땅 교수들 에휴', '학과비하는아냐 미안)) 학과제하는순간 독,프,스 빼고 정원 싹 미달임.. 동양어는 베어 마인빼고 기피과. 떨어져서가는 과가될거고 . 꼰대교수들 자존심에 그게 허락할까', '일본어대학은 학과제모집 괜찮아보임. 2학년때 융지,언문으로 나눠지고. 1학년땐 커리다른게 전혀없거든', '이미 성대 중대 이대도 하고 있음ㅇㅇ 서울대도 학부제임', '서울대도 인문대는 세부전공으로 나눔!', '인도어과도 기피과임?', '아랍어과가 기피과라고?', '융지랑 언문 나눠진지 10년도 안됐는데 왜 합쳐 ㅋㅋㅋㅋㅋ', 'ㄴㄴ 입학할때부터 전공선택하게한다는 안도 있었어서 확실하지않음', '그게 중대가 하고있는 방식인데 좋기도함', '한쪽으로 몰리지 않을까?', '그 ###어과는 거의 대부분 아시아 대학임... 중국 독일어 프랑스는 선진국 이미지 있어서 괜찮아 선호도..', '아시아언어문화학부 이름자체는 간지인데ㅋㅋ', '동양어대가 훨씬 나음..서양어도 바꾸거던가 동양어대만 비대칭으로 바꾸면 어쩌자는겨', '우리나라가 동양인데 동양어과 그러면 이상하지않을까? 아무래도 같은동양인인데 일본어학과, 중국어학과 이런식이 나을것같은데', ""동양어대안에 흔히 우리가 생각하는 '동양'인 몽골어나 베트남어, 마인어 등등도 있지만 터키 아제르바이잔어, 페르시아어들도 있었음. 근데 동양어대라는 말로 이런 언어들을 포괄하기에는 무리가 있음.애초에 동/서양 나눠진게 지나치게 서구문명 중심이기도 하고.."", '익명3//아대에서 바꿀때 서대도 바꾸는 거 어떻냐고 의견 보냈는데 서대에서 씹음', '그거 했다가 전공 ㅈ망 걸려서 반수하는 사람 개많았는데 다시 바뀜?', '다른과들도 그런거 했으면......좀 간소화할 필요가 있는거같아.. 교수들이 자꾸 반대하는거 해결안되나;', '사범대임? 잘모르는 것 같은데 실정은', 'ㅋㅋㅋㅋㅋ 너 비사범대구나 사범대실정을 모르네', '사범대 실정이 뭔데?', '기본적으로 이수해야하는 전공학점이 일반과에 비해 많음 + 보통 교생나가는 4학년에는 수업을 빠지게되기 때문에 상대적으로 전공을 저학년에 많이들음 = 교직/교양학점을 더 남겨두게됨 + 이중을 고려하는 사람들은 이중 전공학점도 고려해야함> 이렇게 하려면 전공을 1학년 1학기때 아무리적어도 3개 이상 들어야 하는데 전공을 미설정해둔 상태로 1학년 2학기에 가서 기초부터 듣는다...?ㅋㅋㅋㅋㅋㅋㅋ 안그래도 사범대 학생수에 비해 수업이 부족한 상탠데 수강신청 실패로 수업 놓치면? 입결에는 좋겠지 선택권이 넓어진다는게 장점이니까... 근데 들어와서는?', '그리고 애초 부터 모집할때 과라는 ㅇ름 대신 ‘외국어교육학부 -00어 트랙’이런 식으로 들어감 그리고 진짜 수업 별로 없는거는 큰 문제임 문제제기가 너무 없어서 부각이 안되는 것일뿐 너무 수업 없어서 교직이 없어서 졸업이 힘들고 졸업요건을 맞추기가 힘든데 그에 준하는 인프라가 하나도 없음 보면은', '이거 진짜 개공감..... 커리큘럼이 문제임. 사범대는 교생때문에+교직수업도 몇개없고.... 1학년때 전공을 하나도 안듣는다? 너무 끔찍함...총체적 난국일텐데. 나 저기 중프독중에 한 과 인데 1학년때 전공못들었다고 가정하고 시뮬레이션 돌리면 절대 졸업 제때 못함.ㅋㅋㅋㅋㅋㅋㅋㅋㅋㅋㅋㅋ 애초에 수업도 몇개없고... 교직수강신청 경쟁률도 빡센데', '아마 1-1 때부터 한다는 말도 있고 그럼ㅇㅇ 그리고 한학기 이수학점 늘리고 그러지 않을까', '비사범대 볼 것도 없이 확실함', '사범대 알지도 못하면 글쓰지말라? 이거 딱 집권세력 아니면 정권에 대해서 얘기하지말라. 이거 아니야? 지금 나온 팩트는, 사범대가 전국에서 최하급의 등급을 받았고 그 여파로 30% 감축이라는 치욕적인 결과를 받아들었고, 이 일로 커뮤니티에서 외대는 엄청 까였고. 안 그래도 입결도 낮고. 그러니까 프교 독교 폐과하자 했더니 그건 싫다하고, 그래서 지금 이렇게 이어진거 아니야? 마음 같아서는 프교 독교 다 폐지시키고 사범대 다 근본부터 고치는게 맞다고 생각하는데. 전국 최하급 등급을 받을때까지 사범대는 뭘 한건지 묻고싶다.', '통합모집할꺼면 수시도 성대수시처럼 단과대 모집하고 1-2때 수시 정시 다 언어 선택하게 해야함 안그러면 수시러들은 1-1때 언어 배우는데 1-2때 언어 확정받은 정시러들 언어 못따라가서 반수함', 'ㅇㅈ', '광역화 15인데 2학기 때 학과 들어가니까 나는 글자 떠듬떠듬 외우는데 수시 애들은 12월에 입학 확정짓고 방학 기초 + 1학기 공부해놓고 벌써 대화문 공부들어가는 애들이 절반이더라 ㅋㅋㅋㅋㅋ 결국 반수로 정시생 세명 런함', '과 ㅈㄴ 많고 반영비도 획일적이니 매년 빵꾸뚫려서 외대 오고 싶은 애들 대규모로 구제해주지... 낮은 인풋이 꾸준하게 들어오면 아웃풋에도 타격 갈 수밖에 없음 통합모집 할 수 있는 곳은 통합모집하고 반영비도 고쳐야 함', '그때는 수시만 확정된채로 먼저 진도나가서 욕처먹은거']"
우한폐렴이니 명칭논란은 이중잣대 때문임,"WHO 권고도 권고고 과학적 사실관계(폐렴은 여러 증상 중 하나)도 그렇고 나도 코로나-19가 더 정확한 명칭은 맞다고 생각함

근데 한국에서 초기에 우한폐럼이라는 명칭 쓰지 말라고 강하게 주장하시던 분들, 우한폐렴이라는 말 쓰는게 혐오라고 주장하시던 분들이 언제부터 그렇게 외국인 혐오, 제노포비아 신경쓰셨던 분들이었는지?? ㅋㅋㅋㅋ

토착왜구라는 말은 잘도 쓰고 넷상이 아니라 국회의원,청와대 관계자들이 직접 대놓고 쓰면서 우한폐렴은 혐오용어니까 쓰지 말라?
최소한 우한폐렴이라는 용어는 SARS-COV-2, COVID-19 이라는 공식 명칭이 생기기 전에는 전세계 미디어에서 광범위하게 쓰였고, 혐오나 정치적 선동을 목적으로 생긴 말도 아닌데비해 토착왜구야 말로 노골적으로 인종주의적, 혐오 표현이고 미국 같았으면 당장 고소 들어오고 인종주의자 낙인 찍혔을 용언데 누구를 상대로는 혐오 표현 즐겨쓰고 공적 자리에서까지 쓰고 정치적으로 잘만 이용해먹으면서 ""그 나라""와 관련되면 인권감수성이 폭발하니까 거부감이 안들수가 있음?

좀 더 거슬러 올라가면 미국인들,미군들보고 양키고홈이니 코쟁이니 고리짝부터 제노포비아적 용어 즐겨쓰시던 분들, 넷상에서 쪽바리 왜구 운운하던 사람들이 특정 국가 관련돼서는 급발진하면서 인권투사,인류애 열사 되시는게 킬포지ㅋㅋ

참고로 덧붙이자면 나는 대상이 누구든 인종주의, 혐오표현은 쓰면 안된다고 생각하고 중국인들을 향해서도 노골적인 혐오표현은 안하는게 맞다고 보니까 시비X",4,[]
ㅋㅋㅋ억만년만에 김치워리어 검색했는데,"진짜 비주얼 감당안된다 ㅋㅋㅋㅋ
그래도이번에 중국산고추가루 이슈도 다루고 근 10년동안 김치 원툴로 영상만들면서 홍보하는 근성보면 참 대단해",1,[]
중국문명과 세계문명,듣는 사람 매주 퀴즈 얼마만큼 써서 내?,0,"['피피티 자료있는거 그대로 씀 한두줄?', '오 다행이다 나도 그렇게 해', '알려줘서 고마워 !!!!!', '아냐 ㅎㅎ 근데 교수님 녹강 화면 엄청 어둡지 않아?? 나만 그런가 ..', '나도 그래ㅜ 그래서 교수님께 메일 드려볼까 하다가 이미 14주까지 영상 다 올려놓으셨길래 안 드렸어 ....', '똑같구나 ㅋㅋㅋㅋ 나도 메일 드려볼까 하다가 이미 다 찍어놓으셔서 포기했어...']"
스트레스 받아,"일본도 싫고 중국도 싫고
미국에서 우후죽순으로 동양인들 사고 당하는 것도 싫고

그냥 검은 머리 동양 국가 셋이 같이 붙어서 우린 그 사이에 낑겨가지고 이리 치이고 저리 치이고 이와중에 서양인들 개 무식한 소리 개 쌉소리에 맞서 싸우지도 못하고 당하고만 사는 것 같아서 열불나서 미칠 것 같아.
어떻게 해야해 얘들아.. 너무 화나..
뉴스보면 그냥 화 나다 못해 억울해",1,[]
초중회 드랍할까 말까...?,내가 중국어를 엄청 잘하는 편도 아니고 원어수업인줄 모르고 신청해서 반정도 못알아 듣는데 어떡하지ㅠㅠ 이거 드랍하면 17학점임..,0,"['yo 이미 드랍한 사람 여깃지요', '스트레스 안받으면 냅두고 스트레스 ㅈㄴ 받는다싶으면 걍 드랍하고 빡세게 공부해서 2학기때 들어', '나도 그냥 드랍하고 이학년레 다시 들을까?ㅠㅠ 못알아먹어서 너무 스트레스 받어..', '오키ㅠㅠ', '나는 진짜 심장 두근댈정도로 그 상황을 못버티겠어서 걍 드랍함.. 초중회 정정기간 때 드랍율 ㅈㄴ 높앗어', '근데 넌 이번학기에 몇학점 들어??', '나 지금은 20인데 내일 교양 하나 드랍할거라 18!!', '이거 드랍하면 17되서 좀 그렇긴한데 이학기때 더 열심히 해야것다ㅠㅠ', '사실 대면이면 걍 참고 들엇을수잇는데 비대면이라 더 부담스러운거가태...ㅋㅋㅋㅋㅋ', '수업내용을 못 알아 듣는거야?ㅜㅜ', '대충은 알아들어.. 근데 계속 질문하시는데 그땨마다 심장떨리고 대답못할 때도 많고ㅠㅠ', '심장떨리는건 모든 사람들 다 그럴걸..?ㅠㅜ이게 비대면이라 더 그런듯..', '그건 인정 ㅠㅠ 그냥 참고 들어야되나..', '그리고 이 교수님 하라는거만 다 하면 성적 잘 주셔서! 절평일때 듣는거 나쁘지 않은거같아', '혹시 이번학기에 이수업 들어??', '응!!', '그럼 그 교수님이 본문 쓰라고 한과제 어딘지 좀 알려줄수있어?ㅠㅠ 메일로 보내는거 맞는거지?', '절평때 웬만하면 참고들으셈 차피 회화는 들어야됨', '지금 일학년인데 드랍하고 이학년때 듣는건 별론가...? 올해 hsk4급까지 따 놓을려고 하거든..', '이학년때도 두근대는건 마찬가지 ㅠㅠ ㄱ래도 반정도 알아듣는거면 절평일때 듣는거 추천해요 학점 진짜 잘주세요!', '1-1에 17학점이면 진짜 걱정 안 해도 되는데 위에 댓글 두개 따봉 누르고 감. -지나가던 중언문 4학년-', '네😭 그래서 듣기로 마음먹었습니다ㅠㅠ', '파이팅 새내기👍❤', '넵😊😊']"
음..,중국어대 중언문 수업 모르겟어,0,"['어떤거?', '코딩 수업 억지로 만들라면 제대로 만들어야지 수업 퀄리티 개노답이네', '4학년 수업말하는거야?', '드랍했는데 강의계획서 내용이랑 너무 다름', 'ㅋㅋㅋㅋㅋㅋㅋㅋㅋㅋㅋ 나 진짜 궁금해서 그런데 중언문 졸업하면 뭐 해야해??', '이중 상경 해야지~ 전공은 교양처럼 듣고', '진짜 내가 왜 여기 들어왓는지 모르겟어 너무 혼란스러워...', '뭐배우는지....', 'ㅎㅇㅌ이다', '졸업하면 뭐해야해?']"
기초중국어 백지훈 교수님,쓰기 과제 주의사항 같은 거 있었나요??ㅠㅠㅠ,0,[]
갑자기 생각난건데.. 외대 간지나는듯..?,"그냥 문득 드는 생각인데...
한국외국어대학교 영어과/중국어과/일본어과/스페인어과 등등..
생각하면 뭔가 멋있지 않아?
한국을 대표하는 어문학도들이 모인 느낌..
한국에서 제일 전문적인 어문학도들이 모인 느낌..


글 내용과는 별개로 나는 어문전공이긴 하지만, 어문만으로는 절대 학교가 더 오를수 없다는데에 동의함!
어문+alpha 식으로 LD LT 같은 학과들을 다수 만들어내어야, 특히 외대 특징을 살려 융합해서 상경관련 여러 유망한 과들을 만들어내야 외대가 더 성장할 수 있다고 믿음..!
단위별 통합모집도 하고!",4,"['외대뽕 차오르뉴', '가슴이 웅장해진다..']"
최은경 교수님 수업,중국학개론 출첵되는거 맞나요? 출석빠진적이 없는데 출첵이 ㅈ금까지 한번도 안되어있네요,0,[]
나 전부터 궁금했는데,"각 나라별 텍스트 웃음소리 좀 알려줘
내가 아는 건

한국어는 ㅋㅋㅋ
중국어는 哈哈哈
일본어는 www 혹은 笑
태국어는 555

정도임",0,"['Jajajaja 🇪🇸', 'Lol은 여기도 껴주나?', '프랑스어 mdr', '마인어 wkwkwkwkwkwkwkwk', '일본어 www는 이제 한국에 있는 즐 급으로 사이버늙은이들만 쓴다던데', '내 친구 여전히 그거 쓰던데', 'www는 쓰는 애들은 씀. 笑를 더 많이 쓰는것 같기는 하지만.', '엥 전혀아님 걍 사람마다다름', '영국은 kkkkk이러더라', '프랑스어 번외 ptdr도 있음']"
20학번 동시합격시 선택 정리,"코핌이 올린 자료 기준임ㅇㅇ
우리학교 비인기어문이 경희 시립 하위과에도 많이 뺏기는 상황이긴한데...
그래서 단위별 통합모집이 꼭 필요하다고는 보는데...

일단 건대랑만 정리해보면 이럼.

외대 터키어 / 건대 경영학과 = 외대 터키어과 등록
외대 베트남어 / 건대 경영학과 = 외대 베트남어과 등록
외대 네덜란드어 / 건대 국제무역학과 = 외대 네덜란드 등록
외대 경영 / 건대 기술경영 = 외대 경영 등록
외대 경영 / 건대 미디어 (3명) = 3명 전원 외대 경영 등록
외대 ELLT / 건대 교육공학 = 외대 ELLT 등록
외대 경제 / 건대 미디어 = 외대 경제 등록
외대 스페인어 / 건대 기술경영 = 외대 스페인어 등록
외대 영미문화 / 건대 기술경영 = 외대 영미문화 등록
외대 인도어 / 건대 행정 = 외대 인도어 등록
외대 중국어교육 / 건대 영문 = 외대 중교 등록
외대 태국어 / 건대 영문 = 외대 태국어 등록
외대 프랑스어 / 건대 국제무역 = 외대 프랑스어 등록

외대 ELLT / 건대 부동산 = 건대 부동산 등록

15:1임..
21학번은 알다시피 28:1이고...
흠...",1,"['건대랑 왜 비교함?? 건대는 애초에 생각도 안함', 'ㅇㅈ 건대련들은 우리가 쳐다도 안 보는데 지들이 지롤하는 거 밑에서 발악하는 개미랄까 ㄹㅇ ㅋㅋ', '반수할 건데 건대가 전장 줘서 간 걸로 앎', '장학금 줘서 간거임 반수생이야', '그건 21학번 아니야?', '맞아 걘 21학번이야 글고 걘 엘트가 아니라 터키어과임 쟨 그냥 건대간거 맞음']"
영어대 vs 중국어대 vs 일본어대 향후 전망 어케됨?,"물론 미국 압승이긴 한데
영어는 다 잘하니까 바뀔수도 있음?",0,"['영어대는 간판과라 몰락까진 아닐듯 중국어랑 일본어는 모르겟음', '아 우리학교 말구 전반적으로!', '어문은 다 몰락할듯', '??? 아마 인구줄면 어문이 다시 오를 날도 올것 같긴한데', '근데 또 인식은 그렇지 않더라고ㅜㅜ', '외대 영어버리고 경희대 영문가는 애들도 있는거보면 서서히...', '내 말이 ㅋㅋㅋ 이런애들 생기는 걸로 봐서 앞으로는 외대어문도 인식 ㅆㅎㅌㅊ될듯', '솔직히 지금 외대생들 중에서도 ""왜 중앙대 영문, 경희대 영문 말고 외대 영어대를 가야 해요?""라고 물어봤을 때 대답할 수 있는 사람은 극소수일걸?', '커리큘럼면에서 되게 만족하고 있는데...중앙 경희면 네임벨류 차이도 얼마 안나고', '난 오히려 중국어대가 전망 좋다고 생각했음. 영어는 요즘 어딜가나 필수이고 다들 잘한다는 베이스를 깔고 있으니까 인구도 많고 우리나라랑 계속 연관되는 중국어가 전망이 좋다고 생각함', '한국사람인 이상 영중일은 배워서 손해볼 일이 없음', '외대에서 영중일을 본전공으로 삼고 제대로 익힌 후, 이중전공으로 별도의 전문성을 확보한다면 취업시장에서 충분히 경쟁령 있는 인재로 거듭날 수 있습니다~', '외대 어문은 커리큘럼도 실용성을 추구하고, 외대의 네임벨류 역시 어문 전공자에게 큰 플러스임 ㅇㅇ 물론 이 모든 것의 전제는 제대로 배우고, 잘할 수 있어야 된다는 거']"
중국말소리의구조,이번 주에 과제가 있었나요?? 녹화강의에서 과제 관련한 말씀은 안하신 것 같은데...,0,"['지금 무슨 공지 떴어요', '혹시 어떤 파트 녹음해야되는지 알 수 있을까요ㅜㅠ', '본문1.2 중에 1이요 이건 실시간에서 말씀하셨는데.. 근데 저도 파일명칭틀렸대요 아무런 공지없길래 걍 녹음해서 냈는데.. 참...', '정말 감사합니다...', '혹시 그러면 강의 안에서 숙제 공지 못보신가죠..? 전 실시간에서 말씀하시는거 듣고 한거라.. 파일명은 대체 뭐라고 해야하는질 몰겠네요', '실시간 강의때 과제 공지는 놓쳤나봐요...잠깐 연결이 끊겨서 다시 들어왔었는데ㅜㅜ 알려주셔서 감사해요', '혹시 .. 메일보내시면서 실시간 강의에서 연결이 끊겨서 못들었으니 이클래스로 공지 한 번 더 내달라는 말 부탁드려도 될까요...? 이번주는 왜 공지 안올리신건지 ㅠㅠㅠㅠㅠ', '네 방금 메일 보냈습니다!! 과제 공지 없어서 없는줄 알았는데...미제출 1회까지는 괜찮겠죠...?ㅜㅠㅡㅜ', '절평이니가 괜찮겠죠 ㅠㅠㅠㅠㅠ 이번주 과제부터 열심히합시다🥺🥺', '동영상 맨뒤 슬라이드에 과제 안내 있었어요', '언제까지 파일명 뭐로 해서 내라고... 课文阅读1 2 슬라이드 바로뒤에요ㅜㅜ', '헐 진짜네요......... 그냥 읽어주는건가 하고 껐는데...ㅎㅎ', '그 슬라이드가 진짜 몇초? 끝에 나와가지고 저도 못볼뻔했어요 ㅋㅋㅋㅋㅋㅋㅋ']"
나 중국인 선생님이랑 가로수길에서 밥 먹기로 했는뒈...,"혹시 추천해줄 곳 있어???
울 쌤 분위기 좋은 곳에서 사진찍는거 진짜 좋아하시거든
한번도 가로수길 안가보셨다 해서 같이 가볼라 하는데 나는 라공방밖에 안가봐서 ㅠㅠ 도와줭....",0,"['인딕 슬로우! 커리 집인데 구석이라 사람도 없고 작고 조용해', '카페는 메종키츠네카페 ㄱㅊ은듯', '다들 고마웡♡♡♡♡♡']"
중언문 트래도스 중국어,시험 어떻게 보나요??,0,[]
조선족에서 조선이라는 이름 빼야 될 듯,뼛속까지 중국인인데,0,[]
오르비에 올라온 '외대생들께 드리는 글',"출처: http://naver.me/57wvN3Ki

너무 잘 쓰셔서 에타에 공유합니다!!
*원글쓴이님 이런 글 써주셔서 감사합니다. 저희 외대생들은 더욱 정진하겠습니다!


외대생분들께 드리는 글이므로 에타에 쓰려고 했으나, 분 단위로 수십 개의 글이 올라오는 에브리타임의 특성상 제 글이 전달되지 못할 확률이 크기 때문에, 그리고 어차피 오르비에 계시는 외대생분들께 드리는 말씀이므로 오르비에 글을 적습니다.

2010년대 들어 외대 입결이 떨어졌다고들 합니다.
그래서 그런지 한탄하는 외대 재학생들이 계신 것 같습니다.

(제 말투가 워낙 딱딱하고, 또 글을 뱅뱅 돌려서 쓰는 타입이라, 제 글이 잘 와닿지 않거나 공격적으로 읽힐 수도 있습니다.

그러나 그런 의도는 아니고, 그저 ""위로""하기 위함이라고만 생각해 주세요.)

시작하며, 객관적으로 외대 입결은 떨어진 게 맞습니다. 제가 예전 입결을 찾아봤을 때, (정말로 깜짝 놀랐습니다.) 문과에선 말 그대로 ""서연고외""였거든요.
분명히 떨어진 거죠.
그런데 묻고 싶습니다. ""그래서 그게 어떻다는 거죠?""

아마 이런 대답이 나오지 않을까 싶습니다.
""아니 훌리들땜에 중경외시로 강등된 것도 억울한데 입결이 떨어지고 있으니 억울한 게 당연한 거 아닌가요?""

이렇게 말해주고 싶습니다. ""그래서 그게 왜 문제인 거죠?""

입결이 떨어졌습니다. 극단적으로 한서삼외가 되었다고 칩시다.그러면 뭐가 문제인 거죠?
본인 학교가 훌리들의 공격대상이 되는 게?
그래서 수갤이나 오르비에서 까이는 게?
그게 문제인가요?
(그리고 수갤 오르비에 이과분들이 많아서 그렇지... 문과가 더 많거나 반반인 수*휘에서는 외대 그닥 까이지도 않습니다. 오히려 예전 인식이나 이미지로 치켜세워주려는 분위기가 강하죠. 제가 수*휘 출신이라 그건 잘 압니다.)

입학한 이상 그런 건 문제가 되지 않습니다.
이제 대학생이 된 이상, ""앞으로 무얼 할지""가 더 중요한 것이죠.

외대생이신가요? 그렇다면 제발 오르비보다는 훕스라이프를 더 자주 이용해주세요.
훕스라이프 취업 후기글 조금만 뒤져봐도 ""우리 대학이 생각보다 괜찮은 것 같다."" ""ㅇㅇ분야 취준하는데 여기서는 오히려 더 윗라인 대학들보다 더 인식이 좋은 것 같다.""라는 글들 심심치 않게 볼 수 있을 겁니다.

""왜 외대가 인식이 좋을까요?""

답은 간단합니다. ""면접장에서 자기소개할 때 입결표부터 내밀고 시작할 건가요?""

지금 회사에서 주요 위치를 차지하고 계신 50대 이상 분들(기성세대)이나 회사에서 활발히 활동하고 계신 분들(30대~40대분들)에게 ""외대""란, 여러분이 흔히 말하는 ""성법외영한공""의 그 ""외영""이 굳건히 버티고 있던 80년대의, 2000년대의 그 외대입니다.

그건 오르비에서 무슨 말을 듣든, 수갤에서 무슨 말을 듣든 변하지 않는 ""사실""입니다.
그 분들이 매일매일 회사일 하랴, 가족 챙기랴, 취미생활 하랴, 수험생들 글 챙겨볼 시간이 있을 것 같나요...?

""과거에 높았었다""라는 건, 반대로 생각하면, ""뛰어난 능력으로과거에 먼저 진출하셔서 길을 닦아놓으신 선배님들이 사회 곳곳에 많이 계신다""는 의미가 됩니다.

오늘날 ""외대""라는 이름은, 하루이틀의 땀으로 만들어진 게 아닙니다.
과거 수많은 선배님들이 두바이 사막에서, 베트남에서, 말레이시아에서 구르고 땀흘리며 만들어낸 아웃풋들이 하나하나 모여 오늘날 ""한국외국어대학교""라는 이름이 만들어진 것입니다.

이 수십년간 단련되어 만들어진 이름이 하루이틀만에 부서질 것같나요?
아니, 백 번 양보해서 부서진다고 칩시다.
그러면 뭐 어쩔 건데요.

하나은행에서 갑자기 ""아 라떼는 외대 높았었는데 이제 별로 안 높네요. 클라스 떨어져서 못 뽑겠음 ㅅㄱ""하고 G트랙전형 폐지할 것 같아요?
여러 외항사들에서 ""오, 외대, 클라스, 최근에, 이상, 나, 안 뽑는다. 수고.""하고 특채 관둘 것 같아요?

학교 입결이 아무리 떨어진들 ""한국외대""는 여전히 ""한국외대""입니다. 한국외대가 한국외대인데 그게 무슨 소용이 있나요.

그래도 여전히 베트남어 말레이어 아랍어 이란어 몽골어 태국어포르투갈어 네덜란드어 그리스어 폴란드어 터키어 등등...많은 분야에서 한국외대는 그 이름만으로 최고일텐데요.

한국외대는 여전히 베트남어 아랍어 이란어 몽골어...등등을 가장 잘 가르치는 대학이며, 그 분야에서 최고인 대학입니다.

외대 입결 떨어졌습니다. 그게 뭐 어쨌다구요.

그래서 기업에서 안 뽑아준대요?
아니요, 그렇게는 못 할 겁니다.
""필요하니까요""
기업에서 이탈리아로 진출하려고 합니다. 근데 이탈리아 시장이어떤지 이탈리아 사람들이 어떤지 환경은 어떻고 정치 상황은 어떤지...기업에서는 다 알 수가 없습니다.

이런 상황에서 제일 싸게 먹히는 방법은 무엇일까요?
그냥 이탈리아 전문가를 ""채용""해버리는 게 제일 싸게 먹힙니다.
그러면 이탈리아어와 경영학 지식을 둘 다 가지고 있는 ""한국인""을 어디서 찾을 수 있을까요...?
.
.
.
하나은행에서 G트랙(글로벌 트랙)전형을 처음 신설해 외국어 전문 인력을 우대하고 외대로 공격적으로 설명회를 오기 시작한게 불과 작년입니다.
CJ에서 아예 ""언어를 전공한"" 외대생들""만""을 대상으로 ""특채""를 실시한 것도 불과 재작년부터구요.
정부에서 ""특수외국어교육진흥에관한법률""을 신설해 한 해 수백억에 달하는 지원금을 쏟아부은 게 불과 ""17년도""부터입니다.

더 해볼까요?
베트남어과 취업률 93%로 (졸업생 10명 이상)전국 1위 찍은 게 불과 몇 년 전이구요,
포르투갈어 취업률 90%대로 전국 1위 찍은 것 역시 얼마 되지 않았습니다.
뿐만 아니라 마인어과, 아랍어과, 이란어과, 터키어과, 태국어과, 스페인어과, 중국어과 등등...매년 좋은 취업률 보여주고 있구요.
17년도였나 14년도였나 외대 언어과(상경 사회 사범 등 제외)중 가장 취업률 낮았던 과가 53프로였나 그랬습니다.

좀만 찾아보시면 아시겠지만, 타대학 인문대 보면 상위권대학임에도 불구하고 취업률 20%찍는 경우 흔합니다.

근데 그렇다고 해서 이분들이 다들 어디 가발공장에 취직했을까요?
한 말씀만 올리겠습니다. 하나은행 G트랙 베트남어 전형, 외대 베트남어과에서 올킬했습니다.
.
.
.
가끔씩은 오르비 말고 잡코리아를 켜주세요.
물류-종합상사-은행 이름을 치시고 어느 대학에서 이 직장에 많이 들어갔나를 한 번 보세요.

물류-종합상사-은행 등 어디든 ""외국""이나 ""외국어""에 관련된 분야에서는 외대의 이름을 찾을 수 있을 것입니다.

선배들의 수십년 땀방울들로 누적된 아웃풋들이고, 이는 현재에도 계속해서, 변함없이 이어져오고 있습니다.

""어떻게 하면 우리 학교가 저 학교를 이길 수 있을까""를 고민할 시간에 세계 경제가 어떻게 움직이는지를 지켜보시고, 단어 하나를 더 외우십시오.
기업에서, 나아에서, 나아가 세계에서 필요로 하는 인재가 되십시오.

태극기를 가슴에 품고, 타지에 홀로 나가 척박한 땅을 개척하셨던 수많은 선배님들을 생각하십시오.
그리고 이제는 본인들이 그 자랑스러운 아웃풋을 이을 수 있도록 노력하십시오.

저는 외대가 경쟁력 있는 대학이고, 너무나도 좋은 대학이라고 생각합니다. 비록 저는 윗라인 대학에 동시합격하고, 외대에 정시 과수석 입학하긴 했지만, 그럼에도 불구하고 점수 대비 너무나도 훌륭한 학교에 들어왔다고 생각합니다.

일례로 제가 얼마 전 원서철에 외대에 대한 글을 썼을 때, 표본이, 심지어는 이과에서도 교차로 ""대규모""로 들어와서 몇몇 과들의 입결이폭발할 뻔 한 적이 있었죠.

다른사람들도 충분히 동감하고 외대의 장점에 공감했기 때문이겠지요.
수험생들로부터 컷트라인 높아진다고, 제발 글좀 지워달라는 쪽지만 열 통도 넘게 받았을 정도니까요.

그러니 부디 외대 재학생분들, 외국어를 배워, 해외로 나가 국익을 위해 일한다는 일에 자부심을 가지십시오.
""아 차라리 ㅇㅇ대 갈 걸""하는 생각일랑 이제는 보내주십시오.

이제는 여기서 최선을 다합시다.

선배들에 비하면 우리는 오히려 성공하기 너무 쉽습니다.
이미 길 닦아놓고 우리를 기다리는 선배들도 있겠다, 정부에서 지원도 많이 해 주겠다(선배들 때는 이런 것도 없었어요), 기업에서 무려 특채까지 자주 하겠다, 아예 공기업에서도 특채하고 공무원 시험 특채까지 있습니다. 고시 특별전형(외교관후보자선발시험-지역외교전형)까지도 만들어줬잖아요.

선배들은 이런 거 없었는데도 잘만 성공했잖아요.
이제는 우리 차례입니다.
공부합시다.
성공합시다.
꼭 성공해서 우리 선배님들이 그러셨던 것처럼, 우리도 우리 후배들에게 자랑스러운 선배가 됩시다.

-한 명의 외대생이, 모든 한국외대생분들께 올림-",420,"['아 외국어의 품격님 글이넼ㅋㅋㅋㅋ 이분 우리학교에 대한 애정 진짜 많으신듯', '어엇....지금 흐르는거..눈물인가..', '어랏 나 왜 눈물이..', '이거 읽다가 울컥했다', '이런 제엔장 믿고 있었다구!!', '오이오이 먼지가 들어간거 뿐이라고', '하 그래 얼마전에 외대에선 외국어를 버려야 성공한다는 글 말고 이게 핫게감이지ㅜㅜ', '글쓴이님 좋은 글 공유해주셔서 감사합니다!', '이거지 ㅠㅠ', '새내기 외대 뽕 채우고 갑니다ㅠㅠ', '입결 생각말고 본인 아웃풋이나 신경쓰셈.... 요즘 세상엔 학교 간판 별 것 아냐..', '이게 맞다.. 언제까지 급식마냥 입결 타령 할꺼야 ㅋㅋㅋㅋㅋ 에휴', '야레레... 어째서... 눈물이...?', '그래 내 말이 이 말이야 ㅠㅠㅠ 아우 속 시원해 그리고 이번에 실제 입결 올라온 것들도 보면 중경경 말하고 경외시가 굳건하다는 분위기임 건대가 많이 올라도 여전히 인식과 아웃풋으로 중경외시한테 못 비빈다는 분위기도 많음. 입결이 예전만 못 하다? 그게 뭐? 뭐가 중요해. 나도 외대 합격하고 아버지께서 엄청 좋아하셨고 아버지께서 현재 대기업 재직 중이신데 직장에 자랑하셨더니 아버지 직장 동료분들께서 야 좋은 학교 들어갔다 하셨다고 해서 어깨 으쓱 해지셨다는 말씀 들었어. 이 글보고 울컥할 필요도 없어 우리만 그렇게 느끼는 거지 밖에 나가면 한국외대하면 질 좋은 인문계 인재들 양성하는 학교로 인식이 팽배함. 꼭 상위 1%의 sky가 아니더라도 그렇게 쳐주는 인식이 만연함. 내가 하고 싶었던 말 이렇게 써줘서 고마워 쓰니야 다들 신입생 편입생 한국외대 선택한 모든 학생들 다 성공하고 이 인식 굳건히 더 단단히 지키자!!!', '우리학교 자부심 못갖는 친구들 우리 학교만이 갖는 특수성을 제발 생각해조', '먹고살기바빠봐야 저런거 신경안쓰지 참.. 입결이 뭐가 중요해..', '어이...! 글쓴이 ! 신입생을 울리는 「나쁜 사람」 인거냐고 ! 젠장 ! !', '대단해요😲']"
기초중국어 백지훈 교수님,쓰기 과제 주의사항 같은 거 있었나요??ㅠㅠㅠ,0,[]
중국어대 소모임,"글들이 별로 없네..
왜지?
정보를 얻을 수가 없네..",0,"['내가 정보 다준다 오픈파라', '카카오톡 오픈채팅을 시작해 보세요. 링크를 선택하면 카카오톡이 실행됩니다. 알려주시면 감사하겠숨다 https://open.kakao.com/o/svV5uG3c', '저도 주시면 안되나용?ㅠㅠㅠ', '하지마~!~!~!~~!진짜로', '왱..?', '왜죵..?']"
15년전 선배가 쓴 타임캡슐,"외대 커뮤니티가 훕스라이프와 외대갤러리밖에 없던 시절, 외대갤러리에서 정보글로 유명하던 분이 떠나며 마지막으로 남긴 글. 이 분 지금은 40 바라보고 계실텐데 잘 지내셨으면 좋겠다

-

잘들 지냈냐? 소탑횽이다.

먼저 09 HUFSan이 된 꼬꼬마들 진심으로 축하한다.
입학해서도 열심히 공부하길 바란다.

오늘은 작지만 나름 유용한
여러가지 조언들을 해주려고 한다.

그동안 자잘하게 생각해왔던 것들인데
마땅히 넣을때가 없어서 생각만 해두고 있었다.
그것들을 이제서야 마지막 글에 담는구나.

합격이 확정된 꼬꼬마들은 여유로운 마음으로 읽고
재학생들은 집중해서 읽어보길 바란다.



프레임에 갇히지 마라!!



미국의 언어학자이자 버클리대 교수인 조지 레이코프는

\"" 코끼리와 경쟁하려면 코끼리라는 단어는 생각하지 마라\"" 고 말했다.

무슨 개솔인가 싶은 생각은 접어두고 차근차근 생각해보자.

저 말을 보충설명하면
상대방의 주장에 반론을 펼치려면
상대방의 언어를 사용해서는 안된다는 말이다.

상대방의 언어를 사용한다는 것은
이미 상대방의 프레임에 갇힌것을 의미하고

이것은 반론이고 뭐고를 떠나서
이미 그 언어에 대한 인지만 높혀
상대방의 프레임을 더욱 공고히 해줄 뿐이라는 것이다.



말이 조나 어렵게 느껴진다면 사례를 통해 살펴보자.


1972년 리처드 닉슨 당시 미국대통령은 워터게이트 사건 직후
언론에 나와 \"" 나는 사기꾼이 아니다\"" 라고 강변했다.
이러한 장면은 닉슨 대통령과 사기꾼이 함께 떠오르게 만드는 계기가 되었고
사기꾼이 아니라고 주장할수록 유권자들은 사기꾼과 연관지어 생각하기 시작했다.

\'사기꾼\' 이라는 상대의 단어를 입에 올린순간
닉슨을 바라보는 시선은 \'사기꾼\'이라는 프레임에 갇히게 되었고
그 이후에 무슨 말을 하더라도 그 프레임만 공고히 해줄 뿐이었던 것이다.

프레임이란 것은
우리가 세상을 바라보는 방식을 형성하는 정신적 구조물이다.

프레임은 언어를 통해 작동하며
프레임이 옳지 못하다면 새로운 언어를 통해 새로운 프레임을 만들어야 한다.
그렇기 때문에 조지 레이코프는 코끼리와 경쟁할때 코끼리를 생각하지 말라고 했던 것이다.



갑자기 이런 이야기를 왜 하는 것일까?


인터넷에서만 통용되는 인터넷 서열의 사기극을 말하기 위해서
그 인터넷 서열을 계속해서 말하며 아니라고 하는 것은 이미 상대의 프레임만 공고히 해줄 뿐이다.

현실에서 통용되는 현실적 서열을 이야기 하며 새로운 프레임을 만들어야지,
인터넷 사기서열을 반복하면서 그 틀안에 갇혀버리면
무슨 말을 해도 인지과학상 반론이 먹혀들기 힘들다는 것이다.


이러한 인지언어학을 알고 말하는 것과
아무것도 모르고 말하는 것은 천지차이다.

왜 자기점수로 가군의 대학을 들어갈수 있음에도 불구하고
특정대학이 외대보다 높다고 생각할까?


잘못된 프레임으로 세상을 바라보고 있기 때문이다.




외갤러들이 계속 지켜나갔으면 하는 소중한 원칙들


예전에 그런 생각이 들었다.
각자 자신이 소속된 과에 대한
비전설정과 강점을 자체적으로 어필해 나간다면 얼마나 좋을까.

단, 자신이 소속된 학과홍보를 위해
우리학교 다른 학과를 까내리는 짓은 하지 않았으면 좋겠다.
서로 각 학과의 장점만을 제시하고 선택은 본인이 하도록 해야 한다.

우리학교 안에서
어느학과를 가느니 어느학과로 와라.
이런식의 홍보는 자기과에 대한 자체적인 자부심이 없다는 것을 보여줄 뿐이다.
강점을 어필하고 선택은 본인들이 할수 있도록 했으면 좋겠다.

학과가 달라도 결국 나가면 다 \'외대\'라는 이름으로 뭉친다.
작은 학교안에서 서로 나뉘어 싸우려고 하지 말고
경쟁을 하고 싶다면 외부와 해라.

타학교 어디보다는 우리학과가 좋다!! 이런 식으로 말이다.
외대영어대는 연대 영문 과 경쟁하고
중국어대는 고대 중문과 경쟁해라.
글로벌경영대도 외대 어문계열과 경쟁하지 말고
성대 경영등과 경쟁하며 포지셔닝을 해라.

외부와 경쟁하다보면 내부에서 찌질대는 것보다 더 크게 성장한다.

다만 외부와 경쟁할때도 외부를 깎아내리려고 하지 말고
우리의 강점을 어필하는 쪽으로 해라.



꼭 들려주고 싶었던 이야기들


자기를 사랑하지 않는 자는
어느 누구에게도 사랑받지 못한다.

스스로가 학교를 사랑하지 않는데
어찌 타대생이 학교를 알아주길 바라는가?


사람은 생각한대로 보고 느낀다.
그래서 어떤 생각을 갖느냐가 중요하다.

외대가 대단하다고 생각하는 자는
외대가 대단한것만 보인다.

자신을 위해 준비해놓은 수많은 해외 프로그램이 보이고
자신의 실력을 늘려줄수 있는 탁원한 커리큘럼이 보인다.

역할모델로 삼을 수있는 수많은 선배들이 보이고
나를 공부하게 만드는 자극제들이 보인다.


허나 실패하고 싶은 자는
자신이 어떻게 실패할지만 생각한다.

외대를 깎아내리는 자료만 찾아보며
스스로 실패하기만을 원하고 있다.

잘된 사람은 그들이 예외적이라고 생각하고
잘안된 사람은 그것이 외대때문이라고 생각한다.

모든 원인은 나 자신이 아닌 외부에 있으며
나는 잘하고 있는데 학교가 못도와준다고 생각한다.

이런 사람은 성공할래야 성공할수가 없다.



이것은 인생전체에도 적용되는 문제다.
성공심리를 연구한 대부분의 심리학자들이 말하는 것들이다.

세상은
나를 잘되게 하기 위해
언제나 노력하고 있다는 사실을 알아야 한다.

그러면 모든 상황이 기회처럼 보이고
인생에 2~3번 정도 온다는 진정한 기회도 놓치지 않을것이다.


외대에 합격한 것이 너의 인생에서 찾아오는 첫번째 기회일지도 모른다.

어떤 사람은 그 기회가 기회인지도 모르고 그냥 흘려보낼것이고

어떤 사람은 그 기회를 단단히 잡아 자신의 인생을 걸작품으로 만들 것이다.



모든 것은 생각에 달려있다.

나는 너희들이 잘해 낼것이라 믿는다.





[소탑연구소]의 마지막을 쓰며..


내가 2006년 12월부터 글을 쓰기 시작했으니
[소탑연구소] 시리즈로 거의 2년 넘게 글을 썼다.

상당히 긴 기간동안
시리즈로 글을 써왔기 때문에
많은 사람들을 만날수 있었다.

그 사람들에게 가장 많이 받은 질문이 바로
소탑횽은 누구냐는 것이었다.
몇몇 사람들은 실제로 만나자고도 했다.

나는 평범한 외국어대 학생이다.
너희들과 하는 조별모임속에 끼어있을수도 있고
학식에서 같이 밥을 먹고 있을수도 있다.
강의실을 찾아 이리저리
학교 구석구석을 돌아다닐지도 모른다.
학교가 크지 않고 동선이 정해져 있으니
지나가면서 옷깃이라도 스칠수 있을 것이다.



소탑횽을 꼭 찾아내고 싶다면
각자 \'자기 소속과\' 선배 중에
개념이 옹골차고
학교에 대한 자부심으로
후배들에게 멋진 조언을 해주는 사람을 찾아라.






그가 바로 소탑이다.
























닥치고 공부나 해라.




소탑횽이었다.









지금까지 댓글을 달아준 많은 사람들에게
감사하다는 말을 많이 못한것 같다.
그동안 정말 고마웠고 모두에게 축복이 깃들길 빈다.",113,"['이런글 좋아 고마워❤️', 'ㅈ..저는 19학번인디요🐣', '와 세상이 다르게 보이네', '이분(이라고주장하시는분)이 훕라에서 누가 찾으니까 머쓱해하시던디 ㅋㅋㅋ', '정말 오랜만에 봅니다 소탑..']"
hsk 6급,"어느정도야?? 감이 안 와서...
중국어는 단계가 어떻게 있는 거야",0,"['오오 알려줘서 고마워!! 그럼 숫자는 1~10정도쯤 있나? 서양어 등급만 봐서... 영 감이 안 와ㅠㅠ', '123456급 인데 보통 4급부터 봐 ㅋㅋ', '토익 750은 공부 안하고도 받을수있음,, HSK 6급은 현지인도 공부해야 따는 정도인데 급이 다르지', '나 외고출신인데 중국어 원어민쌤도 HSK 6급 공부하고있더라', '헐 최고등급이었어?? 다들 알려줘서 고마워ㅠㅠㅠ', '아 그게 영어로 봤을때는 훨씬 쉬운데 그 시험 자체의 언어실력? 으로 말한거야 내가 말한건 ! 맞아 토익 750은 잼민이들도 받지 근데 내가 hsk5급 있는데 토익 750-800만큼의 중국어 실력일까하면 절대아니라..', 'ㅠㅠ 이해했어 다들 알려줘서 고마워 끗끗!!', '그렇게 환산하면 토익 970정도 난이도라 생각해']"
코퍼스 중국어 하시는 분..,"분석도구는 뭘 말하는건가요ㅠㅠㅠ? 코퍼스툴은 BCC, 안트콩크 말하는 것 같은데 분석도구는 뭔가요...ㅠㅠ",0,[]
ㅇㅈㅎ교수님 중국통상중국어,암송 과제 한번에 해야 하나요 아니면 나눠서 해도 되나요? ㅠㅠ,0,[]
중국기업과시장연구 팀플 아직 팀 못정하신 분들!!,"성함이랑 카톡 아이디 주시면
초대해드리겠습니다!!!",0,[]
면 가위로 잘라먹는거,우리나라만 그런거? 중국 일본에서 이상하게 보려나,0,"['냉면집포함해서 가위질 해본지 근 10년인거 같은데 우리도 잔치국스는 안잘라먹지 않나?', '잔치국수라고 안그랬는데?...', '잔치국수는 면 아냐? 온면을 잘라먹는 사람이 몇이나 되냐는 문맥도 될거라고 생각했는데?', '어릴때만 잘라먹었는데', 'ㅇㅇ이상하게봐', '뭐어떰 ㅋㅋ']"
근데 사실 다케시마라고 써도 되는거 아님?,"일본이 다케시마라고 써도 옆에 독도라고도 써주면 되는거 아님?

일본 내에서도 다케시마 옆에 독도라고 써있어도 제재 안하더라고

게임같은데서 다케시마라고 쓰지만 옆에 독도라고 괄호 쓰면 괜찮더라고

'独島 또는 Dokdo 라고 쓰면 되더라고",52,"['지금 저쪽동네에서 한국김치 만들던 회사 전주 파오차이쓰게 생기긴 했음.', '저거라도 안쓰면 눈뜨고 코베이는정도로 공산당이 막무가내라 내심 강경입장 내줬으면함.', '*전부', '깜짝놀랐네', 'ㄹㅇ 무슨 글이지? 하고 내눈을 의심함', 'ㄹㅇ 변화구 ㅆㅅㅌㅊ', '뭔 생각으로 인정해주냐 ㅋㅋㅋㅋㅋㅋㅋㅋㅋ', '아 ㅋㅋㅋ 머리가 띵하네 ^^', '다케시마가 한자로 읽으면 죽도인가? 독도는 일어로 읽으면 어떻게 돼?', '독도는 일본어로도 독도다', ""그니까 일본에서 다케시마라고 우기고 있는데 정부부처가 '다케시마랑 독도 같이 써도 되니까 뭐라고 할거 아님 ㅋㅋ' 이래도 된다는거?"", ""깨져도 적당히 깨지길. http://www.biztoday.kr/bbs/board.php?bo_table=news&wr_id=11946 지들이 먼저 '우리 중국이는 착한 아이라고~'시전함"", ""그걸 보도 자료로 '중국은 병기가 가능하대요 ㅎㅎ, 그니까 언론 여러분들 욕.하.지.마.세.요 아시겠어요?' 라고 하는게 정부 부처에서 할말인가 ㅋㅋㅋ 이명박근혜 정부에거 일본은 다케시마라고 한대요~ 다케시마가 맞대요~ 아무튼 일본 입장은 그렇대요~ 우리나라서만 독도라고 하면 되죠 ㅎㅎ 라고 해도 문제가 없는거였네^^"", 'TKM', ""제대로 깨진 놈이 같은 학교라니 ㅋㅋ 우리편 까이는 건 '비판적 수용' 요구 하는거 보면 참.. 중국내 김치 자국화 일원으로 파오차이 표기 강제 -> '헤헤 우리 농림부에서 알아보니 우리 중국이는 둘다 표기 가능하대요' + 한국내 지리표시제 얘기나 들어볼게요. 이게 정상인가 ㅋㅋ 독도가 아니라 다케시마다! 다케시마는 일본땅 이라고 일본에서 하는게 우려되서 정부 부처야 대응 안하냐고 했더니 '토착왜구 자한당의 끄나풀 적폐의 온상인 이명박근혜때 정부부추'에서 일본에선 다케시마랑 독도 둘다 표기 가능하다는데요? 라고 한거랑 다를바 없단다"", 'ㅋㅋㅋㅋㅋㅋ ‘그 정부’에 무엇을 바람', '욕하러 들어왔다가 수긍하고 나감', '앞으로 저 입장 내놓은 새끼 이름 옆에 (병신)이라고 병기해야겠다. 이름 썼으니까 괜찮잖아?', '솔로몬..', '초밥/스시는..?', '초밥 스시 ㅋㅋㅋㅋㅋㅋㅋ 우리가 초밥이라고 부르면서 우리나라 음식이라고 생각 안하잖아~', '불란서/프랑스 이런 수준 아니야..?']"
중국어대 hsk5급,"많이들 따시나요?
이번에 신청한 시험을 건강상이유로 못 보게 됐는데
이번꺼 놓치면 복학 전에 다시 볼 기회가 없어서요ㅠ",0,"['중국어대 hsk6급 ㄱㄱ', '부끄럽지만 중국어대 고학년인데도 중국어실력이 5급 비빌까말까한 수준이라..ㅠㅠ', '전 땄어요!', '답변감사합니다!', '5급따고 6급 많이 따죠 보통', '최대한 열심히해서 따봐야겠네요ㅠ']"
ldt 중국어5 외우기,외우기 과제가 뭔가요?? 해석 과제 밖에 없지 않았나요?,0,"['저번 수업 본문 두 문장 외우기요 중1-4까지 항상 있던 과제인데 깜빡하고 말씀 안 하셔서 공지때리신 듯요', '아아 이거 돌아가면서 다 한명씩 시키시나요?', '랜덤으로 한두 명이요']"
유튜브 프리미엄 유일한 단점,"재밌는 광고를 못 보고 지나침
비비 바나나맛 우유 광고 못 본 거 아쉽더라
대신 도그라이크 중국산 똥겜 광고 안 봐도 됨",0,"['ㅋㅋ 광고로 생긴 밈을 모르게 된다는 게 단점이긴 해', 'ㅋㅋ 그치 근데 난 기적의 검이랑 히어로 워즌가 이상한 포마드 머리 한 캐릭터 나와서 고구마짓 하는 광고 보기 싫어서 프리미엄 지른 거라서 아쉽진 않아ㅋㅋ 이쯤되면 일부러 프리미엄 사게 하려고 유튜브에서 이상한 광고만 받는 거 아닌가 싶더라', '강호동 성님을 못보네..']"
중국 인구,미국마냥 3~4억이 적당하다. 진심으로,0,['더 적으면?']
난,"중국이 중화사상, 반독재체제, 빨간맛 버리고 인구가 지금의 30% 정도로 줄어든다면 매우 긍정적으로 봐줄 수 있겠는데 ㅋ",0,"['평생 가능성없을듯 중국 멸망이 빠를듯', '머야 긍정적으로 볼 생각 없구나']"
__FBS 아나운서들의 FBS🎙,"🎙FBS 아나운서들의 FBS🎙
Foreign.Book.Story

URL: https://www.instagram.com/tv/CMjeSVFDmu0/?igshid=1qn37s4et8ieh

언어 하면 외대!
FBS 아나운서들이 들려주는 세계 문학📚
언어 능력자 아나운서들의 책방에 오신 걸 환영합니다🙋‍♀️🙋‍♂️
미국, 영국, 프랑스, 스페인, 러시아, 중국, 이란 그리고 한국의 문학책까지!

마음을 울리는 책 구절에 목소리를, 언어를 플러스!

- 진행/제작 : 73기 금지혁
- CP : 72기 김민영, 김승윤
(페이스북, 유튜브, 인스타그램에서 FBS의 컨텐츠를 확인하세요!)
- 유튜브 : 외대교육방송국
- 인스타그램: hufsbroadcast_fbs",3,[]
hsk 공부기간,"중국어 발음 읽는 법 정도만 알고, 인사말 정도만 아는 완전 노베인데
hsk 3 / 4 / 5급 각각 공부 기간 얼마나 걸릴까요?

중국어 배우는데 도움이 될지는 모르겠지만,
일본어랑 한자 쪼끔 알아용...
JLPT N2랑 어릴 때 취득한 한자 2급 있어요..",0,"['4급까지 3개월? 5급 8개월', '감사합니닷😁', '저 한자2급까지어렸을때 공부하고 중국어는 1도 모르는상태에서 최근에한달반만에 5급 240점 나왔어요! 충분히 하실수있어요!!', '우아 축하드려요! 댓글 감사합니다:)']"
오늘 외국인을 만났다,"외국어연수평가원 옆에 담배피는 공간이 있길래 담배피면서 유튜브 보고있었는데 러시아 권 사람이 나한테 말을 걸었다. 서로 영어로 주고 받고 얘기하는데 내가 영어로 말하는 도중 중국어가 계속 튀어나왔다.(韩国外大 students very polite, 所以 I think you can easily lean on them) 이렇게 이야기 하니 나보고 중국인이냐고 물어봤다. 그래서 한국인이라고 하니까 의심의 눈초리를 나에게 보냈다. 기분이 이상했다. 난 중국인이었던 것일까? 내 정체성에 요즘 혼란이 왔다. -끝-",0,"['?', '근데 나 중대인데..나도 이럼 영어하다가 접속사는 중국어로 함 ㅠㅠㅠㅠ 졸라 짬뽕이ㅑ', '혼란이 가득하다. 스트레스 받는다.', '那个，，，，那个，，，，那个', '나 영어할땨..但是이거 계속 씀..', '그만큼 속국이시라는 거지~', '너희 어머니 만수무강이다.', '크 이거지', '와 나도,, 가끔 중국언 생각나는데 영어로 뭔지 모르겠는 것들이 있다.. 저번엔 also를 말해야 하는데 진짜 아무 생각 없이 this is 也 뫄뫄뫄 이럼,,', '군대는 갔제?']"
중국어 hsk5급,전에 4급까지 공부하고 놀다가 한 2년만에 잡는데 5급 따는데 얼마나 걸릴까여?? 3달??,0,"['3달이면 충분히 딸 듯 빡세게 하면 2달도 ㄱㄴ', '몇점이냐가 문제지만', 'ㅇㅋㅇㅋ 일단 점수보다 5급획득이 급해소. 방학에 미친듯이 파야겠다..', '점수보다 따는거만 중요하면 2달 빡세게 ㄱ ㄱ 세달은 너무 루즈해질듯']"
중국말소리의구조,오늘 실시간 강의 안하는거 맞죠??,0,"['공지가 없어서 헷갈리네요 ㅠㅠ', '녹음과제가 있나요...?']"
중국말소리구조,오늘 녹강인가요??,0,['ㄷ저 드랍했는데 다시 녹강하신대요?ㅠ']
중국어 플랙스 공부 대체 어떻게 하나요,ㅠㅠ 막막..,0,['ㅠㅠ 플렉스 ㅠㅠㅠ']
중국문명과 세계문명 중간고사,5 문제 다 나와요?,0,[]
김송희교수님 중국학개론,스크랩 한개씩만하면되나요 ??,0,['넹']
외대는 중국어과는 없나요?,중국언어문화전공이 중국어과 대신 있는건가요?,0,['ㅇ']
실무 경험을 쌓고 싶은 중국어 능통자를 찾습니다.,"중국어통번역 아르바이트:

중국유명패션브랜드 한국지사

근무지: 역삼역 인근

주업무: 중국어 회의 통역, 문서 번여 등

시급: 1.2 + 주휴수당

지원자격:
1. 평일 오후 출근가능자(1시~5시)
2. 중국어통번역 경력있으신 분

중국어통번역대학/대학원 출신 우대, 즉시 출근 가능자 우대",0,[]
도서관 1.5층 ?? 중국어 학습실,여기서 실시간강의 들을껀데 대답하고 그래도 되나요 ??,0,[]
중국의철학과사상 송철규 교수님 제가 사정상 내일 처음 수업에 들어가는데 ㅠ,혹시 캠 켜야 하나요?,0,[]
내일은 야외활동 피하자,중국 동북부 10년만에 최악 황사가 내일 한반도에 온단다,0,[]
생활중국어 계절 있나요,ㅈㄱㄴ,0,[]
중국에서 미세먼지+황사,진짜 미친듯이 밀려들어오네ㅠㅠ 파란 하늘 보고싶다,0,[]
김진형교수님 중국경제통상사 조원 두분 더 모집해요!!,쪽지주세요!!,0,[]
"해외체류경험, 교환학생 경험 없어도","관련 자격증 여러 개 따고 영어 어학성적 높이면 무역이나 해외영업 쪽 취업 가능할까? 제2언어는 중국어인데 잘 못해.
현역 3학년이야

영어를 못하는 편은 아니야. 지금 3학년인데 1학년 때 조금 공부해서 토익 950은 땄으니까 못하는 건 아니지. 경기도권 외고 출신인데 영어내신은 1~3등급 이내로 꾸준히 나왔어.
회화가 좀 부족한데 그건 학원 좀 다니면 해결될 부분이고..아예 올인해보는 게 나을까?

아님 금융권이 나을까?경제 이중 중이긴 해",0,"['취준게로', '금융권으로 돌리세요 영어가 생각보다 쉽게 안늘어요..', 'ㅇㅇ나라면 노력해서 해영 도전해볼래']"
플렉스 중국어 보려고하는데 어떤 교재를 더 많이쓰나요..?,그냥 싼거 살까요..?,0,"['전 걍 도서관에서 빌려서 공책에 답적고 오답하며 했음', '오 세상에 도서관에도 있군뇨...... 감사합니다!!', '네 저는 두번째 책 했던 거 같은데 어차피 졸업요건으로 하시는 거면 유형만 확인하시면 되니까 ‘ㅅ’ 화이팅하세요']"
중국어 스페인어 프랑스어,어떤 언어가 더 유망할까,0,"['중', '서', '불', '아직 못 정해서 그래요.. 하고싶은게 너무 많음', '중국어 빼면 서어가 사용인구 2위인데 요즘 중국어가 떠오르는', '중국어: 사용하는인구가 ㅈㄴ많고 동양어라 접근성좋음 스페인어: 이것도 사용하는인구 많고 상승세 프랑스어: 그냥 간지나고 섹시함', '회사에서는 닥 중국']"
스페인어랑 동시에 배워도,괜찮을 언어 뭐뭐 있지?? 일단 중국어 일본어는 제외하고! 러시아 아랍 베트남 ..?,0,"['아랍 ㄴㄴ', '헉 아랍 왜?? 알파벳만 다르게 생긴거고 막상 읽으면 헷갈릴만한 요소들이 있어?', '스페인어랑 전혀 안맞음', '완전 체계가 다르다는 말이야? 난 차라리 그게 나은거 같아 비슷하면 오히려 막 겹쳐서 생각나고 헷갈려서.!', '나 둘다 배워 봤는데 헷갈리지는 않는 대신 너무 빡셀 것같아... 두 언어 다 말이 너무 빠름', '프랑스어?', '시도해봤는데 뭐가 스페인어였고 뭐가 프랑스어였는지 어지럽더랔ㅋㅌㅋㅋㅋㅠㅠㅠ', '아ㅋㅋㅋㅋㅋㅋ 하긴그렇겠다 사실 나 프랑스어학분데 우리 교수님이 맨날 프랑스어배우면 스페인어도 금방배운다 이런말 되게많이하셔서ㅋㅋ 얘기해봤어', '앜ㅋㅌㅋㅋㅋ난 어문은 아니고 스페인어는 그냥 배우는거야!! 뭔가 스페인어가 어느정도 자리잡힌?? 상태면 다른 로망스어 배워도 쉽게 들어올거 같긴 한데 지금은 동시에 하면 효율성이 너무 떨어질거 같앜ㅋㅌㅋㅋ', '헷갈리지 않을 언어 찾는 거야?', '웅응 아예 확 다른거!! 비슷한게 더 힘들더라고 난', '스어? 독일어?', '스칸?? 오 독일어도 생각해봐야겠네... 근데 왜이렇게 다른 언어에 비해 독일어가 어려워 보이지 나는ㅋㅌㅌㅌㅋㅋㅌ', '발음도 어렵구 스페인어보다 관사나 소유격 이런거 나누는게 더 복잡할걸????', '아 그렇구나....... 독일어에 대해 아는거 진짜 하아아아나도 없는데 진입장벽이 높아보였어 그냥ㅋㅋㅌㅋㅋㅠㅠㅠ 근데 독일 친구들이 있어서 배워보고 싶기도 하고.... 천재이고 싶당...^^', '나도 어디서 주워들은거얔ㅋㅋㅋㅋㅋㅋ구텐탁밖에모름ㅋㅋㅋㅋㅋㅋㅋㅋㅋㅋ', '포르투갈어', '일단 지금 로망스어는 스페인 하나만 해야할거 같아ㅠㅜㅜ', '아하 그러면 인도네시아어 어때 인도네시아어는 인공어라 문법도 되게 쉽고 배우기도 쉬워 뭐 쉬운 언어가 어디 있겠느냐만은 그래도 역사가 있는 로망스어나 인도유럽어보다는 새로울거야', '오 고마워!!', '독일어도 배워보고 싶긴 해 ! ㅠ', '러시아어 ㄴㄴ']"
박흥수교수님 중문작 과제,본교재 중국어랑 영어로 되어있는 한어어법개요 전체를 중국어쓰고 한국어로 번역해서 제출하는거에요..? 무조건 노트에 해야해요? 한글 파일에 써도 안되나요??ㅠㅠ 답변부탁드려요...,0,"['교수님께 직접 문의 ㄱㄱ', '메일 답이 안와서요 ㅠㅠ..', '이번에 듣는 사람은 아니고 대면때 들은 사람인데 노트에 적는거 맞아요ㅋㅋㅋ 그거 매주하면 1-2시간에 다 해요', '시험범위만 하나요?! 아님 책 전체 다 하나요ㅠㅠ..', '시험범위가 책 반절 다 인데요...? 박흥수교수님은 시험범위 어디어디 지정 아니고 그냥 책 다에요ㅋㅋㅋㅋ 빨간+초록책 맞죠 본교재? 반나눠서 전반부가 중문작1 이고 뒤가 중문작2이에요', '헉 제가 잘 몰라서요.. 정말 감사합니다 ㅠㅠㅠㅠ !!!', 'ㅋㅋㅋㅋ박흥수교수님 중문작 진짜...ㅎㅎ 중국어 목차랑 내용까지 직접 손으로 한자 다쓰고, 한국어 번역해서 또 손으로 씁니다.. 저는 노트 반 접어서 왼쪽은 한자, 오른쪽은 한글 적었어요. 나중에 노트필기 따로 제출합니다! 분량이 으마으마해여.. 팔아프고 의미도없는 노가다를 최소 수십시간 들여서 쓰면 현타 장난아니더라구요. 박흥수교수님 다시는 안듣습니다ㅋㅋ', '감사합니다!!!ㅠㅠㅠ']"
코퍼스 중국어 과제 하고있는 사람,사이트 왜 또 안되지,0,"['왜 갑자기 이러지', '아 나도;']"
중국어문법작문,박흥수 교수님 중국어문법작문 싸강 들으시는 분들.. 교재 어떻게 구하셨나요? 두권 다 구하기가 쉽지 않네요ㅠㅠ 시험이랑 과제는 어떻게 되는건지도 잘 모르겠구요...,0,"['저도 시험이랑 과제 설명을 안해주셔서 메일 드렸는데 아직 답장이 없으세요ㅠㅠ.. 책은 글뱅크에 전화해서 주문했어요!', '그렇군요 감사합니다!']"
중국산 김치 절임 과정,에바자너 ㅡㅡ,2,"['하 ㅅㅂ 진짜. 최소한의 양심이라도 없는건가. 나라가 저런걸 규제할 생각이 없으니 꼴이 저모양이지', '아니 진짜야? 합성아니고 지금 저 김이 절이는 물에 남자가 들어가 있는거고 저 쇳덩어리 포크레인으로 건져 올리는거야?', '*김치', 'https://www.google.com/amp/s/www.hankyung.com/international/amp/2021031050527 기사 읽으면 더 가관', '아 토나와... 저걸 자랑이라고 소개를 하네...죽어도 중국은 안간다']"
코퍼스 중국어,코퍼스 중국어 bcc 계속 오류 창뜨는거 저만 이런가요? ㅠㅠ,0,['제가 보니까 bcc가 뭔가 아침이랑 대낮에만 되더라구요.. 밤에는 죽어도 안 들어가져요..']
코퍼스 중국어 텍스트,교수님이 어떤 텍스트를 선택했는지 적으라고 하셨는데 텍스트가 뭔가요 ㅠㅠ?,0,[]
코퍼스 중국어,bcc안되는데 다들 어떻게 하고 계신가요 ㅠㅠ,0,[]
틱톡보는디 중국어는 왤케 중국같냐,"뭔 느낌인지 알지? 그 특유의 엥엥거리면서 빨리내는거
외대생들이 하는 것 멋있는데",0,"['원어민같아야 언어를 잘하는거 아닐까', '틱톡은 속도조절해서 그런 거 아냐?']"
중국어 노베이스인데,HSK 6급 따는데 얼마나 걸리나요??,0,"['1년?', '완전 빡세게 해서 1년인가요??', '노베이스면 ㅇㅇ', '하루 3-4시간 한다고 가정하면 1년 넘게 걸리겠죠..?', '그 이상 걸릴것같아요.. 한자에 안익숙하면 그거 다 외우고 성조 발음외우는데만 진빠짐요..ㅋㅋㅋ', '일본어 jlpt n1 있어서 한자에는 그나마 익숙해져 있는데 중국어 공부에 도움 될까요..?', '제가 일본어를 해보지않아서 잘은 모르겠으나 5급까진 금방하실듯요. 6급은 5급이랑 좀 넘사라서..ㅜㅜ 힘들수도 있을것같아요', '감사합니다!!', '현실적으로 1년 어렵지... 2년은 잡아야할듯', '답변 고마워!!', '난 hsk6급도 아니고 쉬운 등급하려했는데 다른거 다 ㄱㅊ아도 듣기에서 막히더라 들으면서 성조 구분하기 힘들었음ㅠ', '그렇구만 ㅠㅜ 고마워!!', '나 일본어 2급따고 1급공부하다가 중국어했는데 지금 한 7~8개월차?이고 회화만 했어! 근데 이번달에 쌤이 담달에 5급반 빡세게 한달 듣고 따라고 하더라!', '앗 고마워!! 일본어 공부하면 도움 되는구낭!!', '쪼끔?? 완전 노베보다는 나은거 같아! 근데 중국어하다보니까 간체가 너무 편하다는 걸 깨닫고 일본어 필기할 때 섞어써서ㄴㅋㅋㅋㅋㅋ 가끔 일본어 읽다가 어?하게 돼ㅋㅋㅋㅋ', '앜ㅋㅋㅋㅋㅋㅋ 뭔가 멋잇다']"
코퍼스 중국어,"과제 어떻게 하는 거야 아무리 봐도 모르겠어 ㅜㅜㅜㅠ
작년에 하신 선배님들 중에 설명해주실 분 안 계신가요? ㅠㅠㅠㅠ",0,"['사이트가 안열려... 흑흑흐그ㅡ극', '난 열리긴 한데.....', '혹시 과제중이야,,? 난 감이 안와서 ㅠㅠㅠ', '나도 감이 전혀 안 와 ㅜㅜ 교수님이 예시 하나라도 보여주셨으면 좋겠다 🤣', '报刊이랑 文学비교가 안열려ㅠㅠ', '그럼 딴 단어로 해야 되지 않을까? ㅜㅜㅜ', '对比 안되지.. 나만 안되는건 줄 ㅠㅠㅠ 하 이거 어케해야해', '혹시 단어만 친 거 아니야?', '카테고리를 报刊이나 文学로 설정하면 비교창이 안열려', '多领域로 설정하면 되긴한데 수업시간 때 교수님은 다 报刊으로 하셔서ㅜㅜ', '교수님께 메일 드려봐...!!!!', '나도 그거 두 개는 안 열려 ㅠ']"
김진형 교수님 중국기업및시장연구 팀플 같이 하실분,열심히 하실 분이랑 매치됐음 좋겠어요,0,"['저요!', '저요!', '카톡 아이디 쪽지로 주세여!!']"
기초중국어 도대체 뭘 위해서,6시간이나 편성한걸까 ㅠ흑 넘힘들어,0,[]
중국음식문화 마지막에,"교수님 뭐라고 하셨어?
그리고 오늘 어쩌구ㅠㅠ",0,[]
중국어 김유미 교수님,"링크어딧어,,??",0,[]
LT 중국어,링크 어딨어...?,0,"['몰라 읍서', '수업 오늘 어케 들어감...?', '나도 찾고있어 .. ㅜㅜㅜㅜㅠ', 'ㅠㅠㅠㅠ 이메일 드렸는데 확인하시려나ㅜㅜ', '답장오면 나두 알려주라..', '오킹ㅠㅠ', '쪽지확인해줘!!', '고마어 옹먕냥💗']"
코퍼스 중국어 BBC 사이트 접속 안되는데,나만 그런거야?,0,"['그거 원래 그래요 교수님께 메일 드려야해요', '수업시간 때 됐었는데 방금 과제하려고 하니까 안돼서요ㅠ 메일 보내셨나요', '혹시 메일 드리고 나면 뭐라고하시나요??', '자주그래요 그사이트..전 작년 일학기 들었는데 아마 교슈님이 과제 마감일 늘려주거나 대책 주실거에요', '그렇군요.. 감사합니다 ㅠㅠ', '저도 안돼요 ..', '저두요...']"
하나의 중국이라는 말 왜 이렇게 거슬리냐,"교수님이 자꾸 하나의 중국 막 습관적으로 엄청 쓰시는데 들을 때마다 좀,,,, 아니다 내가 좀 예민한듯",0,"['교수님 중국인이셔?', '한국인~~', '중국인이심? 딱히 니가 예민한건 아닌듯', '교수님이 중국인이면 ㅇㅈ']"
조언 부탁드립니다 선배님들!!,"선배님들 안녕하세요! 올해 22살 된 여자 휴학생입니다. 내년에 3학년 복학 예정입니다. 전공은 스페인어이고 학점은 4.31입니다.

제가 지금까지 자격증을

토익 900점 이상
일본어 N1 취득
스페인어 B2
중국어 HSK 4급
한국사능력검정시험 1급(얘는 그냥 방학 때 할 거 없어서 따놨습니다!)

이렇게 따놨는데, 너무 언어 위주로만 딴 것 아닌지 살짝 걱정이 됩니다ㅜㅜ 제가 언어 공부하는 걸 좋아하는데, 이러한 경우 진로를 어떻게 설정하면 좋을지 추천 부탁드립니다!(과연 언어로만 먹고 살 수 있을지 고민입니다..) 그리고 위 자격증들에 더해 일반 기업에 취업하기 위해서는 어떤 자격증을 따면 도움이 되는지 추천 또한 부탁드립니다! 아니면 이건 따놓으면 좋다! 하는 자격증 있으시면 추천 부탁드리겠습니다.

코로나 상황 속에서 힘든 취준하시는 모든 한국외대 선배님들 힘내시고, 항상 응원합니다!

*취업, 진로 게시판에도 올렸었는데 더 많은 분들의 의견을 듣고 싶어 자유게시판에도 올려봅니다!",0,"['컴활이요', '감사합니다!', '이중전공은 뭐하시나요?', '이중전공 일본어용 ~', '졸업 게시판에도 적으시면 좋을 것 같아요 :) 일반기업 취업 생각하시면 전산회계 자격증, 컴활 자격증 따 놓으시면 좋을 것 같아요!', '답변 감사해요😊', '한국사 1급 꿀팁있나용...🥲', '2주 정도 하루에 5시간씩 공부했더니 합격했습니다..! 댓쓰니님도 2주정도만 투자하시면 충분히 가능할거라 봅니다!! 에듀윌 한국사 한 권 사서 그거 다 풀었어용! 도움 많이 되더라구요', '감사합니다~~~ 수능 이후로 공부한 적이 없어서 ㅠㅠㅠ 저랑 동갑이신데 정말 많은 것들 하셨네요!! 👍🏻👍🏻', '아닙니다ㅠㅠ 더 열심히 해야죵..😖 댓쓰니님도 한국사 파이팅입니당🥰']"
ㅊㅇㄱ 교수님 중국학 연구방법,들어보신 분 계신가요?!,0,[]
중국어 FLEX 공부 교재 뭘로 쓰시나요?,ㅜㅜ궁금합니다,0,[]
중국 고대소설,주교재 꼭 사야하나요...?,0,[]
교양 중국어 cui xianglan 교수님,오늘 웹엑스 수업은 없는거 맞지?,0,[]
중국생활법률이해,진심 피피티 낭독 수업 ㅠㅠㅠ 하 그냥 녹강이 나을 듯 싶다 하.... 고문이야,0,[]
중국학영어독해 김진형 교수님,translation assignments 과제 매주 제출해야한다는 건가요 아니면 수업시간에 해석 시키는걸 뜻하는건가요? 사례하겠습니다ㅠㅠ,0,[]
중급중국어회화 Chen Wenjie 교수님,"목12 오티 때 무슨얘기 하셨어ㅠㅠ
알려주실 분",0,[]
중국산 김치 봤음 다들?,"개토나오던데..
이제 식당가서 중국산 김치면 계속 생각나서 못 먹을듯..",0,"['포크레인 흙탕물 우욱..', '어디서 봐???', '네이버에 중국산 김치 검색 ㄱㄱ', 'ㅇㅋㅇㅋ']"
중국말소리구조 듣는사람,이거 무작위호명 안한다는 말 맞나요?,0,[]
중국지역경제연구방법 김진형 교수님,중간이랑 과제 팀플로 대체하는거 반대 메일 보낸 사람 있어??,0,[]
중앙대가 진짜 머리 엄청 잘쓴듯.. 학과배분 개오져,"중앙대 정시모집 학과명칭

가군 - 글로벌금융 / 공공인재학부 / 미디어커뮤니케이션
나군 - 경영경제대학 / 사회과학대학 / 인문과학대학 / 영어교육
다군 - 경영학과 / 간호학과

-> 인기과 6개 비인기과 3개


한국외대 정시모집 학과명칭

가군 - LT, ELLT, 국제, 중언문, 일언문, 프랑스교육, 독일어교육, 중국어교육, 영어교육, 아랍, 베트남, 마인, 태국, 인도, 이란, 터키아제르바이잔, 몽골
나군 - LD EICC 경제 행정 미커 정외 국통 중외통 융일지 영미문화 독일 프랑스 러시아 스페인 네덜란드 이탈리아 포르투갈 스칸디
다군 - 경영

-> 인기과 9개 비인기과 27개

ㅋㅋㅋㅋㅋ 어케 이김
저렇게 인기없는 과들을 다 학과별로 뽑는데",2,"['이번해에 다군 경영 옮긴것만 해도 장족의 발전이다.. ㅋㅋㅋ 저거 몇년외쳤는데', '근데 과 진짜 많네 통합모집 필요할 듯', '뭐가 인기고 뭐가 비인기인데', '중대 정시판 개 더러운게 ㅋㅋㅋㅋ 계열모집 그냥 취향 안묻고 합격시키고 성적순으로 짤라버림...', '뭐가 인기임 ?']"
송철규 교수님 중국철학 수업듣는 분들!!,캠좀 키세요 한국분들 중국분들 가릴 거 없이 다들 안 키시든데... 교수님께서 이번 수업 끝나실 때 말씀하신 것처럼 다음주부터는 다들 켜주시길 바래요,1,[]
자민통 운동권으로서 페미니즘 글 보고 한 마디한다.,"대부분의 학우들이 운동권에 대해서 많이 좋지 않은 감정을 가진 것을 알고 있지만 마치 페미니즘이 좌파의 기존 가치를 함유하는, 소수자들과 함께해서 세상을 바꾸는 사상인 것 마냥 소개하는 글을 보고 참을 수 없어 글 올림.

페미니즘이 소수자하고 연대하는 사상이다?

아뇨? 글쎄요? ""개인적인 것은 정치적이다""는 1960년대 말 미국에서 유행한 페미니스트들의 문구가 참 잘 보여준다고 생각하는데. 이런 라이프스타일 바꾸기 운동은 여성들이 사회의 변화에 관심을 덜 갖게 만들었고, 대신에 자기성찰이라는 미명 하에 자기와 무관한 일에 관심을 최대한 줄이게 됐음.

이래서 급진적 페미니스트들은 점점 더 내향적이고 개인주의적이 돼 간 거고, 지금의 공감 불가능한 괴물 같은 페미니즘이 탄생한거지.

혐오발언이라기 보단 대항발화라고 주장하는 거 자체가 웃긴 데, 페미니스트들의 행태를 보면 자신의 주적은 기득권자와 잠재적 범죄자로 몰아가면서 정작 자신들의 이기적, 혐오적인 성향 자체를 탈계급성이라는 미명 하에 숨기고 묻어가려 함. 여성 노동자 문제 해결엔 별 관심도 없고, 남성 노동자들은 그들이 혐오하는 존재일 뿐이며, 성소수자들은 욕하기 바쁨.

특히 레디컬 계열에서 탈코르셋 운동 같은 거 주도하면서 동일임금 문제나 보육 문제, 그 밖의 다른 여성 노동자 조건 문제들에 실천 상 그다지 열심이지 않은 것은 중간 계급 지향성과 개인주의의 끝판왕을 보여줌. 남성을 모두 보수 편견쟁이로 몰아세움으로써 급진적 페미니스트들은 이런 자신들의 중도(의 탈을 쓴 극도의 개인주의)적 입장을 더욱 정당화하고 있지. 레디컬만 그렇다고 항변해도 한국 페미니즘의 주류가 레디컬인건 사상 노선에 관심 없는 일반 학생들도 다 알만한 사실일 텐 데?

노동자들이 산업재해 사고로 숨져가고 성소수자들이 자신의 성적 지향성이나 가치를 말하지도 못하고 끙끙 앓는 상황에서 페미니스트들이 하는 건 남편, 남성 동료, 남자친구, 아들을 기득권자로 몰아가고 잠재적 범죄자로 마녀사냥 하는 행태임. 이게 중국 반우파투쟁이랑 베트남 토지개혁이랑 다를 게 뭐냐?

우리 자민통 계열에서도 민족 자본가들을 기존 재벌인 매국/매판/매족 자본과 같이 바라보는 오류는 범하지 않는데 페미니스트들은 자민통 계열보다도 더 극단주의/고립주의적 노선을 타고 있는데 이는 비판 받아야 마땅함.

한국 운동권의 본산인 한총련이 주류 대학생들의 노선과 괴리 되어 고립되었고 결국엔 지지세를 잃은 다음 이적 단체로 몰려 비참하게 해산 당한 걸 보고 페미니즘 계열은 느낀 게 없나? '우리들만의 대중성'은 아무 것도 어필할 수 없다는 걸 깨달아야 할 텐 데 아직도 그걸 모르고 있으니.

이러면서 마치 소수자들과 연대하는 사상이라는 탈을 쓰고 있으니 역겹다. 진짜로 역겹다.",0,"['실제 현장에서 소수자랑 연대하고 돕는 건 페미니스트인데 인터넷에서만 사는 거 아닌가요', '그 현장이 어디 현장이죠 저도 좀 들어보고 싶네요', '으데요']"
중국어대 졸업논문 데이터 포트폴리오,"점차 포트폴리오로 일원화한다던데
설마 내년에는 논문 사라지고 무조건 데이터포트폴리오로 내라고 하지는 않겠죠ㅠㅠ",0,"['학과장 누구셨지? 박정원 교수님이시면 그럴 수도', '지금 학과장 김종호교수님일걸', '조졌네...', '데이터 포트폴리오는 뭐죠(', '졸업논문 공지에 데이터포트폴리오 공지도 같이 올라와있어요!', '내년부터 그런 방식으로 추진하신대요', '직접 물어보신건가요?ㅠㅠ 알려주셔서 감사합니다!!']"
중국어 능력자분들,"我有一点你的意思
이거 직역말고 의역하면 무슨 뜻인가요",0,"['나도너랑 같은 생각이야', '근데 진짜 거의 비문 수준아님?']"
조엘 중국안보문제연구 시험 봐보신분.. 토론만으로도 머리빠개지겠네..,시험 기말 친다는데 어떻게치는지 기억나시는분~~~,0,['와...동지다....살려주세요...']
중국어 쓰기,는 어떻게 연습하면 좋을까. 첨삭 받아줄 사람도 없는데,0,"['일기 쓰려고 하는데.. 이건 남한테 좀 보여주기 좀 그래서', 'hsk 준비하면서 감 익히기....?', '이거 말고는 없는건가.. 고마워!']"
중국학개론 정유선 교수님 교재,"어떤거 구매해야하는지 알려주실 분 있나요?
제가 어제 인터넷 상황이 안좋아서 교재부분 설명하실때 못 들었었어서요 ㅠㅠ",0,[]
코퍼스 중국어 과제 뭐야,"퀴즈2 저거
상관없나?",0,['저거는 두번째 퀴즈 중국어 타자 잘 못치는분들위한걸로 알고있어요']
고진아 교수님 기초중국어,내일 대면아니죠 ?!,0,[]
코퍼스 중국어 같이 스터디 하실분!,!!!!,0,"['어떻게 할 생각인가요 ?!', '넘 헷갈려서요 , 그냥 서로 도움주는 .. 느낌이요..', '아 중국어 못하니까 너무 힘들다 ㄹㅇ', '근데 과제 내주신거 어떤 형식으로 하는거에요? 전 잘하는데도 힘든데요?', '모르겟어요,,,그냥 지금 강의만 계속 돌려보는중이에요 ㅜㅜ', 'ㅋㅋㅋㅋㅋ......', '드롭 각?', '안대요 끝까지 들어야죠!!!', 'ㅋㅋㅋㅋ 학점 잘 주시나요..?', '네 학점 잘 주시는걸러 알고있어여', '스터디하시나용 ?']"
코퍼스중국어,퀴즈1 배점 몇점 받았는지 알려줄사람,0,['배점 0점인데 !']
코퍼스중국어 과제,"정정기간에 잡아서 퀴즈 못풀었는데 그런 사람은 과제 안해도 되려나,,,??",0,"['해야하는거 아냐? 대신 퀴즈말고 관심있는 단어로?? 나도 정정기간에 잡았는데 어찌해야하나', '옹 그런것같기도 하고,,,과제에 정정기간에 잡았다고 아무거나 하면 되려나ㅠㅠ', '너도 퀴즈 확인 안 되지?', '퀴즈 15분동안만 열려서,,,못봤지ㅠㅠ 저번주거는,,', '나도 비슷해서 메일로 이클래스에 퀴즈 문제 업로드 부탁드렸어! 아마 올려주시지 않을까 싶오', '오오!! 친절한 사람ㅠㅠ🤗❣️ 올라오겠당 고마워유']"
임재호교수님 생활중국어,"암송, 과제 항상 만점 받아야 에이쁠 받을 수 있을까요..?",0,"['총점으로 90이상으로 나누셔서 그런 데서는 한두개씩 깎여도 ㄱㅊ음 중기말 필기가 절대적으로 중요', '헉 그렇군요!! 감사합니다!!', '필기는모한느건가용..지나가다 궁금해서..', '다의어 단어 주시고 그 의미에 맞는 예문 찾기에용!!!']"
중국철학과사상 지금 듣고있는 학우들...,이거 대체 뭔 내용이니...? 진짜 와... ㅋㅋㅋ 정말 도움 안 되는 내용들인데.. 이거 들어야하나 거의 안 들어도 무방할 삘...,0,"['교수님누구? 강 무슨교수님?', '송형규 겨수님', '혹시 오티 들으셨었나요??', '넹', '아까 교수님께서 관심있는 주제 보내라고 하신 거 발표하고 싶은 주제 메일로 보내라고 하셨던 건가요??!', '네네 근데 필수 아니고 그거 보내면 조장 시킨대요 ^^.. 그래서 다들 별로 안 보냈나봐요 저도 조장하기 싫어서 안 보냈어요', '헉 오바네요.. 그래서 다들 안 보내신 거구나.. 알려주셔서 감사드립니다!!🙏🏻', '넹~!!!']"
ㅅㅎㅇ교수님 중국문명과 세계문명,강의 듣고 퀴즈? 과제? 하는거 수업시간(11-13시) 안에 하는건가요 아니면 싸강 출석 시간처럼 내일까지 해도 되나요??,0,"['저는 저번주 화요일 밤? 쯤 썼는데 출석 처리됐던데요', '퀴즈로 출석체크 하시는거 아닌가요??', '첫째주만 연장해주신건줄 알았어요,,그럼 그냥 그날 안에만 하면 되는거겠죠 그럼?? 싸강 들을 수 있는 시간은 화요일 오전 11시부터 수요일 오전 11시라고 되어있으니까,,']"
코퍼스중국러,"bcc 사이트 안들어가지는데,,,
저만 그런가요,,ㅠㅠ
크롬 익스플로러 다 안돼요ㅠㅠ

도와주세요ㅠㅠㅠ",0,"['저는 되던데용.. 교수님께 메일 드려보세용', '헉,,,ㅠㅠ', '저도 비교검색 안되던데 혹시 해결하셨나요?ㅠ', '저 컴퓨터 다시 껐다 켜니까 실행됐어요,,!', '헐 크롬으로 한건가요?', '네!! 크롬으로 했어요!!', '감사합니다!']"
혹시 나민구 - 중국어레토릭,교재 구매해야 하나요? 알려주시면 감사하겠습니다!,0,[]
중국경제통상사 팀플 하실분!!,혼자 듣는 분 꽤 있으신 것 같던데 쪽지주세요!!!!!!같이 잘 해결해보아요 ><,1,[]
중국외교통상사 팀플 조 모집합니당!!,지금 2명 있어요!!! 혼자들으시거나 같이 하실 분 쪽지주세요!! 쪽지에 카카오아이디도 부탁드립니다 선착순으로 마감되면 글 내리겠습니당!!!><,0,[]
__‍♀️ 강의 드롭 TOP20,"심심해서 분석해봄
틀릴 수 있음

3월 2일(화) ↔ 3월 8일(월) 정정 완료 후 비교

[인원수 기준]
1등: 28명 현대사회의윤리문제 이준 (69 → 41, 40%)
2등: 27명 중국어어휘론 이은경 (60 → 33, 45%)
3등: 24명 기업지배구조 유태영 (60 → 36, 40%)
4등: 23명 초급시청각이탈리아어 Zimbardo Marta (55 → 32, 42%)
5등: 20명 계량경제학 민충기 (173 → 153, 9%)
6등: 19명 베트남정치.경제 박재명 (44 → 25, 38%)
6등: 19명 디지털미디어와저작권 김민정 (59 → 40, 32%)
8등: 18명 수리경제학 백화종 (35 → 17, 30%)
9등: 17명 공공경제학 곽창규 (168 → 151, 10%)
9등: 17명 영어와인지 권익수 (50 → 33, 28%)
9등: 17명 중국기업및시장연구 김진형 (59 → 42, 28%)
12등: 16명 중국문화데이터웹퍼블리싱 박정원 (49 → 33, 27%)
12등: 16명 중국학연구방법 최은경 (59 → 43, 27%)
12등: 16명 사회적기업 박찬영 (51 → 35, 27%)
15등: 15명 계약을통한거래 가정준 (80 → 65, 19%)
15등: 15명 Globalization and Development Hanafy Shimaa Mohamed (43 → 28, 25%)
15등: 15명 중급스페인어쓰기 양승관 (25 → 10, 50%)
15등: 15명 조직행태론 김선영 (60 → 45, 25%)
15등: 15명 사회봉사 박상원 (72 → 57, 6%)
15등: 15명 국제사회와국제기구 이영주 (70 → 55, 21%)

[제한인원-드롭수 비율기준]
1등: 50% 중급스페인어쓰기 양승관 (15명, 25 → 10)
2등: 45% 중국어어휘론 이은경 (27명, 60 → 33)
3등: 42% 초급시청각이탈리아어 Zimbardo Marta (23명, 55 → 32)
4등: 40% 기업지배구조 유태영 (24명, 60 → 36)
5등: 38% 베트남정치.경제 박재명 (19명, 44 → 25)
6등: 33% 현대러시아사회와문화 이지연 (13명, 40 → 27)
7등: 32% 디지털미디어와저작권 김민정 (19명, 59 → 40)
8등: 30% 수리경제학 백화종 (18명, 35 → 17)
8등: 30% 영.미문학과토론 Li Fang (9명, 26 → 17)
8등: 30% 초급중국어회화 Lyu Dianwen (6명, 8 → 2)
11등: 28% 영어와인지 권익수 (17명, 50 → 33)
11등: 28% 중국기업및시장연구 김진형 (17명, 59 → 42)
11등: 28% International Political Economy 김병주 (14명, 50 → 36)
11등: 28% 매스미디어일본어 이우제 (11명, 33 → 22)
15등: 27% 한국어교육실습 윤영해 (8명, 14 → 6)
15등: 27% 고급일본어회화 Kozawa Yasunori (8명, 28 → 20)
15등: 27% 중국문화데이터웹퍼블리싱 박정원 (16명, 49 → 33)
15등: 27% 중국학연구방법 최은경 (16명, 59 → 43)
19등: 26% 공연예술중국어실습 맹주억 (13명, 40 → 27)
20등: 25% Business Communication Steve Hyok Lee (5명, 19 → 14)",43,"['초급시청각이탈리아어는 반 두개로 나눠서 그래~~', '초급시청각이탈리아어(A) > 초급시청각이탈리아어(B) 이렇게 바뀐거임!', '와 이걸 언제 다 분석했어요..', '코드 몇 줄짜서 한 2시간 반 정도 걸린 거 같아요.', '그냥 생 자바스크립트 썼습니다. HTML 파서만 빼고요.', '모든 과목을 분석한거예요?', '네 설캠 과목 1956개요', '? 광기...', '인원수 기준 1등 현사철 말하는건가?', '나중에 드랍기간때도 해주시면 안되나요', '넵 알겠습니다.', '23명(46→69) 늘어난 한국인의삶과문화(서상현 교수님) 입니다.', '핫게로', '대단하세요', '수리경제학 도망가!!!!!!!!!!!!!!!!!', '융소하고싶어지는 글이었습니다...', '( 너 내 말 이 들 리 니 ? 당 장 도 망 가 )', '( 선 생 님 이 미 막 학 기 상 경 부 전 이 에 요 )', '네?', '융소 탈주러로서 정말 멋지십니다 ..... 이런 인재가 컴퓨터를 다루는거군요 저는 컴퓨터가 그냥 때리면 말잘듣는 기계인줄로 알고 살았네요....', '중국학대 많네^^....', '베트남 정치경제는 그럴만두....', '권원순 없네']"
원혜련 교수님 시중독 (시사중국어독해),오티 들으신 분 과제 설명 좀 부탁드립니다ㅠㅠ 오늘 잡았는데 예습 노트정리 이메일제출은 언제까지 해야하는지 여쭤보고 싶습니다..,0,[]
초급중국어강독 이은경 교수님,뭐야 강의 끝난 거야?,0,[]
중국대중문화 이민숙,버리실분쪽지즈세요제발,0,[]
중국대중문화 버려주라,제발,0,['제발']
이익희교수님 중국역사의 이해,이익희 교수님 중국역사의 이해 목요일 수업 오티 무슨 내용이었나요?? 오늘 잡아서 오티에서 무슨 말 하셨는지 몰라서요 ㅠㅠ 혹시 아시는 분 계신가요...??,0,[]
중국학개론 교환하실 분,"나 정유선교수님 월 7,8
당신 정보은교수님 수 1,2
.....",0,"['나나', '어그로지......', '당신...?', 'ㅋㅋㅋㅋㅋㅋㅋㅋㅋㅋㅋㅋㅋㅋㅋㅋㅋㅋㅋㅋㅋㅋ']"
중국학영어독해(최은경) vs 중국철학의이해,수업 들어보신 분들 둘 중에 뭐가 더 괜찮았나요?,0,"['2', '1 ㄹㅇ개꿀']"
중국경제통상사 김진형 교수님 팀플하실사람 있으신가요,"발표가 생겨서 조를 짜라고 하시네요 ㅠㅠ
같이 하실분들 쪽지나 댓글 남겨주세요!!",0,"['네ㅠ', '저 쪽지보냈어요!', '저 같이하고 싶습니다!', '쪽지보냈어요!!']"
이민숙 중국대중문화,버리실분없으신가요 저한테버려주세요,0,[]
중국문서데이터시각화,나만 아직 강의 안 들어가져?,0,"['나도임ㅋㅌㅋㅋㅋㅌㅋ', '다행이다...', '다행이다 같이 기다려보장', '아직도안됨 다들?', 'ㅇㅇㅠㅠㅠㅠ 교수님이 깜빡하셨나', '중문디 새로운 주소 뜸?', 'ㅇㅇ 지금 오티하심 ID로 들어와']"
중국학개론1 최은경 교수님,오늘 수업 초반에 출석체크 했나요?,0,"['아뇽', '혹시 그럼 수업 중에 언제하셨나요..? 오티라 아예 안하신건가용', '아예 안 하셨어용', '앗 넹 감사합니다!']"
현대중국의 국제관계 vs 중국소비자경제학,"둘중 머듣지,,",0,[]
중국소비자경제학 오티 들으신분?,"원혜련 교수님 수업인데, 방금 주워서.. 혹시 앞으로 발표 위주로 진행된다고 하셨나요??
오티 내용 간단히만 알려주실 천사분 계신가요 ㅠㅜ",0,[]
중국대중문화 버리실분 쪽지주세요!!,사례하겠습니당,0,[]
중국문명과 세계문명 필요하신 분,쪽지 주세요,0,[]
아 중국대중문화,자리 아 까비 ㄷ제발,0,[]
여정남 교수님의 중급중국어강독(1),혹시 수업 어떻게 하나요? 아무 공지도 없으시고ㅠ,0,"['강의계획서에 웹엑스 주소 남기셨어요!', '감사합니다!!', '근데 미팅을 안 여셨어요 ㅠㅠ']"
중국대중문화 이민숙교수님,버리실분있나요,0,[]
생활중국어 교환 하실 분(화요일),"생활중국어 화456 갖고 있고, 화123인 분과 교환 희망합니다! (둘 다 노지영교수님)
1교시 힘드신 분 저랑 바꿔주세요..🙏",0,"['시간 때문에 바꾸시는 건가요?', '네 1교시 수업 듣고 싶어서요..', '저 123인데 저랑 바꾸실래요?!', '쪽지 보냈습니다!']"
중국안보문제 조엘,왜 월욜수업인데 강의시청가능시간 화요일인지 아는 사람 있음.....?,0,['3월 1일이 월요일이었어서 원래 종강도 늦어지는 건데 일부러 수강기간 넉넉히 주고 스타트 빨리 해서 배려해 주신듯']
기숙사글 올라오니깐 1학년때 생각나네,"새벽3시에 자고있는데
밖에 우당탕 소리가 들리길래
나가보니깐 어떤 애가 우리방 건조대에 걸려서 넘어진거
당연히 술마신 상태였고
난 5초간 벙쪘음
그리고 조금 지났나.
갑자기 토하기 시작하는거ㅋㅋ
어이가없어서 화도 안나더라.
그리고 뭐라뭐라 하면서 일어나더니 팬티는 반 벗겨진상태로
엉골 보여주면서 지갈길 가더라
분명 중국어였는데
참 세상에는 이상한사람 많다고 느꼈다",0,"['그걸 안팼음?', '누가 치워 더럽게', '경비아저씨한테도 말하기 뭐하고. 그냥 내가 치움', '우웩', '토에서 면발이 보이더라. 라면먹은듯']"
중국어 듣기,뉴스나 드라마보다 조금 더 낮은 수준의 듣기를 키울수 있는 매체 있을까요,0,['넷플에서 중드 ㄱㄱ']
중국업무작성법 오티! 사례할게요,jiang zhuhua교수님 오티 내용 공유해주실 분 있으실까요? 아니면 작년에 수강하셨던 분 계실까요? 사례는 꼭 할게요!!!,0,"['별거 없었어요, 강의계획서에 있는 그대로 말로 설명해주신거라']"
학잠 과잠,학잠이나 중국학대 과잠 팔사람 ㅠㅠㅠㅠㅠㅠㅠ,0,"['헐 못샀나..', '웅 ... 난 멍청이']"
정유선 교수님 중국학개론,책 사신 분?,0,"['혹시 책 벌써 사야돼요?? 내일 ot듣고 사면 안되나요??', '저도 내일 오티 듣고 사려구요ㅠㅠㅜ 그래도 괜찮은지 모르겠어서 글 올린 거얐어요.. 내일까지가 1주차니까 오티하시지 않을까여ㅠㅠㅠ', '그러게요 강의계획서에 책이 많더라구요ㅜ 저는 내일 ot듣고 사려구요!', '저도 그래야겠네요ㅠㅠㅠ 사실 내일 수업이어서 이미 늦기도 했고ㅋㅋㅋㅋㅋ 내일 오티 때 설명해주실 거라 믿어요ㅎ..', '사실 건가요?', '우선 중간고사 전까지 쓰는 책만 샀어요', '현대중국을 찾아서 말씀하시는 거죠?', '책 세권 다 사라하셨나요?', '인터넷 상황이 안좋아서 교재어떤거 사라고 하신지 잘 못 들었어요 ㅠㅠ 혹시 알려주실분 계신가요?', '꼭 살 필요는 없고, 다른 중국역사책 있으면 상관없다고 하셨는데 그래도 뭔가 사야할 거 같아서 저는 2권 샀어요..']"
"한국외대 전체학과 취업률(2019,대학알리미)","우리 학부는 얼마나 취업할까? 에 대한 명백한 자료
학부만 포함(대학원 미포함)

[단순 교육부 통계자료니 태클안받습니다]

Top 10
(글로벌) 국제금융학과 100%
(서울) 일본언어문화학부 100%
(서울) 중국언어문화학부 100%
(서울) 몽골어과 90%
(서울) 포르투갈어과 90%
(서울) 방송.영상.뉴미디어전공 84.6%
(서울) 베트남어과 83.3%
(글로벌) 폴란드어과 81.3%
(글로벌) 글로벌스포츠산업학부 81%
(서울) 말레이ㆍ인도네시아어과 80%

Top20
(글로벌) 체코슬로바키아어과 78.1%
(글로벌) 세르비아ㆍ크로아티아어과 77.3%
(글로벌) 그리스ㆍ불가리아학과 73.9%
(서울) 페르시아어ㆍ이란어과 73.9%
(글로벌) 정보통신공학과 73.9%
(서울) 태국어과 73.7%
(서울) 경영학부 73.3%
(서울) 경제학부 72.7%
(글로벌) 브라질학과 72%
(서울) 독일어과 71.9%

Top30
(서울) 네덜란드어과 70.6%
(글로벌) 루마니아어과 70.6%
(글로벌) 우크라이나어과 70.6%
(글로벌) 화학과 70.6%
(글로벌) 일본어통번역학과 69.2%
(서울) 노어과 68.9%
(글로벌) 산업경영공학과 68.2%
(글로벌) 인도학과 67.9%
(글로벌) 러시아학과 67.6%
(서울) 스페인어과 67%

Top40
(서울) 인도어과 66.7%
(글로벌) 철학과 66.7%
(글로벌) 중국어통번역학과 65.4%
(서울) 광고.PR.브랜딩전공 65.2%
(서울) 국제학부 65.2%
(글로벌) 수학과 65.2%
(글로벌) 프랑스학과 65.2%
(글로벌) 말레이ㆍ인도네시아어통번역학과 64.9%
(서울) 행정학과 62%
(서울) 독일어교육과 61.5%

Top50
(글로벌) 중앙아시아학과 60.9%
(서울) 스칸디나비아어과 59.3%
(글로벌) 이탈리아어통번역학과 59.1%
(서울) 국제통상학과 58.7%
(서울) 아랍어과 58.6%
(글로벌) 환경학과 58.3%
(글로벌) 전자공학과 58.1%
(글로벌) 독일어통번역학과 57.1%
(서울) 프랑스어교육과 56.5%
(서울) 터키ㆍ아제르바이젠어과 56.3%

Top60
(글로벌) 통계학과 55.9%
(글로벌) 전자물리학과 55.6%
(글로벌) 헝가리어과 55.6%
(글로벌) 사학과 54.5%
(글로벌) 스페인어통번역학과 54.4%
(서울) 정치외교학과 54.2%
(서울) 이탈리아어과 50%
(글로벌) 태국어통번역학과 48.4%
(글로벌) 영어통번역학부 47.5%
(글로벌) 생명공학과 46.4%

Top70
(글로벌) 언어인지과학과 45.2%
(서울) 한국어교육과 40.7%
(서울) 융합일본지역학부 25%
(서울) 영어교육과 24%
(서울) EICC학과

이외학부 자료X

<정성추천해주세요>",4,"['아랍어과인데 ㄹㅇ 취업 어케해야할지 감이안온다', '영어공부잘하세요', '글캠 탑텐세곳은 어디서 많이 들어본 과네.', '다 아는 학과들이구먼', '나도 저 학과들은 앎', '출처가 어디임?', '몽어몽문ㄷ', '네다몽 취업률 좋네', '학교자료는 진취센터 상담할때 알아볼수있음 년도별 취업현황 회사까지알아보고 취합하고 있더라고~~ 당장 우리과 누락된거도 그렇고 서울어문 대부분 오십퍼는 넘던거같긴하지만 누락된 자기과 취업률 궁금하면 예약해서 상담받으며 물어보세용', '국통 머선 129,,,']"
쇼트트랙 임효준 중국 귀화함,"훈련중 사람들 앞에서 황대헌 선수 바지벗겨서 2년 자격정지받았는데 걍 귀화해버림 에휴
마지막은 벌써 중국인 같아진 ㅇㅎㅈ 댓글창 막아놓음
실검있었으면 사람들 벌써 다 알았을텐데 ㅜㅜㅜ 하",38,"['헐.........?', '담 동계올림픽 베이징인데..중국대표팀 감독도 우리나라 대표팀 전 감독이고', '안현수도 코치로 합류함', '쓰레기가 쓰레기통에 들어갔네', '대법원 판결 뒤집힐 수도 있어서 조마조마했나봄', '3심 한다며', 'He is Chinese.', '입국 금지시켜라', '선수생활 이어가려면 가는 게 맞지', '아 근데 저렇게 명품으로 휘감았는데 노간지인사람 첨봄', '그게 중국인 특임 알지', '가도 중국을 가냐', '저 ㅅㄲ 때문에 평창때 남자 단체 노메달인건데 에휴', '근데 피해 선수 이름을 밝히진 말자.. 담부턴 주의해줘ㅜ']"
올해 졸업하고 내년에 다시 외대 한국어교육과 들어가는거 어때,"완전 시간낭비일까?
현재 상경계 전공+ 유럽어 이중했고
한국어강사에 흥미 생겨서
내년에 다시 한국어교육+ 중국어 이중 고민중인데 오바?
적지않은 나이라 고민된다",0,"['대학원 없나?', '대학원가요', '대학원 교육 전공 안했으면 못가지 않나요?', '그쪽 알못이긴 한데 유튜버 밍찌 보면 학부 고대 미디어인데 고대 국어교육 대학원 가셨음!!', '헉 그렇군요 감사합니다!', '네', '여기 알아봐야겠네요 감사합니다!', 'kfl 가세요... 한교가', '오 한교세요? 사범대는 이중을 못해서 아쉬웠어요 한교 어때요?', '한교입니다 한국어강사 이름만큼 블루오션 아니에요 유튜브에 현직 영상들 많으니 한번 보시구여 현재 상경하고 계신대 이것땜에 오는건 절대 아닌거같아요 ㅠㅠㅠ 한교나와도 어차피 그 분야는 대학원까지 가는 거 같으니 차라리 대학원을 알아보셔요', '댓글 감사합니다! 제가 너무 안일하게 생각하고 충동적으로 행동하려 한 것 같아요. 말씀 해주신대로 좀 더 정보 알아보고 결정해야겠어요. 좋은 저녁 보내세요😊', '저도 고딩때 아무것도 모르고 오 한국어교육 전망있어보이네 라고 했는데 이미 큰 시장이고 동남아권에서는 그래도 수요가 있는편 같지만 이미 현직자들도 많고 고학력자도 많고 학점은행 등으로 자격증 얻는 사람들도 많은 거 같더라구요 ㅠㅠ 위에 말한거처럼 현직자 영상을 더 찾아보심 도움 될 것 같아요 ㅎㅎ 화이팅입니다', '근데 교육대학원은 학부때 그 전공 안했으면 자격증은 못딸걸']"
ㅊㅇㄱ 중국학연구방법,오티때 무슨 말씀하셨나요? 혹시 과제나 팀플 많이 있나요?,0,[]
남들에겐 말하지 않는 꿈 말해보자!,"난 세계인이 쓰는 SNS를 만들거야

2027년에 처음으로 런칭하고
2030년까지 국내 시장에서의 성장을 기반으로
동남아와 중국 진출
그리고 2035년엔 인스타를 뛰어넘는 SNS가 되는거지! 물론 그때되면 인스타 인기가 많이 식을거라고 생각해ㅎㅎㅎ

내가 봐도 황당하고 말도 안되지만 이게 내 꿈!",0,"['지금도 바로 실천할 수 있는 꿈이넹', '부자인뎇아무도 나를 모르는거', '오 것도 멋지다ㅎㅎㅎ', '맞아.. 페이스북에서 인스타로 세대교체 된것처럼 그때쯤 되면 새로운 매체가 나올것같아', '맞아맞아! 오래전부터 컨셉은 생각해둔게 있는데 그걸 실현하고싶어', '요듬 인스타 이상한데 네가 새로운거 만들어줘']"
고진아교수님 기초중국어,12일까지는 비대면인거죠? 관련해서 말씀하신거 뭐있었나요??ㅠㅠㅠㅠㅠㅠ,0,[]
해외에서 외대 졸업생들 진짜 많이 일하고 있긴한가봐,"우리 언니 홍콩에서 일하는데
일적으로 만나는 사람들 학교 물어보면 거의다 외대래
특히 홍콩이라 그런지 외대 중국어과 엄청 많다고 신기할정도라더라ㅋㅋㅋㅋㅋ
코트라 말고도 은행 이런 쪽도 물어보면 다 외대래
뿌듯",4,"['나두 해외에서 일하면서 동문 만나는 뿌듯함 느끼고싶다🥰', '요즘은 한국 정착 선호하지 않나', '그렇지도 않은듯? 나랑 내친구들만해도 코로나 전까진 해외나갈생각 있었어', '그렇구낭... 나 아는 주재원이나 해외 근무 자주하시는 분들 물어보니깐 예전과 달리 한국이 살기 좋아져서 다들 꺼린다고 그러길래 해외파견이나 해외나가는거.. 근데 케바케구나 역시', '응응 근데 그런 분위기는 사회 전체적인 분위기라 총 숫자가 줄어드는거지 해외에서 일하고 있는 사람들 중엔 확실히 외대 많은거 같아! 우리도 화이팅하자!', '근데 생각해보니 그분들은 나이대가 집도 있고 애들도 있어서 이제는 한국이 더 좋을 수는 있어도 우리세대는 집값 문제 등등 다시 해외나가는 것도 고민해봐야할 시기는 맞는 거 같아!! 그런 면에서 탈조선에 유리한 게 우리학교 맞공!! 같이 화이팅 하장!!!!', 'ㄹㅇ.. 해외에서 동문회하면 한국에서 모일때보다 훨씬 끈끈할듯..ㅋㅋㅋ', '영어+중국어+경영 조합으로 많았음', '근데 시대가 바뀌어서 저거 +@가 필요하지 않을까 싶기도 해 우리취업할때쯤엔', '나는 집값때문에 아예 선택지에 넣지 않았지만 여기서 지원하고 skype로 면접보고 잡을 잡거나 인턴으로 시작']"
설캠 이시간에 먹을수 있는 중국집있냐,ㅇㅇ,0,"['마싯겟다', '김씨표류기 광고봤더니 짜장 땡긴다', '짜파게티 먹어 츄베룹!!!!', '그건 먹으면 더 배고파져서...', '너구리랑 섞어 먹자!!!', '아 땡기네', '설캠 물었는데여...', '저 문장에서 설캠 빼면 그냥 중국집 묻는게 되버려서요ㅋㅋ', '24시 있음', '집이름이머에여', '배민!']"
중국어랑 일본어 중에,"뭐가 더 쉽나요?..

참고로 문법에 강하고 한자에 약한편...
그런데 일본어는 배우면서 뭔가...
나중에 쓸 일 없을 것 같고 그래요ㅠㅠ
(외교원 1차 대비 고르는 거에요)",0,"['일어는 갈수록 어렵고 중국어는 한자만 알면 문법이 크게 어렵진 않음', '정말 중국어는 한자싸움이군요 ㅠㅠ 일어문법 많이 어렵더나요...? 성별 나누는 서양어보단 낫겠죠?ㅜㅜ', '일어문법....성별 나누는 건 솔직히 별 거 아니에요. 그냥 개념이 생소해서 그렇고... 일어 문법은 정말 어렵습니다. 중국어의 장벽이 한자랑 성조라면 일어는 한자 읽는 방법도 여러가지고 문법이 굉장히 복잡해요', '아 그정도로 복잡한 거면 정말 많이 복잡하군요 제가 단어 외울때마다 성별을 어떻게 같이외우지 싶어서 서양어의 진입장벽을 높게 잡았었는데 그건 사실상 간단한 문제였던 거고요ㅠㅠ 이렇게된 이상 하나 더 고려하자면, 차라리 스페인어가 나을까요;; 한자없으니까요..', '그러면 중국어. 일본어는 전공할 거 아니면 취미생활을 윤택하게 해 주는데밖에 기여 못 해서ㅋㅋㅋ 한자는 어차피 익혀야 하는 건데 일본어는 한 한자를 읽는 방식이 너무 다양한 언어라 때려붓는 시간에 비해서 습득량이 들쭉날쭉함', '굉장히 세세한 분석이시네요 진짜 값진조언 감사합니다', '중국어 문법 안 어려움 한자 뒤지게 많음 근데 한자 베이스 좀 쌓이면 새 단어 외울 때 편함', '? 완전 신기해요 한자에 대한 두려움이 조금은 사라지네요 감사합니다', '한자 쪼개서 보면 아 얘가 뜻 나타내는 한자구나 소리나타내는 한자구나 알게 돼요 그럼 기초 배울 땐 죽어나지만 쌓이면 괜찮아짐 화팅화팅', '화팅화팅 감사합니다 중국어 선택하게되면 공부법 잘 활용하겠습니다', '중국어는 문법 배우면 굉장히 낯선 용어들이 많은데 내용 자체는 영어랑 비슷하기도 하고 그리 복잡하진 않은 듯. 일본어는 우리말과 구조가 비슷하지만 일단 용어 자체가 다르고 우리말도 그러하듯 문법 체계가 상당히 복잡함. 한자는 중국에서는 간체자 일본에선 자기네식 번체자를 씀. 중국어는 전부 한자로만 표기하기에 배우기 어려울 수 있음. 일본어는 발음 기호 두 종류와 한자를 섞어쓰는데 음독, 훈독 등 중국어보다 표기법이나 읽는 법을 터득하는 게 더 어려움.', '와 단순히 일본어가 읽기 더 쉬울줄 알았는데 그게 아니군요... 한자는 그래도 여전히 중국어가 더 어렵고, 문법을 좋아하는 편이라면 일본어가 재밌을 수도 있겠네요 하지만 읽는 게 더 어렵다면 ㅠㅠ 하 고민입니다 조언 감사해요', '일본어는 처음엔 엄청 쉬운데 중급부터 확 어려워져요 한자도 많고 존경어도 완전 다르고.. 중국어는 모르겠는데 절 고려해 보세요!', '잘']"
중국음식문화 교재 중화미각 e북으로 있던데,"종이 살까요 전자책 살까요
이 수업 들으셨던 분들 의견도 궁금해요",0,"['저는 일단 전자책 샀음다', '빠르시네요', '전자책 사도 문제없어요', '감사합니다~', '혹시 e북으로 어케 사셨어요??? ㅠ', '알라딘에서 샀어요', '감사해용']"
신세리 교수님 중국인터넷플러스,강의계획서에 나와있는 교재 사야했던가요?ㅠ,0,[]
강진석 교수님,중국학개론 마오의 중국과 그 이후 책 사야하나요? 수넙 들으셨던 분들 어떻게 하셨나요?,0,"['안 사도 될 것 같아요. 피피티 위주로 수업하셔서요..! 그리고 오티 때 교재에 대한 말씀은 없으셨던 걸로 기억합니다', '아핫! 감사해욥ㅎㅎㅎ']"
중국역사의이해,실시간 강의 하시는건가요??,0,['네']
엘디엘티 김유미 교수님 중국어5 오티 내용 부탁드립니다ㅠㅠ,제가 웹엑스 접속이 안돼서 못들었는데 혹시 오티 내용 좀 가르쳐주실 분 있으신가요?ㅠㅠ,0,"['12쪽 한어병음 미리 찾아서 발음 수업전에 다 읽을수 있도록 해오라고 숙제 내주셨어요!', '그거말고는 항상 오티때 하시던 말씀이었던거 같은데 아마 오티자료 올려주실걸..요? 그동안 배운 핵심문장 복습했습니다', '정말 감사합니다!! 그럼 앞으로도 쭉 웹엑스 수업인가요? 아니면 녹강 올려주시나요? 중국어 쉅 안들은지가 한참돼서 김유미 교수님은 첨입니다ㅠㅠ', '아 처음이시군요 항상 웹엑스로 실강하시고 이번엔 카메라 꼭 키라고 하셨어용', '아 실강이군요 감사합니다!!']"
이민숙교수님 중국대중문화,버리실분... 제발.. 부탁드립니다.. 쪽지주세요,0,[]
중국말소리의구조 힘들까요?ㅠㅠㅠ,버릴지말지ㅠㅠㅠ,0,[]
중급중국어회화 목12 오티,"무슨 얘기 하셨어?
Chen Wenjie 교수님 중중회",0,[]
중급 중국어 강독,권희정 교수님 수업 많이 힘든가요???,0,[]
중외통들아..,"중국기업및시장연구vs중국학연구방법

뭐할까 ㅠ..",0,"['둘다 영어쓰지 않음?', 'ㄴㄴ 최은경교수님은 한국어로 수업 자료는 영어임', '음.. 난 최은경교수님 강의력 실강때도 별로라 생각한 사람이라서 전자가 그나마..', '전자는 영어발음 때문에 수업을 못알아듣겠다는 평이 많은데 혹시 김진형 교수님 수업도 들어봤어?', '아 그래? 자강두천이네', '아니 안들어봤어', '두 교수님 중에 고르라면 김진형교수님', '이유 알 수 있을까?? 지금 강의력 별로여도 알아듣기라도 할 수 있는 최은경 교수님 수업 들을까 했거든', '나 최은경 교수님 아직 고민중인데 김진형 교수님 수업 시장연구 오늘 오티 들었더니 무슨 팀플하라고 하시고 그래서 과감하게 드랍했어', '어우...알려줘서 고마워..', '최은경 교수님 김진형 교수님 둘다 영어 자료인데 그나마 최은경 교수님 시험은 노력하면 괜찮겠지만... 아직 쪼렙인 나한테 무슨 분석을 시키신다길래 기겁함']"
김진형 중국기업 및 시장연구,수업 어땠어요?? 다른 수업 버리고 잡을까 고민중입니다,0,[]
중국대중문화/중국문명과세계문명,"버리실 분 쪽지 주세요.
사례 하겠습니다...",0,[]
중국문명과세계문명 ㅜㅜㅜㅜ,아ㅜㅜㅜㅜ누가가져김,0,[]
언문,트래도스 중국어 기말시험 어떻게 보나요?,0,[]
중국의도시화 정유선교수님,개빡세나요??? 잡앗는데ㅜ,0,['개까지는 아닌데 빡센편']
코퍼스 중국어 버려줄 천사 없니 ㅠㅠ,제발!!!!,0,"['코퍼스 잡았어?', '아니 못잡았어 결국...', '나 내일 아침에 정정할거야!', '10시쯤에 대기타고 있어 ㅎㅎ', '진짜로???', '웅웅', '헉 알겠어 딱 10시에 할거야??', '나 일단 딴 수업 잡고 버릴거라서 딱 10시는 아닐수도 있는데 계속 연타하고있으면 될거야...! 버리기 전에 댓글 하나 줄까????', '나도 잡을라면 딴수업 버려야돼서 버리기 전에 먼저 댓글 남겨줭 ㅎㅎ', '응응 알겠어! 내일 화이팅이야', '오케이']"
중국음식문화 이민숙교수님,책 구매해야한다고 하셨나용?,0,"['넹 과제같은거 책읽는거같은거 한다고 하셨어요', '책이랑 수업자료랑 ㄹㅇ 똑같던데']"
중국어학개론 김종호 교수님,시험 답안 중국어로 써야하나요??,0,['네']
중국업무작성법,jiang zhuhua교수님 오티 내용 공유해주실 분 있으실까요? 아니면 작년에 수강하셨던 분 계실까요? 사례는 꼭 할게요!!!,0,[]
중외통 현대중국의국제관계 버리실분 계신가요 ㅠㅠ,"버리실 분 계신가요 ㅜㅜ!
꼭 필요합니다..",0,"['저 버릴거같아요 !! 혹시 다른 수업 뭐 있으세요', '쪽지드렸어용!!']"
중국 법제도의 이해 오티,"혹시 중국법제도의 이해 오티 들으신 분 계신가요??
방금 잡아서 오티를 못들어서요ㅠㅠ",0,[]
중국대중문화 수업 버리실 분 찾습니다🥺,이민숙 교수님 중국대중문화 수업을 듣고 싶어요....... 부탁드립니다.... 쪽지주세요 ㅜㅜ,0,[]
언문,이민숙 교수님 중국대중문화 버리시는분 ㅜㅜ꼭 쪽지 부탁드립니다,0,[]
제2외국어 중국어 김유미,웹엑스 다들 접속 하셨나요?,0,"['어니여여여우ㅜㅜㅜㅠ 아무것도 안 올라오지 않았나요..!', '저 그래서 윕엑스 접속 못했는데 혹시 주소 아세요 ㅠㅜㅜ????', '익1아 엘엠에스말구 한국외대 앱에 공지와있어', '암것도없어요..', '후우 다행이다 ㅠㅠㅠ 전 저 혼자 이러고 있는 줄 계속 공지사항 새로고침하고 있었어요', '저듀요 교수님 주무시나', '전 비밀번호를 입력하라고 뜨네요..;;', '그럴수도... 너무 슬프다', '링크가 잇서요 쓰니님??', '네 있어요~ 한국외대 앱 가시면 메시지를 보내셨어요 교수님이', '혹시 한국외대 앱설치 하셨나요?', '넨', '네!!', '교수님께서 주로 거기로 공지를 하시는데..', '오잉 근데 공지를 안해주셧나?', '네 공지는 하셨지만 웹엑스에 비밀번호 설정이 되어 있어서 접속불가네요 ㅠㅠ', '저 들어왔어용 쓰니야', '익3 사랑훼', '화이팅😊', '끝낫나요 전 몰랏는데ㅠㅜㅜㅜ']"
중국어 ㄱㅇㅁ,김유미교수님왜 암것도안올라와,0,"['교수님도 일교시가 힘드신가봐', '아 자주 있을법한일이야 ? 나 혼자 안하는줄알고 개쫄았서']"
중국철학과사상 어떤가요??,주운 강의라 오티를 못 들어서요..,0,[]
교양중국어...,보통 엄청 간단한 과제 한 번 미제출하면 몇 점 정도 깎이나요? 연장제출 안 돼서 교수님께 쪽지로 보내긴 했어요...ㅠㅠ,0,[]
이민숙교수님,중국대중문화 버리시는분 ㅜㅜ,0,[]
내가 ㅌㄹㄷㅅ,트래도스 중국어랑 중국대중문화 교환할사람!,0,[]
Cui xianglan 교수님,하 오늘 5시에 교양중국어 수업 있었는데 7시로 착각해서 안 들어갔어ㅠ webex들어간 사람 있으면 무슨 내용이었는지 알려줄 수 있어???,0,"['메일 보내볼까 하는데 한국어로 적어도 될까? 깐깐하신 편이야?', '강의계획서랑 시험 보는 방식 알려주시고 자기소개 시키셨어! 한국어로 적어도 될 것 같아 엄청 잘하셔서... 깐깐하지는 않으시고 스윗하심', '혹시 쪽지로 간략하게나마 알려줄 수 있니?🥺🥺plz', '남자 교수님이셔?', '쪽지보냈어!!🙂🙂']"
트레도스 중국어,"과제 저만 이렇게 어렵나요...?? 중국어 못하면 버리는게 나으려나,,,",0,['파파고 참고하면서 번역해보세요 그래도 어려우심 드랍......']
중국어문법작문,"오늘 중국어문법작문 박흥수 교수님 수업을 잡았는데, 오티 내용 알려주실 수 있나요? 교재 두권 다 사야하나요? 감사합니다",0,[]
중국어어휘론 이은경 교수님,"오티 들으신 분 계신가요?
예전에 초중 듣고 교수님 스타일이랑 잘 맞아서 오늘 주웠는데 교재와 예습 이외에는 다음수업까지 주의해야 할 내용이 또 있나요?
예습은 워드로 하나요 필기로 하나요?
답해주실 분 미리 감사합니다🙇🏻‍♀️",0,"['도...망...가....', '수강평 한 번 봐봐 ㅎ']"
후문에 중국식재료 마트,후문 쪽에 일는 중국식재료 마트? 거기 지나가다가 보기만 했는데 어때?? 가볼만해? 마라샹궈 만들어먹고 싶은데 푸주나 건두부가 없옹,0,[]
공연예술중국어실습,webex 갑자기 종료된거 같은데 수업 이렇게 끝인가요?,0,[]
✅[한국외대 온라인 서점 이앨리스 체험단 후기]✅,"-한국외대 온라인 서점 이앨리스(ealice)에서 체험단을 모집한다는 글을 보고 바로 고고링~
짧고 굵게 장점 & 단점을 파헤쳐보기로 했다.


👍장점😆👍
✔ 1) 인터파크와의 제휴
이앨리스는 현재 인터파크와 제휴를 맺고 있기에 거의 모든 전공 책은 이앨리스 서점에서 구매가 가능하다는 점!

✔ 2) CS(1:1)문의 잘 되어있음
배송관련해서 문의하고 싶은데 글쓰기, 전화 다 귀찮은,,,긔차니즘임.
카카오톡 기능 & 홈페이지에서 실시간으로 문의 가능한 채팅 기능이 있는데 친절하고 빠르게 답변받음...!

✔ 3) 택배를 받고 하루? 이틀정도 이후에 개봉했는데, 안전하게 공기가 들어있는 에어 쿠션과 이앨리스 자체 메모지 그리고 이앨리스 팜플렛이 들어있었다. 자체 메모지는 굿즈로 팔아도 좋을 듯함!! 귀엽고 알차❣ (본품보다 사은품에 설레는 스타일) (굿즈로 팔면 배송비 채울 때 ㄱㅇㄷ ㅎㅎㅎ / *참고로 2만원 이상은 무료배송!!)

✔ 4) 이앨리스 홈페이지 -> 학부카테고리 접속 -> 영어대학/ 아시아 언어대학/ 중국학 대학/ 국제지역 대학 등이 뜬다.
본인이 속해있는 단과대를 클릭하면! 그에 맞게 자주 사용하는 전공책 or 관련있는 책들이 나온다는 점! (이건 진짜 칭찬할 만 함. 새내기들 아주 도움 되겠어 XD)

✔ 5) 셀프북 만들기가 있음 💯
셀프북 만들기란 '자신이 가지고 있는 PDF 파일'을 업로드 한 후, 목차나 내용 등을 기록해서 나만의 책으로 만들어내는 거임! PDF파일 많이 올려 주시는 교수님들이 계시다면 유용하게 쓰일 듯함.

✔ 6) POD도서: 출판비용 절감 (개인적으로 아주 칭찬함❤)
-POD도서란? : 주문이 발생함과 동시에 제작함! -> 별도 비용 소요❌
(필요한 만큼만 제작되기에 재고가 발생하지 않아 자원을 낭비하지❌/ 소규모 출판사도 이득:)! )
마지막으로 개인작가의 경우 복잡한 절차를 거치지 않고 본인의 도서를 손쉽게 제작할 수 있다는 장점!


😰단점😰
단점은 단 두가지,,,,,꼭 개선해 주었으면 좋겠습니다:-(
✔1) 거의 모든 전공 책만 있다
우리가 흔히 아는 'NO 24', '멜라닌' 등과 같은 대규모 온라인 서점이 아니기 때문에 전공 외의 소설, 참고서를
이앨리스에서 구매하기는 조금 힘들다는 점. (하지만 더 활성화 되면 책 품목도 늘어나겠쥬~~?)

✔2) 빠른과 느림 사이의 배송
-쓰니는 2/21(저녁 7시 45분 주문함) -> 흠 저녁에 주문했으니까 23일에는 받겠다! 늦어도 24일? (지방러임)
-2/25(오후 3-5시 사이에 받음) -> 바로 출고가 되지는 않는 듯함....급하게 책 필요한 사람은...(다음에 이용하기로~)

-필요하신 분은 여기로(http://hufs.ealice.com)


*본 게시물은 이앨리스 체험단 후기로 작성되었습니다.!!",3,"['체험단 왜하셨어요?', '어차피 사야하는 책이기도 했고, 가격도 다른 온라인 서점이랑 비슷해서 학교 온라인 서점에서 구매했어요:)']"
중국 말소리의 구조,쭉 실강하실까요?? 수업 중간에 교재 읽는거 시키시면 진짜 자신없는데ㅠㅠㅠㅠㅠ,0,['읽는거 시키시나요..?']
중급중국어강독 교재,이정인 교수님 수업인데 첫 수업에 필요하겠죠? 강의 계획서 보니까 진도 나가는 것 같던데... 🥺,0,[]
중국어 flex 쳐보신 분들,"시험 신청할 때 듣기읽기, 말하기, 쓰기로 선택이 가능하던데 제가 듣기읽기로 선택했으면 듣기읽기만 치고 나오는 건가요?

시험 전체 구성을 보니 듣기읽기 120분, 말하기 25분, 쓰기 60분으로 나누어져 있길래 여쭤봅니다!",0,"['넵', '감사합니다~']"
고급중국어(1) webex 링크,"교수님이 webex 링크 올려주셨다고 하시는데
올리신 url은 구글 드라이브 링크 아닌가요?
혹시 webex링크 아시는 분 계세요??ㅠㅠㅠ",0,"['월요일수업이신가요? 목요일수업도 그런 상황이에요..', '월요일 수업이에요!ㅠㅠㅠ 목요일 수업도 링크를 안 올려주셨군요..ㅠㅠ', '금방 링크 올려주셨어요 확인해보셔요!']"
중국음식문화나 대중문화 버리실 분,제발 쪽지좀여ㅠㅠ,0,[]
기초중국어,"양경미 vs 백지훈
시간맞는게 이건데 뭐듣지?",0,['갓지훈']
없겠지만 코퍼스중국어 버리실 분 계세요..?,제발...살려주세요,0,"['코퍼스 잡으셨나요?', '넵!', '다행이네요!!! 수강 정정하려고 결정해서 여쭤봤어요~~', '감사드려요ㅠㅠ 너무 마음이 예쁘시네요 한학기 파이팅합시다💪💪', '쓰니도 화이팅이에요❤']"
중국문명세계문명 버리실분..,없겟죠..,0,[]
중국말소리의구조 vs 중국문명과세계문명,둘 중에 어떤 수업이 더 좋을까요??,0,"['네!!', '시험 대면이나 실시간으로 보시나요?? 녹강으로 오티 들었는데 뭔가 대면시험처럼 느껴져서요...!', '무조건 닥 서한용.... 절평싸강일때 수업 하나도 안 듣고 에이쁠 쌉가능. 전자는 지금 듣고있는데 개노답이네', 'ㅇㅈ 중말소 드랍각', '닥후자.. 서한용교수는 싸강일때 레알 개꿀']"
김태성교수님,중국 말소리의 구조 오티를 못 들었는데 혹시 무슨 말씀 하셨는지 알려주실 분!!!ㅠㅠㅠㅠ,0,"['오티 아직 하는 중입니다', '어진짜요?!?! 혹시 화면도 켜야 하나여', '네', '감사합니다!!']"
중국학대 과잠 원래 검정색이였나?,나 지금까지 남색인 줄 알았는디,0,"['몇학번이세요', '21이요', '16까지 검흰', '이번 21 공구 보니까 검흰인 것 같던데..', '보니까 글씨체만 바꼈던디요', '엥 제 눈에만 검정인가요..?', '그니까 색깔은 몸통 감쟝 팔통 흰색으로 똑같고 글씨체나 자잘한 거만 바뀐듯', '아 16까지 검흰이라고 하셔서 작년엔 검흰 아니였다는 줄 알았어여', '아하 ㅎ 제말은 거슬러 올라가 16••• 기중과 함께 행복한 새내기 생활 되세염', '취소 중언문일 수도 있군요 소모임과함께 ㅋㅋㅋ', '감사합니동ㅎㅎ']"
박흥수 교수님 중국어문법작문 들으시는 분,지금 링크 들어가지나요ㅠㅠ??,0,"['올려주신 링크 직접 치면 들어가져요 ㅠㅠ', '감사합니다 ㅠㅠ 혹시 출석 부르셨나요???', '네넹 그런데 링크땜에 아직 안들어오신 분들 많아서 이따 따로 출석했다고 말씀드리면 댈거같아요', '감사합니다 ㅠㅠ']"
ㅂㅎㅇ 교수님 기초중국어,다들 교재 사셨나요? 그리고 내일 비대면인가요??,0,[]
중국철학과사상 오늘 잡았는데,조별과제 조는 어떻게 편성하는 건가요??,0,"['나도궁금', '알려주시겠지모', '혹시 오티 때 조별발표에 대해 말씀해주신 거 있으신가요??', '앗 이름 비슷한 다른 수업으로 착각했네요..... 죄송함당']"
중급중국어회화 수56교시,"10명 이상이여야 수업이 열린대요ㅠㅠ
조곰만 더 오셨으면 좋겠네유 ..",0,[]
중국말소리구조 실시간 수업인가요??,ㅈㄱㄴ,0,[]
고진아교수님 기초중국어,어떻게해야해요.......이제수업인데 공지가없다니ㅜ,0,"['메일이라두 써볼까요?,,', '한국외대앱에서 제가확인햇는데 좀당황스러움요 잠만요', '지금 교수학습개발원 2402에 계시다는데 .. 강의실로 올수있는사람 있냐고 물어보심...', '저 그런 문자를 못 받았어요 ㅠㅠ']"
이민숙교수님 중국대중문화버리실분,쪽지즈세요,0,[]
서한용 교수님 중국문명세계문명,버리실분 ㅠㅠ제발,0,[]